image,loai,dang,trangthai,split
img002630.jpg,Chuối sáp,Trái,Chín,train
img003284.jpg,Chuối sáp,Trái,Xanh,train
img002611.jpg,Chuối sáp,Trái,Chín,train
img004002.jpg,Chuối xiêm,Buồng,Xanh,train
img003450.jpg,Chuối sáp,Trái,Xanh,train
img003278.jpg,Chuối sáp,Trái,Xanh,train
img001341.jpg,Chuối già,Buồng,Xanh,train
img003383.jpg,Chuối sáp,Trái,Xanh,train
img003394.jpg,Chuối sáp,Trái,Xanh,train
img001853.jpg,Chuối già,Trái,Chín,train
img001215.jpg,Chuối già,Buồng,Xanh,train
img002635.jpg,Chuối sáp,Trái,Chín,train
img000642.jpg,Chuối cau,Trái,Chín,train
img003247.jpg,Chuối sáp,Trái,Xanh,train
img003353.jpg,Chuối sáp,Trái,Xanh,train
img002891.jpg,Chuối sáp,Trái,Chín,train
img001274.jpg,Chuối già,Buồng,Xanh,train
img000546.jpg,Chuối cau,Trái,Chín,train
img002310.jpg,Chuối sáp,Buồng,Xanh,train
img003868.jpg,Chuối xiêm,Buồng,Chín,train
img003886.jpg,Chuối xiêm,Buồng,Chín,train
img003116.jpg,Chuối sáp,Trái,Xanh,train
img001178.jpg,Chuối già,Buồng,Xanh,train
img002522.jpg,Chuối sáp,Nải,Xanh,train
img002751.jpg,Chuối sáp,Trái,Chín,train
img000902.jpg,Chuối cau,Trái,Xanh,train
img002805.jpg,Chuối sáp,Trái,Chín,train
img005201.jpg,Chuối xiêm,Trái,Xanh,train
img001565.jpg,Chuối già,Nải,Chín,train
img002964.jpg,Chuối sáp,Trái,Xanh,train
img002181.jpg,Chuối già,Trái,Xanh,train
img003166.jpg,Chuối sáp,Trái,Xanh,train
img004357.jpg,Chuối xiêm,Trái,Chín,train
img002210.jpg,Chuối già,Trái,Xanh,train
img002135.jpg,Chuối già,Trái,Xanh,train
img001268.jpg,Chuối già,Buồng,Xanh,train
img000353.jpg,Chuối cau,Trái,Chín,train
img003883.jpg,Chuối xiêm,Buồng,Chín,train
img001564.jpg,Chuối già,Nải,Chín,train
img002290.jpg,Chuối sáp,Buồng,Chín,train
img001332.jpg,Chuối già,Buồng,Xanh,train
img001337.jpg,Chuối già,Buồng,Xanh,train
img004082.jpg,Chuối xiêm,Buồng,Xanh,train
img001671.jpg,Chuối già,Trái,Chín,train
img003609.jpg,Chuối táo quạ,Buồng,Xanh,train
img000280.jpg,Chuối cau,Nải,Chín,train
img002040.jpg,Chuối già,Trái,Xanh,train
img001073.jpg,Chuối cau,Trái,Xanh,train
img004006.jpg,Chuối xiêm,Buồng,Xanh,train
img003412.jpg,Chuối sáp,Trái,Xanh,train
img001689.jpg,Chuối già,Trái,Chín,train
img002640.jpg,Chuối sáp,Trái,Chín,train
img004107.jpg,Chuối xiêm,Buồng,Xanh,train
img004473.jpg,Chuối xiêm,Trái,Chín,train
img003872.jpg,Chuối xiêm,Buồng,Chín,train
img004598.jpg,Chuối xiêm,Trái,Chín,train
img003895.jpg,Chuối xiêm,Buồng,Chín,train
img000927.jpg,Chuối cau,Trái,Xanh,train
img000123.jpg,Chuối cau,Buồng,Xanh,train
img000641.jpg,Chuối cau,Trái,Chín,train
img002953.jpg,Chuối sáp,Trái,Chín,train
img000501.jpg,Chuối cau,Trái,Chín,train
img001405.jpg,Chuối già,Buồng,Xanh,train
img002627.jpg,Chuối sáp,Trái,Chín,train
img000226.jpg,Chuối cau,Nải,Chín,train
img001806.jpg,Chuối già,Trái,Chín,train
img003363.jpg,Chuối sáp,Trái,Xanh,train
img004660.jpg,Chuối xiêm,Trái,Xanh,train
img000753.jpg,Chuối cau,Trái,Xanh,train
img000795.jpg,Chuối cau,Trái,Xanh,train
img004344.jpg,Chuối xiêm,Trái,Chín,train
img004497.jpg,Chuối xiêm,Trái,Chín,train
img002234.jpg,Chuối già,Trái,Xanh,train
img004635.jpg,Chuối xiêm,Trái,Chín,train
img002749.jpg,Chuối sáp,Trái,Chín,train
img001302.jpg,Chuối già,Buồng,Xanh,train
img002130.jpg,Chuối già,Trái,Xanh,train
img003042.jpg,Chuối sáp,Trái,Xanh,train
img004322.jpg,Chuối xiêm,Trái,Chín,train
img004582.jpg,Chuối xiêm,Trái,Chín,train
img004913.jpg,Chuối xiêm,Trái,Xanh,train
img002265.jpg,Chuối già,Trái,Xanh,train
img000665.jpg,Chuối cau,Trái,Chín,train
img000821.jpg,Chuối cau,Trái,Xanh,train
img003164.jpg,Chuối sáp,Trái,Xanh,train
img001195.jpg,Chuối già,Buồng,Xanh,train
img004713.jpg,Chuối xiêm,Trái,Xanh,train
img004341.jpg,Chuối xiêm,Trái,Chín,train
img003742.jpg,Chuối táo quạ,Trái,Chín,train
img004697.jpg,Chuối xiêm,Trái,Xanh,train
img001097.jpg,Chuối cau,Trái,Xanh,train
img004790.jpg,Chuối xiêm,Trái,Xanh,train
img000119.jpg,Chuối cau,Buồng,Xanh,train
img002288.jpg,Chuối sáp,Buồng,Chín,train
img001009.jpg,Chuối cau,Trái,Xanh,train
img002306.jpg,Chuối sáp,Buồng,Chín,train
img001811.jpg,Chuối già,Trái,Chín,train
img002696.jpg,Chuối sáp,Trái,Chín,train
img002468.jpg,Chuối sáp,Nải,Chín,train
img002070.jpg,Chuối già,Trái,Xanh,train
img001783.jpg,Chuối già,Trái,Chín,train
img000426.jpg,Chuối cau,Trái,Chín,train
img001927.jpg,Chuối già,Trái,Chín,train
img003524.jpg,Chuối táo quạ,Buồng,Chín,train
img003899.jpg,Chuối xiêm,Buồng,Xanh,train
img000120.jpg,Chuối cau,Buồng,Xanh,train
img005146.jpg,Chuối xiêm,Trái,Xanh,train
img002515.jpg,Chuối sáp,Nải,Xanh,train
img003500.jpg,Chuối sáp,Trái,Xanh,train
img000273.jpg,Chuối cau,Nải,Chín,train
img000807.jpg,Chuối cau,Trái,Xanh,train
img003059.jpg,Chuối sáp,Trái,Xanh,train
img000132.jpg,Chuối cau,Buồng,Xanh,train
img003824.jpg,Chuối xiêm,Buồng,Chín,train
img001325.jpg,Chuối già,Buồng,Xanh,train
img002996.jpg,Chuối sáp,Trái,Xanh,train
img000711.jpg,Chuối cau,Trái,Chín,train
img000028.jpg,Chuối cau,Buồng,Chín,train
img002513.jpg,Chuối sáp,Nải,Xanh,train
img000466.jpg,Chuối cau,Trái,Chín,train
img000281.jpg,Chuối cau,Nải,Chín,train
img000588.jpg,Chuối cau,Trái,Chín,train
img001767.jpg,Chuối già,Trái,Chín,train
img004543.jpg,Chuối xiêm,Trái,Chín,train
img003612.jpg,Chuối táo quạ,Buồng,Xanh,train
img001494.jpg,Chuối già,Nải,Chín,train
img002413.jpg,Chuối sáp,Nải,Chín,train
img003386.jpg,Chuối sáp,Trái,Xanh,train
img004362.jpg,Chuối xiêm,Trái,Chín,train
img003254.jpg,Chuối sáp,Trái,Xanh,train
img003917.jpg,Chuối xiêm,Buồng,Xanh,train
img003996.jpg,Chuối xiêm,Buồng,Xanh,train
img001004.jpg,Chuối cau,Trái,Xanh,train
img000936.jpg,Chuối cau,Trái,Xanh,train
img004437.jpg,Chuối xiêm,Trái,Chín,train
img000009.jpg,Chuối cau,Buồng,Chín,train
img004799.jpg,Chuối xiêm,Trái,Xanh,train
img002603.jpg,Chuối sáp,Trái,Chín,train
img000851.jpg,Chuối cau,Trái,Xanh,train
img001048.jpg,Chuối cau,Trái,Xanh,train
img004010.jpg,Chuối xiêm,Buồng,Xanh,train
img000610.jpg,Chuối cau,Trái,Chín,train
img003584.jpg,Chuối táo quạ,Buồng,Xanh,train
img005024.jpg,Chuối xiêm,Trái,Xanh,train
img001786.jpg,Chuối già,Trái,Chín,train
img002691.jpg,Chuối sáp,Trái,Chín,train
img003966.jpg,Chuối xiêm,Buồng,Xanh,train
img003444.jpg,Chuối sáp,Trái,Xanh,train
img005035.jpg,Chuối xiêm,Trái,Xanh,train
img004546.jpg,Chuối xiêm,Trái,Chín,train
img000149.jpg,Chuối cau,Buồng,Xanh,train
img005045.jpg,Chuối xiêm,Trái,Xanh,train
img003391.jpg,Chuối sáp,Trái,Xanh,train
img004120.jpg,Chuối xiêm,Buồng,Xanh,train
img001216.jpg,Chuối già,Buồng,Xanh,train
img002098.jpg,Chuối già,Trái,Xanh,train
img000771.jpg,Chuối cau,Trái,Xanh,train
img004889.jpg,Chuối xiêm,Trái,Xanh,train
img004825.jpg,Chuối xiêm,Trái,Xanh,train
img004594.jpg,Chuối xiêm,Trái,Chín,train
img002772.jpg,Chuối sáp,Trái,Chín,train
img002256.jpg,Chuối già,Trái,Xanh,train
img002269.jpg,Chuối già,Trái,Xanh,train
img002679.jpg,Chuối sáp,Trái,Chín,train
img002955.jpg,Chuối sáp,Trái,Chín,train
img004211.jpg,Chuối xiêm,Nải,Chín,train
img005171.jpg,Chuối xiêm,Trái,Xanh,train
img002634.jpg,Chuối sáp,Trái,Chín,train
img000295.jpg,Chuối cau,Nải,Xanh,train
img001717.jpg,Chuối già,Trái,Chín,train
img000954.jpg,Chuối cau,Trái,Xanh,train
img000431.jpg,Chuối cau,Trái,Chín,train
img002549.jpg,Chuối sáp,Nải,Xanh,train
img002211.jpg,Chuối già,Trái,Xanh,train
img003395.jpg,Chuối sáp,Trái,Xanh,train
img002035.jpg,Chuối già,Trái,Xanh,train
img000941.jpg,Chuối cau,Trái,Xanh,train
img005094.jpg,Chuối xiêm,Trái,Xanh,train
img000704.jpg,Chuối cau,Trái,Chín,train
img001394.jpg,Chuối già,Buồng,Xanh,train
img000750.jpg,Chuối cau,Trái,Chín,train
img002763.jpg,Chuối sáp,Trái,Chín,train
img001363.jpg,Chuối già,Buồng,Xanh,train
img004407.jpg,Chuối xiêm,Trái,Chín,train
img000837.jpg,Chuối cau,Trái,Xanh,train
img000818.jpg,Chuối cau,Trái,Xanh,train
img004377.jpg,Chuối xiêm,Trái,Chín,train
img004987.jpg,Chuối xiêm,Trái,Xanh,train
img004924.jpg,Chuối xiêm,Trái,Xanh,train
img005003.jpg,Chuối xiêm,Trái,Xanh,train
img001243.jpg,Chuối già,Buồng,Xanh,train
img003794.jpg,Chuối táo quạ,Trái,Xanh,train
img004572.jpg,Chuối xiêm,Trái,Chín,train
img001297.jpg,Chuối già,Buồng,Xanh,train
img003696.jpg,Chuối táo quạ,Nải,Xanh,train
img000459.jpg,Chuối cau,Trái,Chín,train
img001095.jpg,Chuối cau,Trái,Xanh,train
img004182.jpg,Chuối xiêm,Nải,Chín,train
img004870.jpg,Chuối xiêm,Trái,Xanh,train
img002375.jpg,Chuối sáp,Buồng,Xanh,train
img001944.jpg,Chuối già,Trái,Chín,train
img003919.jpg,Chuối xiêm,Buồng,Xanh,train
img002812.jpg,Chuối sáp,Trái,Chín,train
img001303.jpg,Chuối già,Buồng,Xanh,train
img003641.jpg,Chuối táo quạ,Nải,Chín,train
img004858.jpg,Chuối xiêm,Trái,Xanh,train
img004774.jpg,Chuối xiêm,Trái,Xanh,train
img003894.jpg,Chuối xiêm,Buồng,Chín,train
img004426.jpg,Chuối xiêm,Trái,Chín,train
img000791.jpg,Chuối cau,Trái,Xanh,train
img001757.jpg,Chuối già,Trái,Chín,train
img003165.jpg,Chuối sáp,Trái,Xanh,train
img001251.jpg,Chuối già,Buồng,Xanh,train
img001841.jpg,Chuối già,Trái,Chín,train
img002278.jpg,Chuối sáp,Buồng,Chín,train
img004862.jpg,Chuối xiêm,Trái,Xanh,train
img004490.jpg,Chuối xiêm,Trái,Chín,train
img001200.jpg,Chuối già,Buồng,Xanh,train
img003926.jpg,Chuối xiêm,Buồng,Xanh,train
img001213.jpg,Chuối già,Buồng,Xanh,train
img002700.jpg,Chuối sáp,Trái,Chín,train
img001538.jpg,Chuối già,Nải,Chín,train
img004165.jpg,Chuối xiêm,Nải,Chín,train
img000906.jpg,Chuối cau,Trái,Xanh,train
img002885.jpg,Chuối sáp,Trái,Chín,train
img004388.jpg,Chuối xiêm,Trái,Chín,train
img002334.jpg,Chuối sáp,Buồng,Xanh,train
img001688.jpg,Chuối già,Trái,Chín,train
img001578.jpg,Chuối già,Nải,Xanh,train
img002429.jpg,Chuối sáp,Nải,Chín,train
img003914.jpg,Chuối xiêm,Buồng,Xanh,train
img002943.jpg,Chuối sáp,Trái,Chín,train
img002790.jpg,Chuối sáp,Trái,Chín,train
img000997.jpg,Chuối cau,Trái,Xanh,train
img001413.jpg,Chuối già,Buồng,Xanh,train
img000098.jpg,Chuối cau,Buồng,Xanh,train
img000607.jpg,Chuối cau,Trái,Chín,train
img000667.jpg,Chuối cau,Trái,Chín,train
img003935.jpg,Chuối xiêm,Buồng,Xanh,train
img002820.jpg,Chuối sáp,Trái,Chín,train
img001911.jpg,Chuối già,Trái,Chín,train
img002460.jpg,Chuối sáp,Nải,Chín,train
img004420.jpg,Chuối xiêm,Trái,Chín,train
img003167.jpg,Chuối sáp,Trái,Xanh,train
img001310.jpg,Chuối già,Buồng,Xanh,train
img004537.jpg,Chuối xiêm,Trái,Chín,train
img003790.jpg,Chuối táo quạ,Trái,Xanh,train
img001105.jpg,Chuối cau,Trái,Xanh,train
img002957.jpg,Chuối sáp,Trái,Chín,train
img003222.jpg,Chuối sáp,Trái,Xanh,train
img003397.jpg,Chuối sáp,Trái,Xanh,train
img000472.jpg,Chuối cau,Trái,Chín,train
img003797.jpg,Chuối táo quạ,Trái,Xanh,train
img003787.jpg,Chuối táo quạ,Trái,Xanh,train
img002061.jpg,Chuối già,Trái,Xanh,train
img003232.jpg,Chuối sáp,Trái,Xanh,train
img005016.jpg,Chuối xiêm,Trái,Xanh,train
img001500.jpg,Chuối già,Nải,Chín,train
img000200.jpg,Chuối cau,Nải,Chín,train
img002587.jpg,Chuối sáp,Trái,Chín,train
img002492.jpg,Chuối sáp,Nải,Xanh,train
img004180.jpg,Chuối xiêm,Nải,Chín,train
img003903.jpg,Chuối xiêm,Buồng,Xanh,train
img002216.jpg,Chuối già,Trái,Xanh,train
img004965.jpg,Chuối xiêm,Trái,Xanh,train
img001492.jpg,Chuối già,Nải,Chín,train
img004982.jpg,Chuối xiêm,Trái,Xanh,train
img000014.jpg,Chuối cau,Buồng,Chín,train
img001236.jpg,Chuối già,Buồng,Xanh,train
img004784.jpg,Chuối xiêm,Trái,Xanh,train
img003772.jpg,Chuối táo quạ,Trái,Chín,train
img003520.jpg,Chuối táo quạ,Buồng,Chín,train
img001583.jpg,Chuối già,Nải,Xanh,train
img002506.jpg,Chuối sáp,Nải,Xanh,train
img000075.jpg,Chuối cau,Buồng,Xanh,train
img002370.jpg,Chuối sáp,Buồng,Xanh,train
img004845.jpg,Chuối xiêm,Trái,Xanh,train
img004591.jpg,Chuối xiêm,Trái,Chín,train
img000079.jpg,Chuối cau,Buồng,Xanh,train
img000085.jpg,Chuối cau,Buồng,Xanh,train
img004587.jpg,Chuối xiêm,Trái,Chín,train
img002617.jpg,Chuối sáp,Trái,Chín,train
img005186.jpg,Chuối xiêm,Trái,Xanh,train
img004876.jpg,Chuối xiêm,Trái,Xanh,train
img002302.jpg,Chuối sáp,Buồng,Chín,train
img000713.jpg,Chuối cau,Trái,Chín,train
img003351.jpg,Chuối sáp,Trái,Xanh,train
img003248.jpg,Chuối sáp,Trái,Xanh,train
img004601.jpg,Chuối xiêm,Trái,Chín,train
img000155.jpg,Chuối cau,Buồng,Xanh,train
img000592.jpg,Chuối cau,Trái,Chín,train
img003451.jpg,Chuối sáp,Trái,Xanh,train
img005101.jpg,Chuối xiêm,Trái,Xanh,train
img003563.jpg,Chuối táo quạ,Buồng,Xanh,train
img002689.jpg,Chuối sáp,Trái,Chín,train
img004681.jpg,Chuối xiêm,Trái,Xanh,train
img002146.jpg,Chuối già,Trái,Xanh,train
img004959.jpg,Chuối xiêm,Trái,Xanh,train
img000227.jpg,Chuối cau,Nải,Chín,train
img000248.jpg,Chuối cau,Nải,Chín,train
img000170.jpg,Chuối cau,Nải,Chín,train
img001943.jpg,Chuối già,Trái,Chín,train
img000048.jpg,Chuối cau,Buồng,Xanh,train
img001699.jpg,Chuối già,Trái,Chín,train
img001530.jpg,Chuối già,Nải,Chín,train
img001540.jpg,Chuối già,Nải,Chín,train
img003093.jpg,Chuối sáp,Trái,Xanh,train
img002690.jpg,Chuối sáp,Trái,Chín,train
img002565.jpg,Chuối sáp,Trái,Chín,train
img004159.jpg,Chuối xiêm,Nải,Chín,train
img002548.jpg,Chuối sáp,Nải,Xanh,train
img000371.jpg,Chuối cau,Trái,Chín,train
img000233.jpg,Chuối cau,Nải,Chín,train
img003815.jpg,Chuối táo quạ,Trái,Xanh,train
img001673.jpg,Chuối già,Trái,Chín,train
img001542.jpg,Chuối già,Nải,Chín,train
img002087.jpg,Chuối già,Trái,Xanh,train
img000471.jpg,Chuối cau,Trái,Chín,train
img002348.jpg,Chuối sáp,Buồng,Xanh,train
img001708.jpg,Chuối già,Trái,Chín,train
img000512.jpg,Chuối cau,Trái,Chín,train
img001984.jpg,Chuối già,Trái,Chín,train
img005144.jpg,Chuối xiêm,Trái,Xanh,train
img001740.jpg,Chuối già,Trái,Chín,train
img003235.jpg,Chuối sáp,Trái,Xanh,train
img003491.jpg,Chuối sáp,Trái,Xanh,train
img002374.jpg,Chuối sáp,Buồng,Xanh,train
img003916.jpg,Chuối xiêm,Buồng,Xanh,train
img000648.jpg,Chuối cau,Trái,Chín,train
img000263.jpg,Chuối cau,Nải,Chín,train
img002055.jpg,Chuối già,Trái,Xanh,train
img001270.jpg,Chuối già,Buồng,Xanh,train
img004580.jpg,Chuối xiêm,Trái,Chín,train
img004814.jpg,Chuối xiêm,Trái,Xanh,train
img003880.jpg,Chuối xiêm,Buồng,Chín,train
img000003.jpg,Chuối cau,Buồng,Chín,train
img004948.jpg,Chuối xiêm,Trái,Xanh,train
img002011.jpg,Chuối già,Trái,Chín,train
img001401.jpg,Chuối già,Buồng,Xanh,train
img003203.jpg,Chuối sáp,Trái,Xanh,train
img002264.jpg,Chuối già,Trái,Xanh,train
img003942.jpg,Chuối xiêm,Buồng,Xanh,train
img002002.jpg,Chuối già,Trái,Chín,train
img001761.jpg,Chuối già,Trái,Chín,train
img004623.jpg,Chuối xiêm,Trái,Chín,train
img000921.jpg,Chuối cau,Trái,Xanh,train
img001228.jpg,Chuối già,Buồng,Xanh,train
img003054.jpg,Chuối sáp,Trái,Xanh,train
img004126.jpg,Chuối xiêm,Buồng,Xanh,train
img003514.jpg,Chuối sáp,Trái,Xanh,train
img001112.jpg,Chuối cau,Trái,Xanh,train
img004655.jpg,Chuối xiêm,Trái,Xanh,train
img000424.jpg,Chuối cau,Trái,Chín,train
img001748.jpg,Chuối già,Trái,Chín,train
img001902.jpg,Chuối già,Trái,Chín,train
img004955.jpg,Chuối xiêm,Trái,Xanh,train
img002380.jpg,Chuối sáp,Buồng,Xanh,train
img002706.jpg,Chuối sáp,Trái,Chín,train
img001529.jpg,Chuối già,Nải,Chín,train
img001415.jpg,Chuối già,Buồng,Xanh,train
img000289.jpg,Chuối cau,Nải,Chín,train
img002533.jpg,Chuối sáp,Nải,Xanh,train
img000216.jpg,Chuối cau,Nải,Chín,train
img002849.jpg,Chuối sáp,Trái,Chín,train
img001474.jpg,Chuối già,Nải,Chín,train
img003825.jpg,Chuối xiêm,Buồng,Chín,train
img001970.jpg,Chuối già,Trái,Chín,train
img000727.jpg,Chuối cau,Trái,Chín,train
img003123.jpg,Chuối sáp,Trái,Xanh,train
img002979.jpg,Chuối sáp,Trái,Xanh,train
img004206.jpg,Chuối xiêm,Nải,Chín,train
img002324.jpg,Chuối sáp,Buồng,Xanh,train
img001381.jpg,Chuối già,Buồng,Xanh,train
img004411.jpg,Chuối xiêm,Trái,Chín,train
img003982.jpg,Chuối xiêm,Buồng,Xanh,train
img001123.jpg,Chuối cau,Trái,Xanh,train
img004755.jpg,Chuối xiêm,Trái,Xanh,train
img001306.jpg,Chuối già,Buồng,Xanh,train
img003968.jpg,Chuối xiêm,Buồng,Xanh,train
img001842.jpg,Chuối già,Trái,Chín,train
img001514.jpg,Chuối già,Nải,Chín,train
img000792.jpg,Chuối cau,Trái,Xanh,train
img001971.jpg,Chuối già,Trái,Chín,train
img003404.jpg,Chuối sáp,Trái,Xanh,train
img001990.jpg,Chuối già,Trái,Chín,train
img003662.jpg,Chuối táo quạ,Nải,Chín,train
img004834.jpg,Chuối xiêm,Trái,Xanh,train
img004730.jpg,Chuối xiêm,Trái,Xanh,train
img001785.jpg,Chuối già,Trái,Chín,train
img004722.jpg,Chuối xiêm,Trái,Xanh,train
img000786.jpg,Chuối cau,Trái,Xanh,train
img004629.jpg,Chuối xiêm,Trái,Chín,train
img003331.jpg,Chuối sáp,Trái,Xanh,train
img003931.jpg,Chuối xiêm,Buồng,Xanh,train
img004530.jpg,Chuối xiêm,Trái,Chín,train
img000555.jpg,Chuối cau,Trái,Chín,train
img000720.jpg,Chuối cau,Trái,Chín,train
img002074.jpg,Chuối già,Trái,Xanh,train
img003758.jpg,Chuối táo quạ,Trái,Chín,train
img003558.jpg,Chuối táo quạ,Buồng,Xanh,train
img000438.jpg,Chuối cau,Trái,Chín,train
img000268.jpg,Chuối cau,Nải,Chín,train
img004189.jpg,Chuối xiêm,Nải,Chín,train
img001503.jpg,Chuối già,Nải,Chín,train
img000250.jpg,Chuối cau,Nải,Chín,train
img004602.jpg,Chuối xiêm,Trái,Chín,train
img004945.jpg,Chuối xiêm,Trái,Xanh,train
img002817.jpg,Chuối sáp,Trái,Chín,train
img002372.jpg,Chuối sáp,Buồng,Xanh,train
img001294.jpg,Chuối già,Buồng,Xanh,train
img003718.jpg,Chuối táo quạ,Nải,Xanh,train
img003149.jpg,Chuối sáp,Trái,Xanh,train
img004277.jpg,Chuối xiêm,Nải,Xanh,train
img003486.jpg,Chuối sáp,Trái,Xanh,train
img003669.jpg,Chuối táo quạ,Nải,Chín,train
img001624.jpg,Chuối già,Nải,Xanh,train
img000482.jpg,Chuối cau,Trái,Chín,train
img001678.jpg,Chuối già,Trái,Chín,train
img004766.jpg,Chuối xiêm,Trái,Xanh,train
img000910.jpg,Chuối cau,Trái,Xanh,train
img000380.jpg,Chuối cau,Trái,Chín,train
img001625.jpg,Chuối già,Nải,Xanh,train
img001845.jpg,Chuối già,Trái,Chín,train
img003721.jpg,Chuối táo quạ,Nải,Xanh,train
img003780.jpg,Chuối táo quạ,Trái,Xanh,train
img000514.jpg,Chuối cau,Trái,Chín,train
img002512.jpg,Chuối sáp,Nải,Xanh,train
img002225.jpg,Chuối già,Trái,Xanh,train
img003680.jpg,Chuối táo quạ,Nải,Xanh,train
img003258.jpg,Chuối sáp,Trái,Xanh,train
img003765.jpg,Chuối táo quạ,Trái,Chín,train
img003018.jpg,Chuối sáp,Trái,Xanh,train
img002718.jpg,Chuối sáp,Trái,Chín,train
img002433.jpg,Chuối sáp,Nải,Chín,train
img001896.jpg,Chuối già,Trái,Chín,train
img001566.jpg,Chuối già,Nải,Chín,train
img000305.jpg,Chuối cau,Nải,Xanh,train
img004132.jpg,Chuối xiêm,Buồng,Xanh,train
img002385.jpg,Chuối sáp,Buồng,Xanh,train
img004802.jpg,Chuối xiêm,Trái,Xanh,train
img004294.jpg,Chuối xiêm,Trái,Chín,train
img000470.jpg,Chuối cau,Trái,Chín,train
img004688.jpg,Chuối xiêm,Trái,Xanh,train
img004882.jpg,Chuối xiêm,Trái,Xanh,train
img000844.jpg,Chuối cau,Trái,Xanh,train
img001290.jpg,Chuối già,Buồng,Xanh,train
img002142.jpg,Chuối già,Trái,Xanh,train
img000526.jpg,Chuối cau,Trái,Chín,train
img004170.jpg,Chuối xiêm,Nải,Chín,train
img004564.jpg,Chuối xiêm,Trái,Chín,train
img000367.jpg,Chuối cau,Trái,Chín,train
img002657.jpg,Chuối sáp,Trái,Chín,train
img003399.jpg,Chuối sáp,Trái,Xanh,train
img002482.jpg,Chuối sáp,Nải,Xanh,train
img002444.jpg,Chuối sáp,Nải,Chín,train
img004678.jpg,Chuối xiêm,Trái,Xanh,train
img000190.jpg,Chuối cau,Nải,Chín,train
img000763.jpg,Chuối cau,Trái,Xanh,train
img002021.jpg,Chuối già,Trái,Xanh,train
img000377.jpg,Chuối cau,Trái,Chín,train
img003881.jpg,Chuối xiêm,Buồng,Chín,train
img000960.jpg,Chuối cau,Trái,Xanh,train
img003832.jpg,Chuối xiêm,Buồng,Chín,train
img001561.jpg,Chuối già,Nải,Chín,train
img003530.jpg,Chuối táo quạ,Buồng,Chín,train
img000313.jpg,Chuối cau,Nải,Xanh,train
img003076.jpg,Chuối sáp,Trái,Xanh,train
img001166.jpg,Chuối già,Buồng,Xanh,train
img004795.jpg,Chuối xiêm,Trái,Xanh,train
img005107.jpg,Chuối xiêm,Trái,Xanh,train
img005104.jpg,Chuối xiêm,Trái,Xanh,train
img002544.jpg,Chuối sáp,Nải,Xanh,train
img002921.jpg,Chuối sáp,Trái,Chín,train
img000093.jpg,Chuối cau,Buồng,Xanh,train
img003113.jpg,Chuối sáp,Trái,Xanh,train
img003495.jpg,Chuối sáp,Trái,Xanh,train
img004576.jpg,Chuối xiêm,Trái,Chín,train
img001106.jpg,Chuối cau,Trái,Xanh,train
img004880.jpg,Chuối xiêm,Trái,Xanh,train
img004624.jpg,Chuối xiêm,Trái,Chín,train
img001135.jpg,Chuối già,Buồng,Chín,train
img000754.jpg,Chuối cau,Trái,Xanh,train
img001605.jpg,Chuối già,Nải,Xanh,train
img001923.jpg,Chuối già,Trái,Chín,train
img002606.jpg,Chuối sáp,Trái,Chín,train
img003870.jpg,Chuối xiêm,Buồng,Chín,train
img001695.jpg,Chuối già,Trái,Chín,train
img001998.jpg,Chuối già,Trái,Chín,train
img000018.jpg,Chuối cau,Buồng,Chín,train
img002094.jpg,Chuối già,Trái,Xanh,train
img002188.jpg,Chuối già,Trái,Xanh,train
img002927.jpg,Chuối sáp,Trái,Chín,train
img000383.jpg,Chuối cau,Trái,Chín,train
img003553.jpg,Chuối táo quạ,Buồng,Xanh,train
img004973.jpg,Chuối xiêm,Trái,Xanh,train
img000480.jpg,Chuối cau,Trái,Chín,train
img001003.jpg,Chuối cau,Trái,Xanh,train
img001571.jpg,Chuối già,Nải,Chín,train
img003227.jpg,Chuối sáp,Trái,Xanh,train
img002480.jpg,Chuối sáp,Nải,Xanh,train
img002643.jpg,Chuối sáp,Trái,Chín,train
img002813.jpg,Chuối sáp,Trái,Chín,train
img004696.jpg,Chuối xiêm,Trái,Xanh,train
img002043.jpg,Chuối già,Trái,Xanh,train
img004105.jpg,Chuối xiêm,Buồng,Xanh,train
img002920.jpg,Chuối sáp,Trái,Chín,train
img001661.jpg,Chuối già,Nải,Xanh,train
img001831.jpg,Chuối già,Trái,Chín,train
img001918.jpg,Chuối già,Trái,Chín,train
img004079.jpg,Chuối xiêm,Buồng,Xanh,train
img003493.jpg,Chuối sáp,Trái,Xanh,train
img004272.jpg,Chuối xiêm,Nải,Xanh,train
img001871.jpg,Chuối già,Trái,Chín,train
img002078.jpg,Chuối già,Trái,Xanh,train
img004121.jpg,Chuối xiêm,Buồng,Xanh,train
img002170.jpg,Chuối già,Trái,Xanh,train
img000525.jpg,Chuối cau,Trái,Chín,train
img004562.jpg,Chuối xiêm,Trái,Chín,train
img003357.jpg,Chuối sáp,Trái,Xanh,train
img000017.jpg,Chuối cau,Buồng,Chín,train
img000068.jpg,Chuối cau,Buồng,Xanh,train
img001959.jpg,Chuối già,Trái,Chín,train
img000388.jpg,Chuối cau,Trái,Chín,train
img002622.jpg,Chuối sáp,Trái,Chín,train
img001169.jpg,Chuối già,Buồng,Xanh,train
img003073.jpg,Chuối sáp,Trái,Xanh,train
img003484.jpg,Chuối sáp,Trái,Xanh,train
img003384.jpg,Chuối sáp,Trái,Xanh,train
img004097.jpg,Chuối xiêm,Buồng,Xanh,train
img004389.jpg,Chuối xiêm,Trái,Chín,train
img003616.jpg,Chuối táo quạ,Buồng,Xanh,train
img003592.jpg,Chuối táo quạ,Buồng,Xanh,train
img005184.jpg,Chuối xiêm,Trái,Xanh,train
img003120.jpg,Chuối sáp,Trái,Xanh,train
img001854.jpg,Chuối già,Trái,Chín,train
img004012.jpg,Chuối xiêm,Buồng,Xanh,train
img001672.jpg,Chuối già,Trái,Chín,train
img003855.jpg,Chuối xiêm,Buồng,Chín,train
img003574.jpg,Chuối táo quạ,Buồng,Xanh,train
img000534.jpg,Chuối cau,Trái,Chín,train
img001030.jpg,Chuối cau,Trái,Xanh,train
img000811.jpg,Chuối cau,Trái,Xanh,train
img001612.jpg,Chuối già,Nải,Xanh,train
img003550.jpg,Chuối táo quạ,Buồng,Xanh,train
img005075.jpg,Chuối xiêm,Trái,Xanh,train
img003974.jpg,Chuối xiêm,Buồng,Xanh,train
img003492.jpg,Chuối sáp,Trái,Xanh,train
img001601.jpg,Chuối già,Nải,Xanh,train
img004565.jpg,Chuối xiêm,Trái,Chín,train
img004406.jpg,Chuối xiêm,Trái,Chín,train
img001054.jpg,Chuối cau,Trái,Xanh,train
img004219.jpg,Chuối xiêm,Nải,Chín,train
img001140.jpg,Chuối già,Buồng,Chín,train
img001379.jpg,Chuối già,Buồng,Xanh,train
img001155.jpg,Chuối già,Buồng,Xanh,train
img002676.jpg,Chuối sáp,Trái,Chín,train
img003294.jpg,Chuối sáp,Trái,Xanh,train
img001120.jpg,Chuối cau,Trái,Xanh,train
img001576.jpg,Chuối già,Nải,Xanh,train
img000891.jpg,Chuối cau,Trái,Xanh,train
img001595.jpg,Chuối già,Nải,Xanh,train
img000433.jpg,Chuối cau,Trái,Chín,train
img002185.jpg,Chuối già,Trái,Xanh,train
img000675.jpg,Chuối cau,Trái,Chín,train
img002613.jpg,Chuối sáp,Trái,Chín,train
img000517.jpg,Chuối cau,Trái,Chín,train
img001572.jpg,Chuối già,Nải,Xanh,train
img002561.jpg,Chuối sáp,Nải,Xanh,train
img002871.jpg,Chuối sáp,Trái,Chín,train
img004603.jpg,Chuối xiêm,Trái,Chín,train
img001255.jpg,Chuối già,Buồng,Xanh,train
img004255.jpg,Chuối xiêm,Nải,Xanh,train
img001805.jpg,Chuối già,Trái,Chín,train
img002299.jpg,Chuối sáp,Buồng,Chín,train
img004081.jpg,Chuối xiêm,Buồng,Xanh,train
img001434.png,Chuối già,Buồng,Xanh,train
img001719.jpg,Chuối già,Trái,Chín,train
img004810.jpg,Chuối xiêm,Trái,Xanh,train
img001374.jpg,Chuối già,Buồng,Xanh,train
img004682.jpg,Chuối xiêm,Trái,Xanh,train
img001317.jpg,Chuối già,Buồng,Xanh,train
img002961.jpg,Chuối sáp,Trái,Xanh,train
img002834.jpg,Chuối sáp,Trái,Chín,train
img004653.jpg,Chuối xiêm,Trái,Xanh,train
img004368.jpg,Chuối xiêm,Trái,Chín,train
img002830.jpg,Chuối sáp,Trái,Chín,train
img001043.jpg,Chuối cau,Trái,Xanh,train
img002248.jpg,Chuối già,Trái,Xanh,train
img004747.jpg,Chuối xiêm,Trái,Xanh,train
img002093.jpg,Chuối già,Trái,Xanh,train
img002793.jpg,Chuối sáp,Trái,Chín,train
img000005.jpg,Chuối cau,Buồng,Chín,train
img000770.jpg,Chuối cau,Trái,Xanh,train
img003323.jpg,Chuối sáp,Trái,Xanh,train
img004298.jpg,Chuối xiêm,Trái,Chín,train
img004756.jpg,Chuối xiêm,Trái,Xanh,train
img001420.jpg,Chuối già,Buồng,Xanh,train
img004458.jpg,Chuối xiêm,Trái,Chín,train
img003379.jpg,Chuối sáp,Trái,Xanh,train
img005199.jpg,Chuối xiêm,Trái,Xanh,train
img000087.jpg,Chuối cau,Buồng,Xanh,train
img001812.jpg,Chuối già,Trái,Chín,train
img000451.jpg,Chuối cau,Trái,Chín,train
img001760.jpg,Chuối già,Trái,Chín,train
img003101.jpg,Chuối sáp,Trái,Xanh,train
img004166.jpg,Chuối xiêm,Nải,Chín,train
img000156.jpg,Chuối cau,Buồng,Xanh,train
img002341.jpg,Chuối sáp,Buồng,Xanh,train
img001712.jpg,Chuối già,Trái,Chín,train
img003178.jpg,Chuối sáp,Trái,Xanh,train
img004972.jpg,Chuối xiêm,Trái,Xanh,train
img005014.jpg,Chuối xiêm,Trái,Xanh,train
img000738.jpg,Chuối cau,Trái,Chín,train
img000437.jpg,Chuối cau,Trái,Chín,train
img003439.jpg,Chuối sáp,Trái,Xanh,train
img002013.jpg,Chuối già,Trái,Chín,train
img000585.jpg,Chuối cau,Trái,Chín,train
img004764.jpg,Chuối xiêm,Trái,Xanh,train
img002893.jpg,Chuối sáp,Trái,Chín,train
img000479.jpg,Chuối cau,Trái,Chín,train
img004934.jpg,Chuối xiêm,Trái,Xanh,train
img000831.jpg,Chuối cau,Trái,Xanh,train
img000379.jpg,Chuối cau,Trái,Chín,train
img004419.jpg,Chuối xiêm,Trái,Chín,train
img002787.jpg,Chuối sáp,Trái,Chín,train
img002745.jpg,Chuối sáp,Trái,Chín,train
img001681.jpg,Chuối già,Trái,Chín,train
img004208.jpg,Chuối xiêm,Nải,Chín,train
img001449.jpg,Chuối già,Nải,Chín,train
img003335.jpg,Chuối sáp,Trái,Xanh,train
img001956.jpg,Chuối già,Trái,Chín,train
img001995.jpg,Chuối già,Trái,Chín,train
img002183.jpg,Chuối già,Trái,Xanh,train
img002332.jpg,Chuối sáp,Buồng,Xanh,train
img001396.jpg,Chuối già,Buồng,Xanh,train
img003783.jpg,Chuối táo quạ,Trái,Xanh,train
img005043.jpg,Chuối xiêm,Trái,Xanh,train
img003437.jpg,Chuối sáp,Trái,Xanh,train
img005106.jpg,Chuối xiêm,Trái,Xanh,train
img002345.jpg,Chuối sáp,Buồng,Xanh,train
img003367.jpg,Chuối sáp,Trái,Xanh,train
img003549.jpg,Chuối táo quạ,Buồng,Xanh,train
img001163.jpg,Chuối già,Buồng,Xanh,train
img004021.jpg,Chuối xiêm,Buồng,Xanh,train
img000951.jpg,Chuối cau,Trái,Xanh,train
img002407.png,Chuối sáp,Buồng,Xanh,train
img005159.jpg,Chuối xiêm,Trái,Xanh,train
img003928.jpg,Chuối xiêm,Buồng,Xanh,train
img004927.jpg,Chuối xiêm,Trái,Xanh,train
img003125.jpg,Chuối sáp,Trái,Xanh,train
img002386.jpg,Chuối sáp,Buồng,Xanh,train
img004190.jpg,Chuối xiêm,Nải,Chín,train
img000847.jpg,Chuối cau,Trái,Xanh,train
img002118.jpg,Chuối già,Trái,Xanh,train
img000817.jpg,Chuối cau,Trái,Xanh,train
img004781.jpg,Chuối xiêm,Trái,Xanh,train
img003850.jpg,Chuối xiêm,Buồng,Chín,train
img001801.jpg,Chuối già,Trái,Chín,train
img004001.jpg,Chuối xiêm,Buồng,Xanh,train
img000934.jpg,Chuối cau,Trái,Xanh,train
img002879.jpg,Chuối sáp,Trái,Chín,train
img003052.jpg,Chuối sáp,Trái,Xanh,train
img000587.jpg,Chuối cau,Trái,Chín,train
img001096.jpg,Chuối cau,Trái,Xanh,train
img001729.jpg,Chuối già,Trái,Chín,train
img001068.jpg,Chuối cau,Trái,Xanh,train
img001276.jpg,Chuối già,Buồng,Xanh,train
img003324.jpg,Chuối sáp,Trái,Xanh,train
img002273.jpg,Chuối già,Trái,Xanh,train
img000612.jpg,Chuối cau,Trái,Chín,train
img002437.jpg,Chuối sáp,Nải,Chín,train
img001668.jpg,Chuối già,Nải,Xanh,train
img004200.jpg,Chuối xiêm,Nải,Chín,train
img000213.jpg,Chuối cau,Nải,Chín,train
img004626.jpg,Chuối xiêm,Trái,Chín,train
img000894.jpg,Chuối cau,Trái,Xanh,train
img004944.jpg,Chuối xiêm,Trái,Xanh,train
img004356.jpg,Chuối xiêm,Trái,Chín,train
img002423.jpg,Chuối sáp,Nải,Chín,train
img005038.jpg,Chuối xiêm,Trái,Xanh,train
img004593.jpg,Chuối xiêm,Trái,Chín,train
img002759.jpg,Chuối sáp,Trái,Chín,train
img004679.jpg,Chuối xiêm,Trái,Xanh,train
img002654.jpg,Chuối sáp,Trái,Chín,train
img000644.jpg,Chuối cau,Trái,Chín,train
img003015.jpg,Chuối sáp,Trái,Xanh,train
img001682.jpg,Chuối già,Trái,Chín,train
img002069.jpg,Chuối già,Trái,Xanh,train
img003826.jpg,Chuối xiêm,Buồng,Chín,train
img000854.jpg,Chuối cau,Trái,Xanh,train
img000765.jpg,Chuối cau,Trái,Xanh,train
img000333.jpg,Chuối cau,Nải,Xanh,train
img002958.jpg,Chuối sáp,Trái,Chín,train
img004996.jpg,Chuối xiêm,Trái,Xanh,train
img002131.jpg,Chuối già,Trái,Xanh,train
img002822.jpg,Chuối sáp,Trái,Chín,train
img000314.jpg,Chuối cau,Nải,Xanh,train
img004433.jpg,Chuối xiêm,Trái,Chín,train
img000698.jpg,Chuối cau,Trái,Chín,train
img004885.jpg,Chuối xiêm,Trái,Xanh,train
img000260.jpg,Chuối cau,Nải,Chín,train
img000382.jpg,Chuối cau,Trái,Chín,train
img001151.jpg,Chuối già,Buồng,Xanh,train
img003369.jpg,Chuối sáp,Trái,Xanh,train
img000843.jpg,Chuối cau,Trái,Xanh,train
img002895.jpg,Chuối sáp,Trái,Chín,train
img000453.jpg,Chuối cau,Trái,Chín,train
img004436.jpg,Chuối xiêm,Trái,Chín,train
img000219.jpg,Chuối cau,Nải,Chín,train
img003286.jpg,Chuối sáp,Trái,Xanh,train
img001920.jpg,Chuối già,Trái,Chín,train
img002558.jpg,Chuối sáp,Nải,Xanh,train
img001399.jpg,Chuối già,Buồng,Xanh,train
img005008.jpg,Chuối xiêm,Trái,Xanh,train
img002658.jpg,Chuối sáp,Trái,Chín,train
img004355.jpg,Chuối xiêm,Trái,Chín,train
img005025.jpg,Chuối xiêm,Trái,Xanh,train
img000175.jpg,Chuối cau,Nải,Chín,train
img004373.jpg,Chuối xiêm,Trái,Chín,train
img000116.jpg,Chuối cau,Buồng,Xanh,train
img001366.jpg,Chuối già,Buồng,Xanh,train
img003250.jpg,Chuối sáp,Trái,Xanh,train
img004914.jpg,Chuối xiêm,Trái,Xanh,train
img003474.jpg,Chuối sáp,Trái,Xanh,train
img004346.jpg,Chuối xiêm,Trái,Chín,train
img002638.jpg,Chuối sáp,Trái,Chín,train
img003213.jpg,Chuối sáp,Trái,Xanh,train
img000338.jpg,Chuối cau,Nải,Xanh,train
img004710.jpg,Chuối xiêm,Trái,Xanh,train
img004475.jpg,Chuối xiêm,Trái,Chín,train
img002415.jpg,Chuối sáp,Nải,Chín,train
img003118.jpg,Chuối sáp,Trái,Xanh,train
img004140.jpg,Chuối xiêm,Buồng,Xanh,train
img000718.jpg,Chuối cau,Trái,Chín,train
img000773.jpg,Chuối cau,Trái,Xanh,train
img000239.jpg,Chuối cau,Nải,Chín,train
img002850.jpg,Chuối sáp,Trái,Chín,train
img002765.jpg,Chuối sáp,Trái,Chín,train
img001644.jpg,Chuối già,Nải,Xanh,train
img003460.jpg,Chuối sáp,Trái,Xanh,train
img002520.jpg,Chuối sáp,Nải,Xanh,train
img003473.jpg,Chuối sáp,Trái,Xanh,train
img004762.jpg,Chuối xiêm,Trái,Xanh,train
img000776.jpg,Chuối cau,Trái,Xanh,train
img003681.jpg,Chuối táo quạ,Nải,Xanh,train
img002101.jpg,Chuối già,Trái,Xanh,train
img000021.jpg,Chuối cau,Buồng,Chín,train
img002912.jpg,Chuối sáp,Trái,Chín,train
img003756.jpg,Chuối táo quạ,Trái,Chín,train
img005165.jpg,Chuối xiêm,Trái,Xanh,train
img000187.jpg,Chuối cau,Nải,Chín,train
img005110.jpg,Chuối xiêm,Trái,Xanh,train
img003392.jpg,Chuối sáp,Trái,Xanh,train
img001345.jpg,Chuối già,Buồng,Xanh,train
img004503.jpg,Chuối xiêm,Trái,Chín,train
img003643.jpg,Chuối táo quạ,Nải,Chín,train
img004953.jpg,Chuối xiêm,Trái,Xanh,train
img000059.jpg,Chuối cau,Buồng,Xanh,train
img001258.jpg,Chuối già,Buồng,Xanh,train
img003087.jpg,Chuối sáp,Trái,Xanh,train
img002917.jpg,Chuối sáp,Trái,Chín,train
img003343.jpg,Chuối sáp,Trái,Xanh,train
img000502.jpg,Chuối cau,Trái,Chín,train
img003523.jpg,Chuối táo quạ,Buồng,Chín,train
img000715.jpg,Chuối cau,Trái,Chín,train
img004207.jpg,Chuối xiêm,Nải,Chín,train
img003497.jpg,Chuối sáp,Trái,Xanh,train
img003402.jpg,Chuối sáp,Trái,Xanh,train
img004249.jpg,Chuối xiêm,Nải,Chín,train
img003094.jpg,Chuối sáp,Trái,Xanh,train
img004160.jpg,Chuối xiêm,Nải,Chín,train
img003600.jpg,Chuối táo quạ,Buồng,Xanh,train
img002851.jpg,Chuối sáp,Trái,Chín,train
img005092.jpg,Chuối xiêm,Trái,Xanh,train
img000867.jpg,Chuối cau,Trái,Xanh,train
img003593.jpg,Chuối táo quạ,Buồng,Xanh,train
img003050.jpg,Chuối sáp,Trái,Xanh,train
img000055.jpg,Chuối cau,Buồng,Xanh,train
img004726.jpg,Chuối xiêm,Trái,Xanh,train
img004141.png,Chuối xiêm,Buồng,Xanh,train
img000030.jpg,Chuối cau,Buồng,Chín,train
img004586.jpg,Chuối xiêm,Trái,Chín,train
img004007.jpg,Chuối xiêm,Buồng,Xanh,train
img001190.jpg,Chuối già,Buồng,Xanh,train
img000047.jpg,Chuối cau,Buồng,Xanh,train
img005183.jpg,Chuối xiêm,Trái,Xanh,train
img002854.jpg,Chuối sáp,Trái,Chín,train
img003368.jpg,Chuối sáp,Trái,Xanh,train
img002582.jpg,Chuối sáp,Trái,Chín,train
img004768.jpg,Chuối xiêm,Trái,Xanh,train
img003084.jpg,Chuối sáp,Trái,Xanh,train
img001696.jpg,Chuối già,Trái,Chín,train
img003645.jpg,Chuối táo quạ,Nải,Chín,train
img005109.jpg,Chuối xiêm,Trái,Xanh,train
img001635.jpg,Chuối già,Nải,Xanh,train
img004522.jpg,Chuối xiêm,Trái,Chín,train
img001993.jpg,Chuối già,Trái,Chín,train
img001536.jpg,Chuối già,Nải,Chín,train
img005111.jpg,Chuối xiêm,Trái,Xanh,train
img003380.jpg,Chuối sáp,Trái,Xanh,train
img004536.jpg,Chuối xiêm,Trái,Chín,train
img003652.jpg,Chuối táo quạ,Nải,Chín,train
img005071.jpg,Chuối xiêm,Trái,Xanh,train
img001055.jpg,Chuối cau,Trái,Xanh,train
img004674.jpg,Chuối xiêm,Trái,Xanh,train
img002012.jpg,Chuối già,Trái,Chín,train
img002778.jpg,Chuối sáp,Trái,Chín,train
img004394.jpg,Chuối xiêm,Trái,Chín,train
img001875.jpg,Chuối già,Trái,Chín,train
img002065.jpg,Chuối già,Trái,Xanh,train
img002519.jpg,Chuối sáp,Nải,Xanh,train
img003017.jpg,Chuối sáp,Trái,Xanh,train
img000089.jpg,Chuối cau,Buồng,Xanh,train
img002232.jpg,Chuối già,Trái,Xanh,train
img005167.jpg,Chuối xiêm,Trái,Xanh,train
img001627.jpg,Chuối già,Nải,Xanh,train
img001926.jpg,Chuối già,Trái,Chín,train
img000998.jpg,Chuối cau,Trái,Xanh,train
img002208.jpg,Chuối già,Trái,Xanh,train
img000943.jpg,Chuối cau,Trái,Xanh,train
img000211.jpg,Chuối cau,Nải,Chín,train
img001679.jpg,Chuối già,Trái,Chín,train
img003847.jpg,Chuối xiêm,Buồng,Chín,train
img000929.jpg,Chuối cau,Trái,Xanh,train
img002396.jpg,Chuối sáp,Buồng,Xanh,train
img000559.jpg,Chuối cau,Trái,Chín,train
img000420.jpg,Chuối cau,Trái,Chín,train
img002708.jpg,Chuối sáp,Trái,Chín,train
img002227.jpg,Chuối già,Trái,Xanh,train
img003639.jpg,Chuối táo quạ,Nải,Chín,train
img000440.jpg,Chuối cau,Trái,Chín,train
img002670.jpg,Chuối sáp,Trái,Chín,train
img004881.jpg,Chuối xiêm,Trái,Xanh,train
img003857.jpg,Chuối xiêm,Buồng,Chín,train
img002835.jpg,Chuối sáp,Trái,Chín,train
img000100.jpg,Chuối cau,Buồng,Xanh,train
img001617.jpg,Chuối già,Nải,Xanh,train
img003946.jpg,Chuối xiêm,Buồng,Xanh,train
img001723.jpg,Chuối già,Trái,Chín,train
img001618.jpg,Chuối già,Nải,Xanh,train
img003760.jpg,Chuối táo quạ,Trái,Chín,train
img003494.jpg,Chuối sáp,Trái,Xanh,train
img001050.jpg,Chuối cau,Trái,Xanh,train
img004128.jpg,Chuối xiêm,Buồng,Xanh,train
img000904.jpg,Chuối cau,Trái,Xanh,train
img001615.jpg,Chuối già,Nải,Xanh,train
img004808.jpg,Chuối xiêm,Trái,Xanh,train
img001224.jpg,Chuối già,Buồng,Xanh,train
img002967.jpg,Chuối sáp,Trái,Xanh,train
img004637.jpg,Chuối xiêm,Trái,Chín,train
img000933.jpg,Chuối cau,Trái,Xanh,train
img002346.jpg,Chuối sáp,Buồng,Xanh,train
img003748.jpg,Chuối táo quạ,Trái,Chín,train
img000812.jpg,Chuối cau,Trái,Xanh,train
img001104.jpg,Chuối cau,Trái,Xanh,train
img004232.jpg,Chuối xiêm,Nải,Chín,train
img005083.jpg,Chuối xiêm,Trái,Xanh,train
img001706.jpg,Chuối già,Trái,Chín,train
img000909.jpg,Chuối cau,Trái,Xanh,train
img001977.jpg,Chuối già,Trái,Chín,train
img000603.jpg,Chuối cau,Trái,Chín,train
img000995.jpg,Chuối cau,Trái,Xanh,train
img000732.jpg,Chuối cau,Trái,Chín,train
img003280.jpg,Chuối sáp,Trái,Xanh,train
img003355.jpg,Chuối sáp,Trái,Xanh,train
img004614.jpg,Chuối xiêm,Trái,Chín,train
img001763.jpg,Chuối già,Trái,Chín,train
img003962.jpg,Chuối xiêm,Buồng,Xanh,train
img001146.jpg,Chuối già,Buồng,Chín,train
img000828.jpg,Chuối cau,Trái,Xanh,train
img004198.jpg,Chuối xiêm,Nải,Chín,train
img001456.jpg,Chuối già,Nải,Chín,train
img000535.jpg,Chuối cau,Trái,Chín,train
img004145.png,Chuối xiêm,Buồng,Xanh,train
img001346.jpg,Chuối già,Buồng,Xanh,train
img001238.jpg,Chuối già,Buồng,Xanh,train
img000990.jpg,Chuối cau,Trái,Xanh,train
img004566.jpg,Chuối xiêm,Trái,Chín,train
img002842.jpg,Chuối sáp,Trái,Chín,train
img001893.jpg,Chuối già,Trái,Chín,train
img000731.jpg,Chuối cau,Trái,Chín,train
img003976.jpg,Chuối xiêm,Buồng,Xanh,train
img001397.jpg,Chuối già,Buồng,Xanh,train
img002203.jpg,Chuối già,Trái,Xanh,train
img005033.jpg,Chuối xiêm,Trái,Xanh,train
img001739.jpg,Chuối già,Trái,Chín,train
img004648.jpg,Chuối xiêm,Trái,Xanh,train
img002106.jpg,Chuối già,Trái,Xanh,train
img004952.jpg,Chuối xiêm,Trái,Xanh,train
img000521.jpg,Chuối cau,Trái,Chín,train
img000569.jpg,Chuối cau,Trái,Chín,train
img004318.jpg,Chuối xiêm,Trái,Chín,train
img001153.jpg,Chuối già,Buồng,Xanh,train
img000270.jpg,Chuối cau,Nải,Chín,train
img002647.jpg,Chuối sáp,Trái,Chín,train
img001651.jpg,Chuối già,Nải,Xanh,train
img004273.jpg,Chuối xiêm,Nải,Xanh,train
img002569.jpg,Chuối sáp,Trái,Chín,train
img003687.jpg,Chuối táo quạ,Nải,Xanh,train
img001364.jpg,Chuối già,Buồng,Xanh,train
img005136.jpg,Chuối xiêm,Trái,Xanh,train
img004297.jpg,Chuối xiêm,Trái,Chín,train
img000681.jpg,Chuối cau,Trái,Chín,train
img000848.jpg,Chuối cau,Trái,Xanh,train
img004153.png,Chuối xiêm,Buồng,Xanh,train
img001339.jpg,Chuối già,Buồng,Xanh,train
img000205.jpg,Chuối cau,Nải,Chín,train
img004822.jpg,Chuối xiêm,Trái,Xanh,train
img003775.jpg,Chuối táo quạ,Trái,Chín,train
img000764.jpg,Chuối cau,Trái,Xanh,train
img004400.jpg,Chuối xiêm,Trái,Chín,train
img002500.jpg,Chuối sáp,Nải,Xanh,train
img001586.jpg,Chuối già,Nải,Xanh,train
img000157.jpg,Chuối cau,Buồng,Xanh,train
img001834.jpg,Chuối già,Trái,Chín,train
img000329.jpg,Chuối cau,Nải,Xanh,train
img004689.jpg,Chuối xiêm,Trái,Xanh,train
img003562.jpg,Chuối táo quạ,Buồng,Xanh,train
img003644.jpg,Chuối táo quạ,Nải,Chín,train
img001869.jpg,Chuối già,Trái,Chín,train
img004925.jpg,Chuối xiêm,Trái,Xanh,train
img000373.jpg,Chuối cau,Trái,Chín,train
img001631.jpg,Chuối già,Nải,Xanh,train
img004048.jpg,Chuối xiêm,Buồng,Xanh,train
img004106.jpg,Chuối xiêm,Buồng,Xanh,train
img001201.jpg,Chuối già,Buồng,Xanh,train
img000743.jpg,Chuối cau,Trái,Chín,train
img002102.jpg,Chuối già,Trái,Xanh,train
img002198.jpg,Chuối già,Trái,Xanh,train
img004589.jpg,Chuối xiêm,Trái,Chín,train
img003882.jpg,Chuối xiêm,Buồng,Chín,train
img003172.jpg,Chuối sáp,Trái,Xanh,train
img002079.jpg,Chuối già,Trái,Xanh,train
img004037.jpg,Chuối xiêm,Buồng,Xanh,train
img000595.jpg,Chuối cau,Trái,Chín,train
img002073.jpg,Chuối già,Trái,Xanh,train
img002338.jpg,Chuối sáp,Buồng,Xanh,train
img005006.jpg,Chuối xiêm,Trái,Xanh,train
img002158.jpg,Chuối già,Trái,Xanh,train
img000159.jpg,Chuối cau,Buồng,Xanh,train
img003078.jpg,Chuối sáp,Trái,Xanh,train
img001818.jpg,Chuối già,Trái,Chín,train
img004375.jpg,Chuối xiêm,Trái,Chín,train
img004270.jpg,Chuối xiêm,Nải,Xanh,train
img001149.jpg,Chuối già,Buồng,Xanh,train
img000375.jpg,Chuối cau,Trái,Chín,train
img004360.jpg,Chuối xiêm,Trái,Chín,train
img000915.jpg,Chuối cau,Trái,Xanh,train
img003591.jpg,Chuối táo quạ,Buồng,Xanh,train
img003014.jpg,Chuối sáp,Trái,Xanh,train
img001493.jpg,Chuối già,Nải,Chín,train
img003700.jpg,Chuối táo quạ,Nải,Xanh,train
img003777.jpg,Chuối táo quạ,Trái,Chín,train
img000897.jpg,Chuối cau,Trái,Xanh,train
img002723.jpg,Chuối sáp,Trái,Chín,train
img004269.jpg,Chuối xiêm,Nải,Xanh,train
img003306.jpg,Chuối sáp,Trái,Xanh,train
img002692.jpg,Chuối sáp,Trái,Chín,train
img000626.jpg,Chuối cau,Trái,Chín,train
img002152.jpg,Chuối già,Trái,Xanh,train
img002037.jpg,Chuối già,Trái,Xanh,train
img003279.jpg,Chuối sáp,Trái,Xanh,train
img000898.jpg,Chuối cau,Trái,Xanh,train
img004466.jpg,Chuối xiêm,Trái,Chín,train
img003117.jpg,Chuối sáp,Trái,Xanh,train
img004395.jpg,Chuối xiêm,Trái,Chín,train
img001103.jpg,Chuối cau,Trái,Xanh,train
img000670.jpg,Chuối cau,Trái,Chín,train
img000337.jpg,Chuối cau,Nải,Xanh,train
img003793.jpg,Chuối táo quạ,Trái,Xanh,train
img005040.jpg,Chuối xiêm,Trái,Xanh,train
img004499.jpg,Chuối xiêm,Trái,Chín,train
img001736.jpg,Chuối già,Trái,Chín,train
img002112.jpg,Chuối già,Trái,Xanh,train
img005117.jpg,Chuối xiêm,Trái,Xanh,train
img001372.jpg,Chuối già,Buồng,Xanh,train
img001184.jpg,Chuối già,Buồng,Xanh,train
img000923.jpg,Chuối cau,Trái,Xanh,train
img000989.jpg,Chuối cau,Trái,Xanh,train
img004234.jpg,Chuối xiêm,Nải,Chín,train
img004758.jpg,Chuối xiêm,Trái,Xanh,train
img002015.jpg,Chuối già,Trái,Chín,train
img004468.jpg,Chuối xiêm,Trái,Chín,train
img000926.jpg,Chuối cau,Trái,Xanh,train
img002531.jpg,Chuối sáp,Nải,Xanh,train
img001852.jpg,Chuối già,Trái,Chín,train
img003079.jpg,Chuối sáp,Trái,Xanh,train
img004829.jpg,Chuối xiêm,Trái,Xanh,train
img000276.jpg,Chuối cau,Nải,Chín,train
img001825.jpg,Chuối già,Trái,Chín,train
img000759.jpg,Chuối cau,Trái,Xanh,train
img003606.jpg,Chuối táo quạ,Buồng,Xanh,train
img003920.jpg,Chuối xiêm,Buồng,Xanh,train
img000449.jpg,Chuối cau,Trái,Chín,train
img003908.jpg,Chuối xiêm,Buồng,Xanh,train
img003791.jpg,Chuối táo quạ,Trái,Xanh,train
img003463.jpg,Chuối sáp,Trái,Xanh,train
img003292.jpg,Chuối sáp,Trái,Xanh,train
img004366.jpg,Chuối xiêm,Trái,Chín,train
img004641.jpg,Chuối xiêm,Trái,Chín,train
img004843.jpg,Chuối xiêm,Trái,Xanh,train
img004720.jpg,Chuối xiêm,Trái,Xanh,train
img002705.jpg,Chuối sáp,Trái,Chín,train
img003296.jpg,Chuối sáp,Trái,Xanh,train
img002322.jpg,Chuối sáp,Buồng,Xanh,train
img001654.jpg,Chuối già,Nải,Xanh,train
img002739.jpg,Chuối sáp,Trái,Chín,train
img002567.jpg,Chuối sáp,Trái,Chín,train
img002839.jpg,Chuối sáp,Trái,Chín,train
img005050.jpg,Chuối xiêm,Trái,Xanh,train
img002124.jpg,Chuối già,Trái,Xanh,train
img002366.jpg,Chuối sáp,Buồng,Xanh,train
img003401.jpg,Chuối sáp,Trái,Xanh,train
img000413.jpg,Chuối cau,Trái,Chín,train
img002016.jpg,Chuối già,Trái,Xanh,train
img002794.jpg,Chuối sáp,Trái,Chín,train
img000567.jpg,Chuối cau,Trái,Chín,train
img001541.jpg,Chuối già,Nải,Chín,train
img001206.jpg,Chuối già,Buồng,Xanh,train
img004630.jpg,Chuối xiêm,Trái,Chín,train
img001725.jpg,Chuối già,Trái,Chín,train
img004807.jpg,Chuối xiêm,Trái,Xanh,train
img001985.jpg,Chuối già,Trái,Chín,train
img003544.jpg,Chuối táo quạ,Buồng,Xanh,train
img001925.jpg,Chuối già,Trái,Chín,train
img003890.jpg,Chuối xiêm,Buồng,Chín,train
img000457.jpg,Chuối cau,Trái,Chín,train
img002491.jpg,Chuối sáp,Nải,Xanh,train
img003737.jpg,Chuối táo quạ,Trái,Chín,train
img004604.jpg,Chuối xiêm,Trái,Chín,train
img002189.jpg,Chuối già,Trái,Xanh,train
img004857.jpg,Chuối xiêm,Trái,Xanh,train
img002667.jpg,Chuối sáp,Trái,Chín,train
img002982.jpg,Chuối sáp,Trái,Xanh,train
img002006.jpg,Chuối già,Trái,Chín,train
img003613.jpg,Chuối táo quạ,Buồng,Xanh,train
img003875.jpg,Chuối xiêm,Buồng,Chín,train
img002027.jpg,Chuối già,Trái,Xanh,train
img000231.jpg,Chuối cau,Nải,Chín,train
img000232.jpg,Chuối cau,Nải,Chín,train
img002770.jpg,Chuối sáp,Trái,Chín,train
img002255.jpg,Chuối già,Trái,Xanh,train
img000002.jpg,Chuối cau,Buồng,Chín,train
img003956.jpg,Chuối xiêm,Buồng,Xanh,train
img001934.jpg,Chuối già,Trái,Chín,train
img001620.jpg,Chuối già,Nải,Xanh,train
img004775.jpg,Chuối xiêm,Trái,Xanh,train
img003408.jpg,Chuối sáp,Trái,Xanh,train
img000625.jpg,Chuối cau,Trái,Chín,train
img001745.jpg,Chuối già,Trái,Chín,train
img003181.jpg,Chuối sáp,Trái,Xanh,train
img000300.jpg,Chuối cau,Nải,Xanh,train
img001750.jpg,Chuối già,Trái,Chín,train
img000619.jpg,Chuối cau,Trái,Chín,train
img004384.jpg,Chuối xiêm,Trái,Chín,train
img000178.jpg,Chuối cau,Nải,Chín,train
img001384.jpg,Chuối già,Buồng,Xanh,train
img000249.jpg,Chuối cau,Nải,Chín,train
img000554.jpg,Chuối cau,Trái,Chín,train
img001996.jpg,Chuối già,Trái,Chín,train
img003316.jpg,Chuối sáp,Trái,Xanh,train
img002563.jpg,Chuối sáp,Nải,Xanh,train
img000880.jpg,Chuối cau,Trái,Xanh,train
img000734.jpg,Chuối cau,Trái,Chín,train
img000742.jpg,Chuối cau,Trái,Chín,train
img001234.jpg,Chuối già,Buồng,Xanh,train
img003698.jpg,Chuối táo quạ,Nải,Xanh,train
img002276.jpg,Chuối già,Trái,Xanh,train
img001463.jpg,Chuối già,Nải,Chín,train
img002758.jpg,Chuối sáp,Trái,Chín,train
img003620.png,Chuối táo quạ,Buồng,Xanh,train
img001848.png,Chuối già,Trái,Chín,train
img001193.jpg,Chuối già,Buồng,Xanh,train
img001531.jpg,Chuối già,Nải,Chín,train
img003762.jpg,Chuối táo quạ,Trái,Chín,train
img004036.jpg,Chuối xiêm,Buồng,Xanh,train
img001950.jpg,Chuối già,Trái,Chín,train
img004327.jpg,Chuối xiêm,Trái,Chín,train
img001235.jpg,Chuối già,Buồng,Xanh,train
img002535.jpg,Chuối sáp,Nải,Xanh,train
img004815.jpg,Chuối xiêm,Trái,Xanh,train
img001567.jpg,Chuối già,Nải,Chín,train
img004423.jpg,Chuối xiêm,Trái,Chín,train
img000841.jpg,Chuối cau,Trái,Xanh,train
img002683.jpg,Chuối sáp,Trái,Chín,train
img004040.jpg,Chuối xiêm,Buồng,Xanh,train
img002993.jpg,Chuối sáp,Trái,Xanh,train
img000344.jpg,Chuối cau,Nải,Xanh,train
img003030.jpg,Chuối sáp,Trái,Xanh,train
img002905.jpg,Chuối sáp,Trái,Chín,train
img003072.jpg,Chuối sáp,Trái,Xanh,train
img004979.jpg,Chuối xiêm,Trái,Xanh,train
img003819.jpg,Chuối táo quạ,Trái,Xanh,train
img004818.jpg,Chuối xiêm,Trái,Xanh,train
img004290.jpg,Chuối xiêm,Nải,Xanh,train
img001194.jpg,Chuối già,Buồng,Xanh,train
img000027.jpg,Chuối cau,Buồng,Chín,train
img001608.jpg,Chuối già,Nải,Xanh,train
img001568.png,Chuối già,Nải,Chín,train
img003729.jpg,Chuối táo quạ,Nải,Xanh,train
img004069.jpg,Chuối xiêm,Buồng,Xanh,train
img000277.jpg,Chuối cau,Nải,Chín,train
img005022.jpg,Chuối xiêm,Trái,Xanh,train
img001623.jpg,Chuối già,Nải,Xanh,train
img004445.jpg,Chuối xiêm,Trái,Chín,train
img001900.jpg,Chuối già,Trái,Chín,train
img004918.jpg,Chuối xiêm,Trái,Xanh,train
img003913.jpg,Chuối xiêm,Buồng,Xanh,train
img004004.jpg,Chuối xiêm,Buồng,Xanh,train
img003476.jpg,Chuối sáp,Trái,Xanh,train
img001768.jpg,Chuối già,Trái,Chín,train
img000878.jpg,Chuối cau,Trái,Xanh,train
img002719.jpg,Chuối sáp,Trái,Chín,train
img003751.jpg,Chuối táo quạ,Trái,Chín,train
img001957.jpg,Chuối già,Trái,Chín,train
img003846.jpg,Chuối xiêm,Buồng,Chín,train
img001963.jpg,Chuối già,Trái,Chín,train
img001252.jpg,Chuối già,Buồng,Xanh,train
img001772.jpg,Chuối già,Trái,Chín,train
img002639.jpg,Chuối sáp,Trái,Chín,train
img004354.jpg,Chuối xiêm,Trái,Chín,train
img002945.jpg,Chuối sáp,Trái,Chín,train
img000761.jpg,Chuối cau,Trái,Xanh,train
img000511.jpg,Chuối cau,Trái,Chín,train
img002317.jpg,Chuối sáp,Buồng,Xanh,train
img000309.jpg,Chuối cau,Nải,Xanh,train
img000556.jpg,Chuối cau,Trái,Chín,train
img004073.jpg,Chuối xiêm,Buồng,Xanh,train
img003533.jpg,Chuối táo quạ,Buồng,Xanh,train
img002848.jpg,Chuối sáp,Trái,Chín,train
img000739.jpg,Chuối cau,Trái,Chín,train
img004611.jpg,Chuối xiêm,Trái,Chín,train
img000935.jpg,Chuối cau,Trái,Xanh,train
img001441.jpg,Chuối già,Nải,Chín,train
img001362.jpg,Chuối già,Buồng,Xanh,train
img001730.jpg,Chuối già,Trái,Chín,train
img003803.jpg,Chuối táo quạ,Trái,Xanh,train
img004553.jpg,Chuối xiêm,Trái,Chín,train
img000984.jpg,Chuối cau,Trái,Xanh,train
img000331.jpg,Chuối cau,Nải,Xanh,train
img004662.jpg,Chuối xiêm,Trái,Xanh,train
img001551.jpg,Chuối già,Nải,Chín,train
img001330.jpg,Chuối già,Buồng,Xanh,train
img000816.jpg,Chuối cau,Trái,Xanh,train
img004401.jpg,Chuối xiêm,Trái,Chín,train
img004874.jpg,Chuối xiêm,Trái,Xanh,train
img001012.jpg,Chuối cau,Trái,Xanh,train
img005172.jpg,Chuối xiêm,Trái,Xanh,train
img003657.jpg,Chuối táo quạ,Nải,Chín,train
img001319.jpg,Chuối già,Buồng,Xanh,train
img000053.jpg,Chuối cau,Buồng,Xanh,train
img003354.jpg,Chuối sáp,Trái,Xanh,train
img002114.jpg,Chuối già,Trái,Xanh,train
img001769.jpg,Chuối già,Trái,Chín,train
img003056.jpg,Chuối sáp,Trái,Xanh,train
img004197.jpg,Chuối xiêm,Nải,Chín,train
img000303.jpg,Chuối cau,Nải,Xanh,train
img000039.jpg,Chuối cau,Buồng,Xanh,train
img001648.jpg,Chuối già,Nải,Xanh,train
img000565.jpg,Chuối cau,Trái,Chín,train
img002270.jpg,Chuối già,Trái,Xanh,train
img004792.jpg,Chuối xiêm,Trái,Xanh,train
img000258.jpg,Chuối cau,Nải,Chín,train
img002091.jpg,Chuối già,Trái,Xanh,train
img002838.jpg,Chuối sáp,Trái,Chín,train
img001516.jpg,Chuối già,Nải,Chín,train
img003688.jpg,Chuối táo quạ,Nải,Xanh,train
img000145.jpg,Chuối cau,Buồng,Xanh,train
img000037.jpg,Chuối cau,Buồng,Xanh,train
img001373.jpg,Chuối già,Buồng,Xanh,train
img002662.jpg,Chuối sáp,Trái,Chín,train
img003525.jpg,Chuối táo quạ,Buồng,Chín,train
img003196.jpg,Chuối sáp,Trái,Xanh,train
img001091.jpg,Chuối cau,Trái,Xanh,train
img001726.jpg,Chuối già,Trái,Chín,train
img004890.jpg,Chuối xiêm,Trái,Xanh,train
img002488.jpg,Chuối sáp,Nải,Xanh,train
img000672.jpg,Chuối cau,Trái,Chín,train
img004125.jpg,Chuối xiêm,Buồng,Xanh,train
img000184.jpg,Chuối cau,Nải,Chín,train
img000130.jpg,Chuối cau,Buồng,Xanh,train
img004895.jpg,Chuối xiêm,Trái,Xanh,train
img001808.jpg,Chuối già,Trái,Chín,train
img000148.jpg,Chuối cau,Buồng,Xanh,train
img005076.jpg,Chuối xiêm,Trái,Xanh,train
img001822.jpg,Chuối già,Trái,Chín,train
img005187.jpg,Chuối xiêm,Trái,Xanh,train
img002033.jpg,Chuối già,Trái,Xanh,train
img000363.jpg,Chuối cau,Trái,Chín,train
img002827.jpg,Chuối sáp,Trái,Chín,train
img005010.jpg,Chuối xiêm,Trái,Xanh,train
img003583.jpg,Chuối táo quạ,Buồng,Xanh,train
img002459.jpg,Chuối sáp,Nải,Chín,train
img002092.jpg,Chuối già,Trái,Xanh,train
img003898.jpg,Chuối xiêm,Buồng,Xanh,train
img000153.jpg,Chuối cau,Buồng,Xanh,train
img004907.jpg,Chuối xiêm,Trái,Xanh,train
img002939.jpg,Chuối sáp,Trái,Chín,train
img000528.jpg,Chuối cau,Trái,Chín,train
img000568.jpg,Chuối cau,Trái,Chín,train
img000513.jpg,Chuối cau,Trái,Chín,train
img000078.jpg,Chuối cau,Buồng,Xanh,train
img001418.jpg,Chuối già,Buồng,Xanh,train
img001498.jpg,Chuối già,Nải,Chín,train
img004080.jpg,Chuối xiêm,Buồng,Xanh,train
img000208.jpg,Chuối cau,Nải,Chín,train
img002771.jpg,Chuối sáp,Trái,Chín,train
img001771.jpg,Chuối già,Trái,Chín,train
img000196.jpg,Chuối cau,Nải,Chín,train
img004698.jpg,Chuối xiêm,Trái,Xanh,train
img001175.jpg,Chuối già,Buồng,Xanh,train
img004671.jpg,Chuối xiêm,Trái,Xanh,train
img004563.jpg,Chuối xiêm,Trái,Chín,train
img004092.jpg,Chuối xiêm,Buồng,Xanh,train
img004531.jpg,Chuối xiêm,Trái,Chín,train
img000414.jpg,Chuối cau,Trái,Chín,train
img003909.jpg,Chuối xiêm,Buồng,Xanh,train
img001952.jpg,Chuối già,Trái,Chín,train
img002447.jpg,Chuối sáp,Nải,Chín,train
img002010.jpg,Chuối già,Trái,Chín,train
img000991.jpg,Chuối cau,Trái,Xanh,train
img003679.jpg,Chuối táo quạ,Nải,Xanh,train
img003900.jpg,Chuối xiêm,Buồng,Xanh,train
img004003.jpg,Chuối xiêm,Buồng,Xanh,train
img004158.jpg,Chuối xiêm,Nải,Chín,train
img004328.jpg,Chuối xiêm,Trái,Chín,train
img001093.jpg,Chuối cau,Trái,Xanh,train
img001388.jpg,Chuối già,Buồng,Xanh,train
img002532.jpg,Chuối sáp,Nải,Xanh,train
img000405.jpg,Chuối cau,Trái,Chín,train
img000778.jpg,Chuối cau,Trái,Xanh,train
img004915.jpg,Chuối xiêm,Trái,Xanh,train
img000467.jpg,Chuối cau,Trái,Chín,train
img002847.jpg,Chuối sáp,Trái,Chín,train
img004988.jpg,Chuối xiêm,Trái,Xanh,train
img004578.jpg,Chuối xiêm,Trái,Chín,train
img000685.jpg,Chuối cau,Trái,Chín,train
img002088.jpg,Chuối già,Trái,Xanh,train
img004498.jpg,Chuối xiêm,Trái,Chín,train
img001949.jpg,Chuối già,Trái,Chín,train
img003771.jpg,Chuối táo quạ,Trái,Chín,train
img002584.jpg,Chuối sáp,Trái,Chín,train
img001641.jpg,Chuối già,Nải,Xanh,train
img001430.png,Chuối già,Buồng,Xanh,train
img000051.jpg,Chuối cau,Buồng,Xanh,train
img003051.jpg,Chuối sáp,Trái,Xanh,train
img003528.jpg,Chuối táo quạ,Buồng,Chín,train
img002360.jpg,Chuối sáp,Buồng,Xanh,train
img004524.jpg,Chuối xiêm,Trái,Chín,train
img003216.jpg,Chuối sáp,Trái,Xanh,train
img002155.jpg,Chuối già,Trái,Xanh,train
img004428.jpg,Chuối xiêm,Trái,Chín,train
img001466.jpg,Chuối già,Nải,Chín,train
img000970.jpg,Chuối cau,Trái,Xanh,train
img000892.jpg,Chuối cau,Trái,Xanh,train
img000343.jpg,Chuối cau,Nải,Xanh,train
img002972.jpg,Chuối sáp,Trái,Xanh,train
img000982.jpg,Chuối cau,Trái,Xanh,train
img001553.jpg,Chuối già,Nải,Chín,train
img004842.jpg,Chuối xiêm,Trái,Xanh,train
img002505.jpg,Chuối sáp,Nải,Xanh,train
img001989.jpg,Chuối già,Trái,Chín,train
img002129.jpg,Chuối già,Trái,Xanh,train
img002609.jpg,Chuối sáp,Trái,Chín,train
img004636.jpg,Chuối xiêm,Trái,Chín,train
img002432.jpg,Chuối sáp,Nải,Chín,train
img004086.jpg,Chuối xiêm,Buồng,Xanh,train
img002108.jpg,Chuối già,Trái,Xanh,train
img000858.jpg,Chuối cau,Trái,Xanh,train
img004238.jpg,Chuối xiêm,Nải,Chín,train
img002282.jpg,Chuối sáp,Buồng,Chín,train
img003746.jpg,Chuối táo quạ,Trái,Chín,train
img002570.jpg,Chuối sáp,Trái,Chín,train
img004483.jpg,Chuối xiêm,Trái,Chín,train
img004146.png,Chuối xiêm,Buồng,Xanh,train
img005004.jpg,Chuối xiêm,Trái,Xanh,train
img003499.jpg,Chuối sáp,Trái,Xanh,train
img002018.jpg,Chuối già,Trái,Xanh,train
img000173.jpg,Chuối cau,Nải,Chín,train
img001743.jpg,Chuối già,Trái,Chín,train
img002408.png,Chuối sáp,Buồng,Xanh,train
img000907.jpg,Chuối cau,Trái,Xanh,train
img000016.jpg,Chuối cau,Buồng,Chín,train
img004500.jpg,Chuối xiêm,Trái,Chín,train
img002217.jpg,Chuối già,Trái,Xanh,train
img003003.jpg,Chuối sáp,Trái,Xanh,train
img000172.jpg,Chuối cau,Nải,Chín,train
img002816.jpg,Chuối sáp,Trái,Chín,train
img000673.jpg,Chuối cau,Trái,Chín,train
img003986.jpg,Chuối xiêm,Buồng,Xanh,train
img003200.jpg,Chuối sáp,Trái,Xanh,train
img003001.jpg,Chuối sáp,Trái,Xanh,train
img001882.jpg,Chuối già,Trái,Chín,train
img000958.jpg,Chuối cau,Trái,Xanh,train
img004866.jpg,Chuối xiêm,Trái,Xanh,train
img004797.jpg,Chuối xiêm,Trái,Xanh,train
img003924.jpg,Chuối xiêm,Buồng,Xanh,train
img002510.jpg,Chuối sáp,Nải,Xanh,train
img000703.jpg,Chuối cau,Trái,Chín,train
img003556.jpg,Chuối táo quạ,Buồng,Xanh,train
img003830.jpg,Chuối xiêm,Buồng,Chín,train
img004859.jpg,Chuối xiêm,Trái,Xanh,train
img002355.jpg,Chuối sáp,Buồng,Xanh,train
img003287.jpg,Chuối sáp,Trái,Xanh,train
img004879.jpg,Chuối xiêm,Trái,Xanh,train
img000676.jpg,Chuối cau,Trái,Chín,train
img002289.jpg,Chuối sáp,Buồng,Chín,train
img003642.jpg,Chuối táo quạ,Nải,Chín,train
img004013.jpg,Chuối xiêm,Buồng,Xanh,train
img002418.jpg,Chuối sáp,Nải,Chín,train
img000883.jpg,Chuối cau,Trái,Xanh,train
img000356.jpg,Chuối cau,Trái,Chín,train
img002072.jpg,Chuối già,Trái,Xanh,train
img000058.jpg,Chuối cau,Buồng,Xanh,train
img002180.jpg,Chuối già,Trái,Xanh,train
img003807.jpg,Chuối táo quạ,Trái,Xanh,train
img003675.jpg,Chuối táo quạ,Nải,Xanh,train
img001758.jpg,Chuối già,Trái,Chín,train
img000374.jpg,Chuối cau,Trái,Chín,train
img001287.jpg,Chuối già,Buồng,Xanh,train
img000302.jpg,Chuối cau,Nải,Xanh,train
img002359.jpg,Chuối sáp,Buồng,Xanh,train
img000638.jpg,Chuối cau,Trái,Chín,train
img002750.jpg,Chuối sáp,Trái,Chín,train
img000845.jpg,Chuối cau,Trái,Xanh,train
img004798.jpg,Chuối xiêm,Trái,Xanh,train
img004353.jpg,Chuối xiêm,Trái,Chín,train
img002928.jpg,Chuối sáp,Trái,Chín,train
img002024.jpg,Chuối già,Trái,Xanh,train
img002319.jpg,Chuối sáp,Buồng,Xanh,train
img002908.jpg,Chuối sáp,Trái,Chín,train
img002743.jpg,Chuối sáp,Trái,Chín,train
img002698.jpg,Chuối sáp,Trái,Chín,train
img000944.jpg,Chuối cau,Trái,Xanh,train
img003759.jpg,Chuối táo quạ,Trái,Chín,train
img002585.jpg,Chuối sáp,Trái,Chín,train
img003115.jpg,Chuối sáp,Trái,Xanh,train
img004595.jpg,Chuối xiêm,Trái,Chín,train
img000332.jpg,Chuối cau,Nải,Xanh,train
img003676.jpg,Chuối táo quạ,Nải,Xanh,train
img004783.jpg,Chuối xiêm,Trái,Xanh,train
img001505.jpg,Chuối già,Nải,Chín,train
img004830.jpg,Chuối xiêm,Trái,Xanh,train
img004871.jpg,Chuối xiêm,Trái,Xanh,train
img000032.jpg,Chuối cau,Buồng,Chín,train
img005084.jpg,Chuối xiêm,Trái,Xanh,train
img001147.jpg,Chuối già,Buồng,Chín,train
img000724.jpg,Chuối cau,Trái,Chín,train
img002420.jpg,Chuối sáp,Nải,Chín,train
img001461.jpg,Chuối già,Nải,Chín,train
img002963.jpg,Chuối sáp,Trái,Xanh,train
img000357.jpg,Chuối cau,Trái,Chín,train
img004026.jpg,Chuối xiêm,Buồng,Xanh,train
img001267.jpg,Chuối già,Buồng,Xanh,train
img001858.jpg,Chuối già,Trái,Chín,train
img000835.jpg,Chuối cau,Trái,Xanh,train
img003938.jpg,Chuối xiêm,Buồng,Xanh,train
img001522.jpg,Chuối già,Nải,Chín,train
img002041.jpg,Chuối già,Trái,Xanh,train
img003858.jpg,Chuối xiêm,Buồng,Chín,train
img003535.jpg,Chuối táo quạ,Buồng,Xanh,train
img003152.jpg,Chuối sáp,Trái,Xanh,train
img002206.jpg,Chuối già,Trái,Xanh,train
img004665.jpg,Chuối xiêm,Trái,Xanh,train
img002105.jpg,Chuối già,Trái,Xanh,train
img000430.jpg,Chuối cau,Trái,Chín,train
img003915.jpg,Chuối xiêm,Buồng,Xanh,train
img000297.jpg,Chuối cau,Nải,Xanh,train
img004789.jpg,Chuối xiêm,Trái,Xanh,train
img002776.jpg,Chuối sáp,Trái,Chín,train
img003566.jpg,Chuối táo quạ,Buồng,Xanh,train
img001488.jpg,Chuối già,Nải,Chín,train
img001239.jpg,Chuối già,Buồng,Xanh,train
img004584.jpg,Chuối xiêm,Trái,Chín,train
img002742.jpg,Chuối sáp,Trái,Chín,train
img002357.jpg,Chuối sáp,Buồng,Xanh,train
img004251.png,Chuối xiêm,Nải,Chín,train
img001589.jpg,Chuối già,Nải,Xanh,train
img004526.jpg,Chuối xiêm,Trái,Chín,train
img004149.png,Chuối xiêm,Buồng,Xanh,train
img003119.jpg,Chuối sáp,Trái,Xanh,train
img003092.jpg,Chuối sáp,Trái,Xanh,train
img002277.jpg,Chuối sáp,Buồng,Chín,train
img004512.jpg,Chuối xiêm,Trái,Chín,train
img003615.jpg,Chuối táo quạ,Buồng,Xanh,train
img001208.jpg,Chuối già,Buồng,Xanh,train
img004744.jpg,Chuối xiêm,Trái,Xanh,train
img004396.jpg,Chuối xiêm,Trái,Chín,train
img004215.jpg,Chuối xiêm,Nải,Chín,train
img001085.jpg,Chuối cau,Trái,Xanh,train
img004005.jpg,Chuối xiêm,Buồng,Xanh,train
img002832.jpg,Chuối sáp,Trái,Chín,train
img004549.jpg,Chuối xiêm,Trái,Chín,train
img001658.jpg,Chuối già,Nải,Xanh,train
img004912.jpg,Chuối xiêm,Trái,Xanh,train
img005130.jpg,Chuối xiêm,Trái,Xanh,train
img004863.jpg,Chuối xiêm,Trái,Xanh,train
img000012.jpg,Chuối cau,Buồng,Chín,train
img002448.jpg,Chuối sáp,Nải,Chín,train
img003252.jpg,Chuối sáp,Trái,Xanh,train
img002511.jpg,Chuối sáp,Nải,Xanh,train
img002828.jpg,Chuối sáp,Trái,Chín,train
img004114.jpg,Chuối xiêm,Buồng,Xanh,train
img004216.jpg,Chuối xiêm,Nải,Chín,train
img004968.jpg,Chuối xiêm,Trái,Xanh,train
img003225.jpg,Chuối sáp,Trái,Xanh,train
img001660.jpg,Chuối già,Nải,Xanh,train
img002314.jpg,Chuối sáp,Buồng,Xanh,train
img004324.jpg,Chuối xiêm,Trái,Chín,train
img001594.jpg,Chuối già,Nải,Xanh,train
img002738.jpg,Chuối sáp,Trái,Chín,train
img000978.jpg,Chuối cau,Trái,Xanh,train
img004288.jpg,Chuối xiêm,Nải,Xanh,train
img001129.jpg,Chuối già,Buồng,Chín,train
img003322.jpg,Chuối sáp,Trái,Xanh,train
img004734.jpg,Chuối xiêm,Trái,Xanh,train
img001425.jpg,Chuối già,Buồng,Xanh,train
img002244.jpg,Chuối già,Trái,Xanh,train
img004248.jpg,Chuối xiêm,Nải,Chín,train
img001476.jpg,Chuối già,Nải,Chín,train
img003191.jpg,Chuối sáp,Trái,Xanh,train
img000230.jpg,Chuối cau,Nải,Chín,train
img004383.jpg,Chuối xiêm,Trái,Chín,train
img003993.jpg,Chuối xiêm,Buồng,Xanh,train
img000596.jpg,Chuối cau,Trái,Chín,train
img005009.jpg,Chuối xiêm,Trái,Xanh,train
img005041.jpg,Chuối xiêm,Trái,Xanh,train
img000510.jpg,Chuối cau,Trái,Chín,train
img004786.jpg,Chuối xiêm,Trái,Xanh,train
img000138.jpg,Chuối cau,Buồng,Xanh,train
img003341.jpg,Chuối sáp,Trái,Xanh,train
img002461.jpg,Chuối sáp,Nải,Chín,train
img001154.jpg,Chuối già,Buồng,Xanh,train
img003265.jpg,Chuối sáp,Trái,Xanh,train
img003702.jpg,Chuối táo quạ,Nải,Xanh,train
img002209.jpg,Chuối già,Trái,Xanh,train
img001479.jpg,Chuối già,Nải,Chín,train
img002904.jpg,Chuối sáp,Trái,Chín,train
img001312.jpg,Chuối già,Buồng,Xanh,train
img001061.jpg,Chuối cau,Trái,Xanh,train
img005007.jpg,Chuối xiêm,Trái,Xanh,train
img000328.jpg,Chuối cau,Nải,Xanh,train
img001497.jpg,Chuối già,Nải,Chín,train
img000562.jpg,Chuối cau,Trái,Chín,train
img004301.jpg,Chuối xiêm,Trái,Chín,train
img005058.jpg,Chuối xiêm,Trái,Xanh,train
img000593.jpg,Chuối cau,Trái,Chín,train
img001884.jpg,Chuối già,Trái,Chín,train
img000463.jpg,Chuối cau,Trái,Chín,train
img004519.jpg,Chuối xiêm,Trái,Chín,train
img001813.jpg,Chuối già,Trái,Chín,train
img004201.jpg,Chuối xiêm,Nải,Chín,train
img000777.jpg,Chuối cau,Trái,Xanh,train
img003666.jpg,Chuối táo quạ,Nải,Chín,train
img004761.jpg,Chuối xiêm,Trái,Xanh,train
img000031.jpg,Chuối cau,Buồng,Chín,train
img000677.jpg,Chuối cau,Trái,Chín,train
img002301.jpg,Chuối sáp,Buồng,Chín,train
img003096.jpg,Chuối sáp,Trái,Xanh,train
img005063.jpg,Chuối xiêm,Trái,Xanh,train
img000617.jpg,Chuối cau,Trái,Chín,train
img003010.jpg,Chuối sáp,Trái,Xanh,train
img005097.jpg,Chuối xiêm,Trái,Xanh,train
img003301.jpg,Chuối sáp,Trái,Xanh,train
img004237.jpg,Chuối xiêm,Nải,Chín,train
img002636.jpg,Chuối sáp,Trái,Chín,train
img004923.jpg,Chuối xiêm,Trái,Xanh,train
img003082.jpg,Chuối sáp,Trái,Xanh,train
img000974.jpg,Chuối cau,Trái,Xanh,train
img004936.jpg,Chuối xiêm,Trái,Xanh,train
img001969.jpg,Chuối già,Trái,Chín,train
img000161.jpg,Chuối cau,Buồng,Xanh,train
img000081.jpg,Chuối cau,Buồng,Xanh,train
img001613.jpg,Chuối già,Nải,Xanh,train
img001042.jpg,Chuối cau,Trái,Xanh,train
img004971.jpg,Chuối xiêm,Trái,Xanh,train
img000293.jpg,Chuối cau,Nải,Xanh,train
img002991.jpg,Chuối sáp,Trái,Xanh,train
img001880.jpg,Chuối già,Trái,Chín,train
img000320.jpg,Chuối cau,Nải,Xanh,train
img003809.jpg,Chuối táo quạ,Trái,Xanh,train
img004535.jpg,Chuối xiêm,Trái,Chín,train
img003192.jpg,Chuối sáp,Trái,Xanh,train
img003291.jpg,Chuối sáp,Trái,Xanh,train
img004172.jpg,Chuối xiêm,Nải,Chín,train
img002229.jpg,Chuối già,Trái,Xanh,train
img000104.jpg,Chuối cau,Buồng,Xanh,train
img004552.jpg,Chuối xiêm,Trái,Chín,train
img003374.jpg,Chuối sáp,Trái,Xanh,train
img002713.jpg,Chuối sáp,Trái,Chín,train
img000649.jpg,Chuối cau,Trái,Chín,train
img004717.jpg,Chuối xiêm,Trái,Xanh,train
img002971.jpg,Chuối sáp,Trái,Xanh,train
img000285.jpg,Chuối cau,Nải,Chín,train
img000806.jpg,Chuối cau,Trái,Xanh,train
img002675.jpg,Chuối sáp,Trái,Chín,train
img003625.jpg,Chuối táo quạ,Nải,Chín,train
img004511.jpg,Chuối xiêm,Trái,Chín,train
img000544.jpg,Chuối cau,Trái,Chín,train
img001585.jpg,Chuối già,Nải,Xanh,train
img004921.jpg,Chuối xiêm,Trái,Xanh,train
img001052.jpg,Chuối cau,Trái,Xanh,train
img001313.jpg,Chuối già,Buồng,Xanh,train
img003370.jpg,Chuối sáp,Trái,Xanh,train
img000852.jpg,Chuối cau,Trái,Xanh,train
img003747.jpg,Chuối táo quạ,Trái,Chín,train
img004167.jpg,Chuối xiêm,Nải,Chín,train
img000783.jpg,Chuối cau,Trái,Xanh,train
img000751.jpg,Chuối cau,Trái,Chín,train
img004816.jpg,Chuối xiêm,Trái,Xanh,train
img003434.jpg,Chuối sáp,Trái,Xanh,train
img003255.jpg,Chuối sáp,Trái,Xanh,train
img000201.jpg,Chuối cau,Nải,Chín,train
img000368.jpg,Chuối cau,Trái,Chín,train
img000808.jpg,Chuối cau,Trái,Xanh,train
img003244.jpg,Chuối sáp,Trái,Xanh,train
img001029.jpg,Chuối cau,Trái,Xanh,train
img004888.jpg,Chuối xiêm,Trái,Xanh,train
img001365.jpg,Chuối già,Buồng,Xanh,train
img003707.jpg,Chuối táo quạ,Nải,Xanh,train
img003614.jpg,Chuối táo quạ,Buồng,Xanh,train
img002874.jpg,Chuối sáp,Trái,Chín,train
img004091.jpg,Chuối xiêm,Buồng,Xanh,train
img001749.jpg,Chuối già,Trái,Chín,train
img002878.jpg,Chuối sáp,Trái,Chín,train
img000504.jpg,Chuối cau,Trái,Chín,train
img004886.jpg,Chuối xiêm,Trái,Xanh,train
img004019.jpg,Chuối xiêm,Buồng,Xanh,train
img001078.jpg,Chuối cau,Trái,Xanh,train
img002876.jpg,Chuối sáp,Trái,Chín,train
img003194.jpg,Chuối sáp,Trái,Xanh,train
img003827.jpg,Chuối xiêm,Buồng,Chín,train
img001309.jpg,Chuối già,Buồng,Xanh,train
img000758.jpg,Chuối cau,Trái,Xanh,train
img003043.jpg,Chuối sáp,Trái,Xanh,train
img000287.jpg,Chuối cau,Nải,Chín,train
img004195.jpg,Chuối xiêm,Nải,Chín,train
img001527.jpg,Chuối già,Nải,Chín,train
img002243.jpg,Chuối già,Trái,Xanh,train
img000264.jpg,Chuối cau,Nải,Chín,train
img001336.jpg,Chuối già,Buồng,Xanh,train
img000135.jpg,Chuối cau,Buồng,Xanh,train
img003288.jpg,Chuối sáp,Trái,Xanh,train
img001968.jpg,Chuối già,Trái,Chín,train
img004130.jpg,Chuối xiêm,Buồng,Xanh,train
img004656.jpg,Chuối xiêm,Trái,Xanh,train
img003891.jpg,Chuối xiêm,Buồng,Chín,train
img003204.jpg,Chuối sáp,Trái,Xanh,train
img005200.jpg,Chuối xiêm,Trái,Xanh,train
img001288.jpg,Chuối già,Buồng,Xanh,train
img002896.jpg,Chuối sáp,Trái,Chín,train
img000955.jpg,Chuối cau,Trái,Xanh,train
img003572.jpg,Chuối táo quạ,Buồng,Xanh,train
img003221.jpg,Chuối sáp,Trái,Xanh,train
img003911.jpg,Chuối xiêm,Buồng,Xanh,train
img001657.jpg,Chuối già,Nải,Xanh,train
img000115.jpg,Chuối cau,Buồng,Xanh,train
img000378.jpg,Chuối cau,Trái,Chín,train
img004545.jpg,Chuối xiêm,Trái,Chín,train
img002038.jpg,Chuối già,Trái,Xanh,train
img003249.jpg,Chuối sáp,Trái,Xanh,train
img001684.jpg,Chuối già,Trái,Chín,train
img001087.jpg,Chuối cau,Trái,Xanh,train
img000624.jpg,Chuối cau,Trái,Chín,train
img005020.jpg,Chuối xiêm,Trái,Xanh,train
img003498.jpg,Chuối sáp,Trái,Xanh,train
img003502.jpg,Chuối sáp,Trái,Xanh,train
img001573.jpg,Chuối già,Nải,Xanh,train
img002236.jpg,Chuối già,Trái,Xanh,train
img001506.jpg,Chuối già,Nải,Chín,train
img002504.jpg,Chuối sáp,Nải,Xanh,train
img004902.jpg,Chuối xiêm,Trái,Xanh,train
img004067.jpg,Chuối xiêm,Buồng,Xanh,train
img004119.jpg,Chuối xiêm,Buồng,Xanh,train
img004967.jpg,Chuối xiêm,Trái,Xanh,train
img003021.jpg,Chuối sáp,Trái,Xanh,train
img002081.jpg,Chuối già,Trái,Xanh,train
img003663.jpg,Chuối táo quạ,Nải,Chín,train
img001663.jpg,Chuối già,Nải,Xanh,train
img004441.jpg,Chuối xiêm,Trái,Chín,train
img000578.jpg,Chuối cau,Trái,Chín,train
img000618.jpg,Chuối cau,Trái,Chín,train
img003009.jpg,Chuối sáp,Trái,Xanh,train
img004074.jpg,Chuối xiêm,Buồng,Xanh,train
img002688.jpg,Chuối sáp,Trái,Chín,train
img000358.jpg,Chuối cau,Trái,Chín,train
img002377.jpg,Chuối sáp,Buồng,Xanh,train
img004338.jpg,Chuối xiêm,Trái,Chín,train
img000797.jpg,Chuối cau,Trái,Xanh,train
img000945.jpg,Chuối cau,Trái,Xanh,train
img000694.jpg,Chuối cau,Trái,Chín,train
img001006.jpg,Chuối cau,Trái,Xanh,train
img004551.jpg,Chuối xiêm,Trái,Chín,train
img003884.jpg,Chuối xiêm,Buồng,Chín,train
img000103.jpg,Chuối cau,Buồng,Xanh,train
img001156.jpg,Chuối già,Buồng,Xanh,train
img002663.jpg,Chuối sáp,Trái,Chín,train
img004813.jpg,Chuối xiêm,Trái,Xanh,train
img002022.jpg,Chuối già,Trái,Xanh,train
img001271.jpg,Chuối già,Buồng,Xanh,train
img001839.jpg,Chuối già,Trái,Chín,train
img003223.jpg,Chuối sáp,Trái,Xanh,train
img004964.jpg,Chuối xiêm,Trái,Xanh,train
img000185.jpg,Chuối cau,Nải,Chín,train
img000508.jpg,Chuối cau,Trái,Chín,train
img004055.jpg,Chuối xiêm,Buồng,Xanh,train
img004060.jpg,Chuối xiêm,Buồng,Xanh,train
img003325.jpg,Chuối sáp,Trái,Xanh,train
img002685.jpg,Chuối sáp,Trái,Chín,train
img002028.jpg,Chuối già,Trái,Xanh,train
img000335.jpg,Chuối cau,Nải,Xanh,train
img001849.jpg,Chuối già,Trái,Chín,train
img005026.jpg,Chuối xiêm,Trái,Xanh,train
img004555.jpg,Chuối xiêm,Trái,Chín,train
img003564.jpg,Chuối táo quạ,Buồng,Xanh,train
img003732.jpg,Chuối táo quạ,Nải,Xanh,train
img000095.jpg,Chuối cau,Buồng,Xanh,train
img002052.jpg,Chuối già,Trái,Xanh,train
img001847.jpg,Chuối già,Trái,Chín,train
img005176.jpg,Chuối xiêm,Trái,Xanh,train
img001460.jpg,Chuối già,Nải,Chín,train
img002652.jpg,Chuối sáp,Trái,Chín,train
img000576.jpg,Chuối cau,Trái,Chín,train
img004703.jpg,Chuối xiêm,Trái,Xanh,train
img000468.jpg,Chuối cau,Trái,Chín,train
img002204.jpg,Chuối già,Trái,Xanh,train
img001709.jpg,Chuối già,Trái,Chín,train
img003199.jpg,Chuối sáp,Trái,Xanh,train
img001610.jpg,Chuối già,Nải,Xanh,train
img005155.jpg,Chuối xiêm,Trái,Xanh,train
img002671.jpg,Chuối sáp,Trái,Chín,train
img002062.jpg,Chuối già,Trái,Xanh,train
img003375.jpg,Chuối sáp,Trái,Xanh,train
img004192.jpg,Chuối xiêm,Nải,Chín,train
img001683.jpg,Chuối già,Trái,Chín,train
img000908.jpg,Chuối cau,Trái,Xanh,train
img004597.jpg,Chuối xiêm,Trái,Chín,train
img001192.jpg,Chuối già,Buồng,Xanh,train
img003045.jpg,Chuối sáp,Trái,Xanh,train
img003098.jpg,Chuối sáp,Trái,Xanh,train
img000661.jpg,Chuối cau,Trái,Chín,train
img000928.jpg,Chuối cau,Trái,Xanh,train
img002472.jpg,Chuối sáp,Nải,Chín,train
img003877.jpg,Chuối xiêm,Buồng,Chín,train
img002179.jpg,Chuối già,Trái,Xanh,train
img004520.jpg,Chuối xiêm,Trái,Chín,train
img004848.jpg,Chuối xiêm,Trái,Xanh,train
img002987.jpg,Chuối sáp,Trái,Xanh,train
img001486.jpg,Chuối già,Nải,Chín,train
img001694.jpg,Chuối già,Trái,Chín,train
img001577.jpg,Chuối già,Nải,Xanh,train
img000988.jpg,Chuối cau,Trái,Xanh,train
img002421.jpg,Chuối sáp,Nải,Chín,train
img004014.jpg,Chuối xiêm,Buồng,Xanh,train
img002541.jpg,Chuối sáp,Nải,Xanh,train
img004742.jpg,Chuối xiêm,Trái,Xanh,train
img003893.jpg,Chuối xiêm,Buồng,Chín,train
img001331.jpg,Chuối già,Buồng,Xanh,train
img001856.jpg,Chuối già,Trái,Chín,train
img001079.jpg,Chuối cau,Trái,Xanh,train
img000458.jpg,Chuối cau,Trái,Chín,train
img001263.jpg,Chuối già,Buồng,Xanh,train
img002048.jpg,Chuối già,Trái,Xanh,train
img003487.jpg,Chuối sáp,Trái,Xanh,train
img004654.jpg,Chuối xiêm,Trái,Xanh,train
img002922.jpg,Chuối sáp,Trái,Chín,train
img003738.jpg,Chuối táo quạ,Trái,Chín,train
img003028.jpg,Chuối sáp,Trái,Xanh,train
img004300.jpg,Chuối xiêm,Trái,Chín,train
img003206.jpg,Chuối sáp,Trái,Xanh,train
img004413.jpg,Chuối xiêm,Trái,Chín,train
img003704.jpg,Chuối táo quạ,Nải,Xanh,train
img001773.jpg,Chuối già,Trái,Chín,train
img003512.jpg,Chuối sáp,Trái,Xanh,train
img001440.jpg,Chuối già,Nải,Chín,train
img000862.jpg,Chuối cau,Trái,Xanh,train
img000541.jpg,Chuối cau,Trái,Chín,train
img001472.jpg,Chuối già,Nải,Chín,train
img004523.jpg,Chuối xiêm,Trái,Chín,train
img002814.jpg,Chuối sáp,Trái,Chín,train
img002592.jpg,Chuối sáp,Trái,Chín,train
img002724.jpg,Chuối sáp,Trái,Chín,train
img003105.jpg,Chuối sáp,Trái,Xanh,train
img004838.jpg,Chuối xiêm,Trái,Xanh,train
img002629.jpg,Chuối sáp,Trái,Chín,train
img000415.jpg,Chuối cau,Trái,Chín,train
img004896.jpg,Chuối xiêm,Trái,Xanh,train
img004442.jpg,Chuối xiêm,Trái,Chín,train
img003189.jpg,Chuối sáp,Trái,Xanh,train
img000491.jpg,Chuối cau,Trái,Chín,train
img004164.jpg,Chuối xiêm,Nải,Chín,train
img004093.jpg,Chuối xiêm,Buồng,Xanh,train
img000659.jpg,Chuối cau,Trái,Chín,train
img001289.jpg,Chuối già,Buồng,Xanh,train
img002026.jpg,Chuối già,Trái,Xanh,train
img001081.jpg,Chuối cau,Trái,Xanh,train
img001630.jpg,Chuối già,Nải,Xanh,train
img004281.jpg,Chuối xiêm,Nải,Xanh,train
img001058.jpg,Chuối cau,Trái,Xanh,train
img002669.jpg,Chuối sáp,Trái,Chín,train
img001390.jpg,Chuối già,Buồng,Xanh,train
img001026.jpg,Chuối cau,Trái,Xanh,train
img005108.jpg,Chuối xiêm,Trái,Xanh,train
img000288.jpg,Chuối cau,Nải,Chín,train
img004517.jpg,Chuối xiêm,Trái,Chín,train
img002474.jpg,Chuối sáp,Nải,Chín,train
img001013.jpg,Chuối cau,Trái,Xanh,train
img003818.jpg,Chuối táo quạ,Trái,Xanh,train
img000549.jpg,Chuối cau,Trái,Chín,train
img001569.png,Chuối già,Nải,Chín,train
img004873.jpg,Chuối xiêm,Trái,Xanh,train
img000553.jpg,Chuối cau,Trái,Chín,train
img003238.jpg,Chuối sáp,Trái,Xanh,train
img000109.jpg,Chuối cau,Buồng,Xanh,train
img002132.jpg,Chuối già,Trái,Xanh,train
img000194.jpg,Chuối cau,Nải,Chín,train
img002741.jpg,Chuối sáp,Trái,Chín,train
img001113.jpg,Chuối cau,Trái,Xanh,train
img002470.jpg,Chuối sáp,Nải,Chín,train
img003283.jpg,Chuối sáp,Trái,Xanh,train
img000683.jpg,Chuối cau,Trái,Chín,train
img000299.jpg,Chuối cau,Nải,Xanh,train
img001229.jpg,Chuối già,Buồng,Xanh,train
img004178.jpg,Chuối xiêm,Nải,Chín,train
img002995.jpg,Chuối sáp,Trái,Xanh,train
img004044.jpg,Chuối xiêm,Buồng,Xanh,train
img001455.jpg,Chuối già,Nải,Chín,train
img002932.jpg,Chuối sáp,Trái,Chín,train
img002153.jpg,Chuối già,Trái,Xanh,train
img000139.jpg,Chuối cau,Buồng,Xanh,train
img003376.jpg,Chuối sáp,Trái,Xanh,train
img001936.jpg,Chuối già,Trái,Chín,train
img001837.jpg,Chuối già,Trái,Chín,train
img001300.jpg,Chuối già,Buồng,Xanh,train
img004707.jpg,Chuối xiêm,Trái,Xanh,train
img000251.jpg,Chuối cau,Nải,Chín,train
img002624.jpg,Chuối sáp,Trái,Chín,train
img004343.jpg,Chuối xiêm,Trái,Chín,train
img004187.jpg,Chuối xiêm,Nải,Chín,train
img003300.jpg,Chuối sáp,Trái,Xanh,train
img002583.jpg,Chuối sáp,Trái,Chín,train
img003065.jpg,Chuối sáp,Trái,Xanh,train
img002946.jpg,Chuối sáp,Trái,Chín,train
img003184.jpg,Chuối sáp,Trái,Xanh,train
img002479.jpg,Chuối sáp,Nải,Xanh,train
img003952.jpg,Chuối xiêm,Buồng,Xanh,train
img002681.jpg,Chuối sáp,Trái,Chín,train
img003433.jpg,Chuối sáp,Trái,Xanh,train
img005051.jpg,Chuối xiêm,Trái,Xanh,train
img002440.jpg,Chuối sáp,Nải,Chín,train
img004750.jpg,Chuối xiêm,Trái,Xanh,train
img003063.jpg,Chuối sáp,Trái,Xanh,train
img000965.jpg,Chuối cau,Trái,Xanh,train
img004181.jpg,Chuối xiêm,Nải,Chín,train
img001819.jpg,Chuối già,Trái,Chín,train
img005133.jpg,Chuối xiêm,Trái,Xanh,train
img003231.jpg,Chuối sáp,Trái,Xanh,train
img000179.jpg,Chuối cau,Nải,Chín,train
img004491.jpg,Chuối xiêm,Trái,Chín,train
img000657.jpg,Chuối cau,Trái,Chín,train
img003570.jpg,Chuối táo quạ,Buồng,Xanh,train
img000129.jpg,Chuối cau,Buồng,Xanh,train
img002325.jpg,Chuối sáp,Buồng,Xanh,train
img003510.jpg,Chuối sáp,Trái,Xanh,train
img001047.jpg,Chuối cau,Trái,Xanh,train
img002165.jpg,Chuối già,Trái,Xanh,train
img002580.jpg,Chuối sáp,Trái,Chín,train
img001916.jpg,Chuối già,Trái,Chín,train
img002599.jpg,Chuối sáp,Trái,Chín,train
img003211.jpg,Chuối sáp,Trái,Xanh,train
img005081.jpg,Chuối xiêm,Trái,Xanh,train
img004364.jpg,Chuối xiêm,Trái,Chín,train
img003542.jpg,Chuối táo quạ,Buồng,Xanh,train
img000799.jpg,Chuối cau,Trái,Xanh,train
img004143.png,Chuối xiêm,Buồng,Xanh,train
img001044.jpg,Chuối cau,Trái,Xanh,train
img001429.png,Chuối già,Buồng,Xanh,train
img003275.jpg,Chuối sáp,Trái,Xanh,train
img003618.jpg,Chuối táo quạ,Buồng,Xanh,train
img000656.jpg,Chuối cau,Trái,Chín,train
img003361.jpg,Chuối sáp,Trái,Xanh,train
img000112.jpg,Chuối cau,Buồng,Xanh,train
img002960.jpg,Chuối sáp,Trái,Chín,train
img004709.jpg,Chuối xiêm,Trái,Xanh,train
img003131.jpg,Chuối sáp,Trái,Xanh,train
img000177.jpg,Chuối cau,Nải,Chín,train
img000158.jpg,Chuối cau,Buồng,Xanh,train
img004185.jpg,Chuối xiêm,Nải,Chín,train
img002914.jpg,Chuối sáp,Trái,Chín,train
img000895.jpg,Chuối cau,Trái,Xanh,train
img001265.jpg,Chuối già,Buồng,Xanh,train
img004156.jpg,Chuối xiêm,Nải,Chín,train
img002942.jpg,Chuối sáp,Trái,Chín,train
img001691.jpg,Chuối già,Trái,Chín,train
img002572.jpg,Chuối sáp,Trái,Chín,train
img001521.jpg,Chuối già,Nải,Chín,train
img002253.jpg,Chuối già,Trái,Xanh,train
img004425.jpg,Chuối xiêm,Trái,Chín,train
img004567.jpg,Chuối xiêm,Trái,Chín,train
img001543.jpg,Chuối già,Nải,Chín,train
img004867.jpg,Chuối xiêm,Trái,Xanh,train
img001643.jpg,Chuối già,Nải,Xanh,train
img000826.jpg,Chuối cau,Trái,Xanh,train
img002666.jpg,Chuối sáp,Trái,Chín,train
img001885.jpg,Chuối già,Trái,Chín,train
img004306.jpg,Chuối xiêm,Trái,Chín,train
img004619.jpg,Chuối xiêm,Trái,Chín,train
img002969.jpg,Chuối sáp,Trái,Xanh,train
img002275.jpg,Chuối già,Trái,Xanh,train
img000654.jpg,Chuối cau,Trái,Chín,train
img000819.jpg,Chuối cau,Trái,Xanh,train
img003086.jpg,Chuối sáp,Trái,Xanh,train
img001855.jpg,Chuối già,Trái,Chín,train
img002283.jpg,Chuối sáp,Buồng,Chín,train
img000460.jpg,Chuối cau,Trái,Chín,train
img005069.jpg,Chuối xiêm,Trái,Xanh,train
img000127.jpg,Chuối cau,Buồng,Xanh,train
img002044.jpg,Chuối già,Trái,Xanh,train
img004749.jpg,Chuối xiêm,Trái,Xanh,train
img001469.jpg,Chuối già,Nải,Chín,train
img002259.jpg,Chuối già,Trái,Xanh,train
img000134.jpg,Chuối cau,Buồng,Xanh,train
img003660.jpg,Chuối táo quạ,Nải,Chín,train
img003959.jpg,Chuối xiêm,Buồng,Xanh,train
img002775.jpg,Chuối sáp,Trái,Chín,train
img003077.jpg,Chuối sáp,Trái,Xanh,train
img003864.jpg,Chuối xiêm,Buồng,Chín,train
img002168.jpg,Chuối già,Trái,Xanh,train
img004282.jpg,Chuối xiêm,Nải,Xanh,train
img003949.jpg,Chuối xiêm,Buồng,Xanh,train
img003061.jpg,Chuối sáp,Trái,Xanh,train
img002371.jpg,Chuối sáp,Buồng,Xanh,train
img002368.jpg,Chuối sáp,Buồng,Xanh,train
img001352.jpg,Chuối già,Buồng,Xanh,train
img002707.jpg,Chuối sáp,Trái,Chín,train
img002064.jpg,Chuối già,Trái,Xanh,train
img001473.jpg,Chuối già,Nải,Chín,train
img004391.jpg,Chuối xiêm,Trái,Chín,train
img004846.jpg,Chuối xiêm,Trái,Xanh,train
img004049.jpg,Chuối xiêm,Buồng,Xanh,train
img002637.jpg,Chuối sáp,Trái,Chín,train
img003345.jpg,Chuối sáp,Trái,Xanh,train
img002959.jpg,Chuối sáp,Trái,Chín,train
img000446.jpg,Chuối cau,Trái,Chín,train
img000147.jpg,Chuối cau,Buồng,Xanh,train
img003852.jpg,Chuối xiêm,Buồng,Chín,train
img004861.jpg,Chuối xiêm,Trái,Xanh,train
img000422.jpg,Chuối cau,Trái,Chín,train
img003977.jpg,Chuối xiêm,Buồng,Xanh,train
img003276.jpg,Chuối sáp,Trái,Xanh,train
img000283.jpg,Chuối cau,Nải,Chín,train
img002378.jpg,Chuối sáp,Buồng,Xanh,train
img002808.jpg,Chuối sáp,Trái,Chín,train
img000531.jpg,Chuối cau,Trái,Chín,train
img000651.jpg,Chuối cau,Trái,Chín,train
img002767.jpg,Chuối sáp,Trái,Chín,train
img001931.jpg,Chuối già,Trái,Chín,train
img001496.jpg,Chuối già,Nải,Chín,train
img003795.jpg,Chuối táo quạ,Trái,Xanh,train
img004083.jpg,Chuối xiêm,Buồng,Xanh,train
img003307.jpg,Chuối sáp,Trái,Xanh,train
img000787.jpg,Chuối cau,Trái,Xanh,train
img004183.jpg,Chuối xiêm,Nải,Chín,train
img002465.jpg,Chuối sáp,Nải,Chín,train
img002899.jpg,Chuối sáp,Trái,Chín,train
img004994.jpg,Chuối xiêm,Trái,Xanh,train
img001457.jpg,Chuối già,Nải,Chín,train
img002313.jpg,Chuối sáp,Buồng,Xanh,train
img002948.jpg,Chuối sáp,Trái,Chín,train
img004330.jpg,Chuối xiêm,Trái,Chín,train
img001484.jpg,Chuối già,Nải,Chín,train
img000789.jpg,Chuối cau,Trái,Xanh,train
img000723.jpg,Chuối cau,Trái,Chín,train
img000983.jpg,Chuối cau,Trái,Xanh,train
img000658.jpg,Chuối cau,Trái,Chín,train
img004235.jpg,Chuối xiêm,Nải,Chín,train
img004438.jpg,Chuối xiêm,Trái,Chín,train
img000964.jpg,Chuối cau,Trái,Xanh,train
img000020.jpg,Chuối cau,Buồng,Chín,train
img004627.jpg,Chuối xiêm,Trái,Chín,train
img002383.jpg,Chuối sáp,Buồng,Xanh,train
img003465.jpg,Chuối sáp,Trái,Xanh,train
img003724.jpg,Chuối táo quạ,Nải,Xanh,train
img005012.jpg,Chuối xiêm,Trái,Xanh,train
img002999.jpg,Chuối sáp,Trái,Xanh,train
img001622.jpg,Chuối già,Nải,Xanh,train
img001185.jpg,Chuối già,Buồng,Xanh,train
img002677.jpg,Chuối sáp,Trái,Chín,train
img003145.jpg,Chuối sáp,Trái,Xanh,train
img003234.jpg,Chuối sáp,Trái,Xanh,train
img002508.jpg,Chuối sáp,Nải,Xanh,train
img001247.jpg,Chuối già,Buồng,Xanh,train
img000532.jpg,Chuối cau,Trái,Chín,train
img000832.jpg,Chuối cau,Trái,Xanh,train
img000376.jpg,Chuối cau,Trái,Chín,train
img003356.jpg,Chuối sáp,Trái,Xanh,train
img004770.jpg,Chuối xiêm,Trái,Xanh,train
img000985.jpg,Chuối cau,Trái,Xanh,train
img004769.jpg,Chuối xiêm,Trái,Xanh,train
img003559.jpg,Chuối táo quạ,Buồng,Xanh,train
img002382.jpg,Chuối sáp,Buồng,Xanh,train
img000950.jpg,Chuối cau,Trái,Xanh,train
img000600.jpg,Chuối cau,Trái,Chín,train
img001367.jpg,Chuối già,Buồng,Xanh,train
img004926.jpg,Chuối xiêm,Trái,Xanh,train
img004541.jpg,Chuối xiêm,Trái,Chín,train
img002574.jpg,Chuối sáp,Trái,Chín,train
img000033.jpg,Chuối cau,Buồng,Chín,train
img000827.jpg,Chuối cau,Trái,Xanh,train
img005102.jpg,Chuối xiêm,Trái,Xanh,train
img000589.jpg,Chuối cau,Trái,Chín,train
img001285.jpg,Chuối già,Buồng,Xanh,train
img004064.jpg,Chuối xiêm,Buồng,Xanh,train
img004365.jpg,Chuối xiêm,Trái,Chín,train
img000365.jpg,Chuối cau,Trái,Chín,train
img001157.jpg,Chuối già,Buồng,Xanh,train
img003155.jpg,Chuối sáp,Trái,Xanh,train
img001481.jpg,Chuối già,Nải,Chín,train
img002326.jpg,Chuối sáp,Buồng,Xanh,train
img000117.jpg,Chuối cau,Buồng,Xanh,train
img002881.jpg,Chuối sáp,Trái,Chín,train
img003799.jpg,Chuối táo quạ,Trái,Xanh,train
img001973.jpg,Chuối già,Trái,Chín,train
img000411.jpg,Chuối cau,Trái,Chín,train
img002840.jpg,Chuối sáp,Trái,Chín,train
img002956.jpg,Chuối sáp,Trái,Chín,train
img003667.jpg,Chuối táo quạ,Nải,Chín,train
img002802.jpg,Chuối sáp,Trái,Chín,train
img002207.jpg,Chuối già,Trái,Xanh,train
img000606.jpg,Chuối cau,Trái,Chín,train
img002704.jpg,Chuối sáp,Trái,Chín,train
img000142.jpg,Chuối cau,Buồng,Xanh,train
img001311.jpg,Chuối già,Buồng,Xanh,train
img002655.jpg,Chuối sáp,Trái,Chín,train
img002988.jpg,Chuối sáp,Trái,Xanh,train
img002266.jpg,Chuối già,Trái,Xanh,train
img003147.jpg,Chuối sáp,Trái,Xanh,train
img000092.jpg,Chuối cau,Buồng,Xanh,train
img004525.jpg,Chuối xiêm,Trái,Chín,train
img000386.jpg,Chuối cau,Trái,Chín,train
img003477.jpg,Chuối sáp,Trái,Xanh,train
img000822.jpg,Chuối cau,Trái,Xanh,train
img000278.jpg,Chuối cau,Nải,Chín,train
img002458.jpg,Chuối sáp,Nải,Chín,train
img002933.jpg,Chuối sáp,Trái,Chín,train
img003521.jpg,Chuối táo quạ,Buồng,Chín,train
img004847.jpg,Chuối xiêm,Trái,Xanh,train
img002843.jpg,Chuối sáp,Trái,Chín,train
img000775.jpg,Chuối cau,Trái,Xanh,train
img003230.jpg,Chuối sáp,Trái,Xanh,train
img004020.jpg,Chuối xiêm,Buồng,Xanh,train
img002336.jpg,Chuối sáp,Buồng,Xanh,train
img003020.jpg,Chuối sáp,Trái,Xanh,train
img002281.jpg,Chuối sáp,Buồng,Chín,train
img002809.jpg,Chuối sáp,Trái,Chín,train
img003527.jpg,Chuối táo quạ,Buồng,Chín,train
img002615.jpg,Chuối sáp,Trái,Chín,train
img003745.jpg,Chuối táo quạ,Trái,Chín,train
img005099.jpg,Chuối xiêm,Trái,Xanh,train
img004220.jpg,Chuối xiêm,Nải,Chín,train
img001782.jpg,Chuối già,Trái,Chín,train
img003984.jpg,Chuối xiêm,Buồng,Xanh,train
img003090.jpg,Chuối sáp,Trái,Xanh,train
img004245.jpg,Chuối xiêm,Nải,Chín,train
img003714.jpg,Chuối táo quạ,Nải,Xanh,train
img000666.jpg,Chuối cau,Trái,Chín,train
img001597.jpg,Chuối già,Nải,Xanh,train
img004969.jpg,Chuối xiêm,Trái,Xanh,train
img000102.jpg,Chuối cau,Buồng,Xanh,train
img003023.jpg,Chuối sáp,Trái,Xanh,train
img000519.jpg,Chuối cau,Trái,Chín,train
img000057.jpg,Chuối cau,Buồng,Xanh,train
img002873.jpg,Chuối sáp,Trái,Chín,train
img001792.jpg,Chuối già,Trái,Chín,train
img003037.jpg,Chuối sáp,Trái,Xanh,train
img003597.jpg,Chuối táo quạ,Buồng,Xanh,train
img000664.jpg,Chuối cau,Trái,Chín,train
img002773.jpg,Chuối sáp,Trái,Chín,train
img002992.jpg,Chuối sáp,Trái,Xanh,train
img000118.jpg,Chuối cau,Buồng,Xanh,train
img004618.jpg,Chuối xiêm,Trái,Chín,train
img000351.jpg,Chuối cau,Trái,Chín,train
img001958.jpg,Chuối già,Trái,Chín,train
img001305.jpg,Chuối già,Buồng,Xanh,train
img000456.jpg,Chuối cau,Trái,Chín,train
img000645.jpg,Chuối cau,Trái,Chín,train
img002680.jpg,Chuối sáp,Trái,Chín,train
img004305.jpg,Chuối xiêm,Trái,Chín,train
img001269.jpg,Chuối già,Buồng,Xanh,train
img002145.jpg,Chuối già,Trái,Xanh,train
img003027.jpg,Chuối sáp,Trái,Xanh,train
img004495.jpg,Chuối xiêm,Trái,Chín,train
img003749.jpg,Chuối táo quạ,Trái,Chín,train
img002633.jpg,Chuối sáp,Trái,Chín,train
img002477.jpg,Chuối sáp,Nải,Xanh,train
img001933.jpg,Chuối già,Trái,Chín,train
img000590.jpg,Chuối cau,Trái,Chín,train
img003142.jpg,Chuối sáp,Trái,Xanh,train
img003782.jpg,Chuối táo quạ,Trái,Xanh,train
img004453.jpg,Chuối xiêm,Trái,Chín,train
img003897.jpg,Chuối xiêm,Buồng,Xanh,train
img000968.jpg,Chuối cau,Trái,Xanh,train
img002457.jpg,Chuối sáp,Nải,Chín,train
img001983.jpg,Chuối già,Trái,Chín,train
img005019.jpg,Chuối xiêm,Trái,Xanh,train
img003237.jpg,Chuối sáp,Trái,Xanh,train
img001510.jpg,Chuối già,Nải,Chín,train
img001018.jpg,Chuối cau,Trái,Xanh,train
img004110.jpg,Chuối xiêm,Buồng,Xanh,train
img003981.jpg,Chuối xiêm,Buồng,Xanh,train
img002673.jpg,Chuối sáp,Trái,Chín,train
img002364.jpg,Chuối sáp,Buồng,Xanh,train
img001862.jpg,Chuối già,Trái,Chín,train
img004242.jpg,Chuối xiêm,Nải,Chín,train
img002788.jpg,Chuối sáp,Trái,Chín,train
img003338.jpg,Chuối sáp,Trái,Xanh,train
img000722.jpg,Chuối cau,Trái,Chín,train
img001144.jpg,Chuối già,Buồng,Chín,train
img002295.jpg,Chuối sáp,Buồng,Chín,train
img000490.jpg,Chuối cau,Trái,Chín,train
img001094.jpg,Chuối cau,Trái,Xanh,train
img000070.jpg,Chuối cau,Buồng,Xanh,train
img002304.jpg,Chuối sáp,Buồng,Chín,train
img004661.jpg,Chuối xiêm,Trái,Xanh,train
img001353.jpg,Chuối già,Buồng,Xanh,train
img000168.jpg,Chuối cau,Nải,Chín,train
img001857.jpg,Chuối già,Trái,Chín,train
img000579.jpg,Chuối cau,Trái,Chín,train
img003552.jpg,Chuối táo quạ,Buồng,Xanh,train
img004983.jpg,Chuối xiêm,Trái,Xanh,train
img002274.jpg,Chuối già,Trái,Xanh,train
img005132.jpg,Chuối xiêm,Trái,Xanh,train
img003458.jpg,Chuối sáp,Trái,Xanh,train
img000322.jpg,Chuối cau,Nải,Xanh,train
img000121.jpg,Chuối cau,Buồng,Xanh,train
img002361.jpg,Chuối sáp,Buồng,Xanh,train
img002160.jpg,Chuối già,Trái,Xanh,train
img000972.jpg,Chuối cau,Trái,Xanh,train
img000992.jpg,Chuối cau,Trái,Xanh,train
img000961.jpg,Chuối cau,Trái,Xanh,train
img002297.jpg,Chuối sáp,Buồng,Chín,train
img004351.jpg,Chuối xiêm,Trái,Chín,train
img004794.jpg,Chuối xiêm,Trái,Xanh,train
img004897.jpg,Chuối xiêm,Trái,Xanh,train
img004820.jpg,Chuối xiêm,Trái,Xanh,train
img001171.jpg,Chuối già,Buồng,Xanh,train
img004501.jpg,Chuối xiêm,Trái,Chín,train
img000557.jpg,Chuối cau,Trái,Chín,train
img000221.jpg,Chuối cau,Nải,Chín,train
img000570.jpg,Chuối cau,Trái,Chín,train
img003785.jpg,Chuối táo quạ,Trái,Xanh,train
img000198.jpg,Chuối cau,Nải,Chín,train
img001409.jpg,Chuối già,Buồng,Xanh,train
img003007.jpg,Chuối sáp,Trái,Xanh,train
img004266.jpg,Chuối xiêm,Nải,Xanh,train
img002320.jpg,Chuối sáp,Buồng,Xanh,train
img002046.jpg,Chuối già,Trái,Xanh,train
img000810.jpg,Chuối cau,Trái,Xanh,train
img001703.jpg,Chuối già,Trái,Chín,train
img005085.jpg,Chuối xiêm,Trái,Xanh,train
img001416.jpg,Chuối già,Buồng,Xanh,train
img003158.jpg,Chuối sáp,Trái,Xanh,train
img003107.jpg,Chuối sáp,Trái,Xanh,train
img000259.jpg,Chuối cau,Nải,Chín,train
img000712.jpg,Chuối cau,Trái,Chín,train
img000798.jpg,Chuối cau,Trái,Xanh,train
img002056.jpg,Chuối già,Trái,Xanh,train
img004358.jpg,Chuối xiêm,Trái,Chín,train
img000181.png,Chuối cau,Nải,Chín,train
img003801.jpg,Chuối táo quạ,Trái,Xanh,train
img003226.jpg,Chuối sáp,Trái,Xanh,train
img004072.jpg,Chuối xiêm,Buồng,Xanh,train
img003298.jpg,Chuối sáp,Trái,Xanh,train
img002195.jpg,Chuối già,Trái,Xanh,train
img002717.jpg,Chuối sáp,Trái,Chín,train
img002226.jpg,Chuối già,Trái,Xanh,train
img001945.jpg,Chuối già,Trái,Chín,train
img003277.jpg,Chuối sáp,Trái,Xanh,train
img003173.jpg,Chuối sáp,Trái,Xanh,train
img004667.jpg,Chuối xiêm,Trái,Xanh,train
img003393.jpg,Chuối sáp,Trái,Xanh,train
img005126.jpg,Chuối xiêm,Trái,Xanh,train
img003665.jpg,Chuối táo quạ,Nải,Chín,train
img003153.jpg,Chuối sáp,Trái,Xanh,train
img000977.jpg,Chuối cau,Trái,Xanh,train
img001266.jpg,Chuối già,Buồng,Xanh,train
img001231.jpg,Chuối già,Buồng,Xanh,train
img000782.jpg,Chuối cau,Trái,Xanh,train
img003209.jpg,Chuối sáp,Trái,Xanh,train
img001191.jpg,Chuối già,Buồng,Xanh,train
img003099.jpg,Chuối sáp,Trái,Xanh,train
img005039.jpg,Chuối xiêm,Trái,Xanh,train
img002894.jpg,Chuối sáp,Trái,Chín,train
img000701.jpg,Chuối cau,Trái,Chín,train
img003095.jpg,Chuối sáp,Trái,Xanh,train
img001914.jpg,Chuối già,Trái,Chín,train
img002498.jpg,Chuối sáp,Nải,Xanh,train
img004529.jpg,Chuối xiêm,Trái,Chín,train
img004226.jpg,Chuối xiêm,Nải,Chín,train
img001591.jpg,Chuối già,Nải,Xanh,train
img000108.jpg,Chuối cau,Buồng,Xanh,train
img004986.jpg,Chuối xiêm,Trái,Xanh,train
img000487.jpg,Chuối cau,Trái,Chín,train
img001320.jpg,Chuối già,Buồng,Xanh,train
img001023.jpg,Chuối cau,Trái,Xanh,train
img002730.jpg,Chuối sáp,Trái,Chín,train
img003896.jpg,Chuối xiêm,Buồng,Chín,train
img005135.jpg,Chuối xiêm,Trái,Xanh,train
img004638.jpg,Chuối xiêm,Trái,Chín,train
img000381.jpg,Chuối cau,Trái,Chín,train
img001997.jpg,Chuối già,Trái,Chín,train
img004179.jpg,Chuối xiêm,Nải,Chín,train
img004675.jpg,Chuối xiêm,Trái,Xanh,train
img002573.jpg,Chuối sáp,Trái,Chín,train
img000861.jpg,Chuối cau,Trái,Xanh,train
img002734.jpg,Chuối sáp,Trái,Chín,train
img000355.jpg,Chuối cau,Trái,Chín,train
img002659.jpg,Chuối sáp,Trái,Chín,train
img003936.jpg,Chuối xiêm,Buồng,Xanh,train
img003867.jpg,Chuối xiêm,Buồng,Chín,train
img002579.jpg,Chuối sáp,Trái,Chín,train
img003175.jpg,Chuối sáp,Trái,Xanh,train
img001221.jpg,Chuối già,Buồng,Xanh,train
img004008.jpg,Chuối xiêm,Buồng,Xanh,train
img000623.jpg,Chuối cau,Trái,Chín,train
img003960.jpg,Chuối xiêm,Buồng,Xanh,train
img003467.jpg,Chuối sáp,Trái,Xanh,train
img003841.jpg,Chuối xiêm,Buồng,Chín,train
img003805.jpg,Chuối táo quạ,Trái,Xanh,train
img001117.jpg,Chuối cau,Trái,Xanh,train
img004421.jpg,Chuối xiêm,Trái,Chín,train
img004869.jpg,Chuối xiêm,Trái,Xanh,train
img004633.jpg,Chuối xiêm,Trái,Chín,train
img002882.jpg,Chuối sáp,Trái,Chín,train
img001700.jpg,Chuối già,Trái,Chín,train
img001823.jpg,Chuối già,Trái,Chín,train
img003320.jpg,Chuối sáp,Trái,Xanh,train
img005153.jpg,Chuối xiêm,Trái,Xanh,train
img003182.jpg,Chuối sáp,Trái,Xanh,train
img001827.jpg,Chuối già,Trái,Chín,train
img005096.jpg,Chuối xiêm,Trái,Xanh,train
img002350.jpg,Chuối sáp,Buồng,Xanh,train
img001609.jpg,Chuối già,Nải,Xanh,train
img000903.jpg,Chuối cau,Trái,Xanh,train
img001424.jpg,Chuối già,Buồng,Xanh,train
img003475.jpg,Chuối sáp,Trái,Xanh,train
img001150.jpg,Chuối già,Buồng,Xanh,train
img000485.jpg,Chuối cau,Trái,Chín,train
img004461.jpg,Chuối xiêm,Trái,Chín,train
img002784.jpg,Chuối sáp,Trái,Chín,train
img001835.jpg,Chuối già,Trái,Chín,train
img002983.jpg,Chuối sáp,Trái,Xanh,train
img004291.jpg,Chuối xiêm,Trái,Chín,train
img000566.jpg,Chuối cau,Trái,Chín,train
img000840.jpg,Chuối cau,Trái,Xanh,train
img001754.jpg,Chuối già,Trái,Chín,train
img001550.jpg,Chuối già,Nải,Chín,train
img003716.jpg,Chuối táo quạ,Nải,Xanh,train
img003336.jpg,Chuối sáp,Trái,Xanh,train
img004403.jpg,Chuối xiêm,Trái,Chín,train
img001423.jpg,Chuối già,Buồng,Xanh,train
img002110.jpg,Chuối già,Trái,Xanh,train
img004371.jpg,Chuối xiêm,Trái,Chín,train
img003763.jpg,Chuối táo quạ,Trái,Chín,train
img002349.jpg,Chuối sáp,Buồng,Xanh,train
img001458.jpg,Chuối già,Nải,Chín,train
img004997.jpg,Chuối xiêm,Trái,Xanh,train
img004476.jpg,Chuối xiêm,Trái,Chín,train
img004345.jpg,Chuối xiêm,Trái,Chín,train
img002796.jpg,Chuối sáp,Trái,Chín,train
img004427.jpg,Chuối xiêm,Trái,Chín,train
img001549.jpg,Chuối già,Nải,Chín,train
img002697.jpg,Chuối sáp,Trái,Chín,train
img001063.jpg,Chuối cau,Trái,Xanh,train
img005070.jpg,Chuối xiêm,Trái,Xanh,train
img003218.jpg,Chuối sáp,Trái,Xanh,train
img002644.jpg,Chuối sáp,Trái,Chín,train
img002777.jpg,Chuối sáp,Trái,Chín,train
img001137.jpg,Chuối già,Buồng,Chín,train
img000707.jpg,Chuối cau,Trái,Chín,train
img001280.jpg,Chuối già,Buồng,Xanh,train
img003849.jpg,Chuối xiêm,Buồng,Chín,train
img001614.jpg,Chuối già,Nải,Xanh,train
img003302.jpg,Chuối sáp,Trái,Xanh,train
img002116.jpg,Chuối già,Trái,Xanh,train
img003305.jpg,Chuối sáp,Trái,Xanh,train
img000171.jpg,Chuối cau,Nải,Chín,train
img001167.jpg,Chuối già,Buồng,Xanh,train
img004085.jpg,Chuối xiêm,Buồng,Xanh,train
img004721.jpg,Chuối xiêm,Trái,Xanh,train
img004050.jpg,Chuối xiêm,Buồng,Xanh,train
img002801.jpg,Chuối sáp,Trái,Chín,train
img001866.jpg,Chuối già,Trái,Chín,train
img000174.jpg,Chuối cau,Nải,Chín,train
img003659.jpg,Chuối táo quạ,Nải,Chín,train
img003185.jpg,Chuối sáp,Trái,Xanh,train
img003690.jpg,Chuối táo quạ,Nải,Xanh,train
img001007.jpg,Chuối cau,Trái,Xanh,train
img003418.jpg,Chuối sáp,Trái,Xanh,train
img002358.jpg,Chuối sáp,Buồng,Xanh,train
img004961.jpg,Chuối xiêm,Trái,Xanh,train
img005093.jpg,Chuối xiêm,Trái,Xanh,train
img000584.jpg,Chuối cau,Trái,Chín,train
img001442.jpg,Chuối già,Nải,Chín,train
img000408.jpg,Chuối cau,Trái,Chín,train
img001873.jpg,Chuối già,Trái,Chín,train
img001161.jpg,Chuối già,Buồng,Xanh,train
img004990.jpg,Chuối xiêm,Trái,Xanh,train
img004738.jpg,Chuối xiêm,Trái,Xanh,train
img004397.jpg,Chuối xiêm,Trái,Chín,train
img000291.jpg,Chuối cau,Nải,Chín,train
img003162.jpg,Chuối sáp,Trái,Xanh,train
img000980.jpg,Chuối cau,Trái,Xanh,train
img002866.jpg,Chuối sáp,Trái,Chín,train
img000803.jpg,Chuối cau,Trái,Xanh,train
img005141.jpg,Chuối xiêm,Trái,Xanh,train
img001528.jpg,Chuối già,Nải,Chín,train
img003140.jpg,Chuối sáp,Trái,Xanh,train
img002389.jpg,Chuối sáp,Buồng,Xanh,train
img004685.jpg,Chuối xiêm,Trái,Xanh,train
img002075.jpg,Chuối già,Trái,Xanh,train
img003109.jpg,Chuối sáp,Trái,Xanh,train
img000360.jpg,Chuối cau,Trái,Chín,train
img003776.jpg,Chuối táo quạ,Trái,Chín,train
img000246.jpg,Chuối cau,Nải,Chín,train
img000128.jpg,Chuối cau,Buồng,Xanh,train
img001359.jpg,Chuối già,Buồng,Xanh,train
img000688.jpg,Chuối cau,Trái,Chín,train
img003308.jpg,Chuối sáp,Trái,Xanh,train
img003011.jpg,Chuối sáp,Trái,Xanh,train
img003727.jpg,Chuối táo quạ,Nải,Xanh,train
img002768.jpg,Chuối sáp,Trái,Chín,train
img001160.jpg,Chuối già,Buồng,Xanh,train
img001259.jpg,Chuối già,Buồng,Xanh,train
img000352.jpg,Chuối cau,Trái,Chín,train
img004340.jpg,Chuối xiêm,Trái,Chín,train
img000067.jpg,Chuối cau,Buồng,Xanh,train
img001260.jpg,Chuối già,Buồng,Xanh,train
img000870.jpg,Chuối cau,Trái,Xanh,train
img001358.jpg,Chuối già,Buồng,Xanh,train
img001174.jpg,Chuối già,Buồng,Xanh,train
img000981.jpg,Chuối cau,Trái,Xanh,train
img002086.jpg,Chuối già,Trái,Xanh,train
img004817.jpg,Chuối xiêm,Trái,Xanh,train
img003596.jpg,Chuối táo quạ,Buồng,Xanh,train
img003822.jpg,Chuối xiêm,Buồng,Chín,train
img003074.jpg,Chuối sáp,Trái,Xanh,train
img004463.jpg,Chuối xiêm,Trái,Chín,train
img000348.jpg,Chuối cau,Nải,Xanh,train
img003845.jpg,Chuối xiêm,Buồng,Chín,train
img002623.jpg,Chuối sáp,Trái,Chín,train
img001450.jpg,Chuối già,Nải,Chín,train
img002590.jpg,Chuối sáp,Trái,Chín,train
img000257.jpg,Chuối cau,Nải,Chín,train
img000620.jpg,Chuối cau,Trái,Chín,train
img004680.jpg,Chuối xiêm,Trái,Xanh,train
img000737.jpg,Chuối cau,Trái,Chín,train
img001924.jpg,Chuối già,Trái,Chín,train
img003314.jpg,Chuối sáp,Trái,Xanh,train
img002039.jpg,Chuối già,Trái,Xanh,train
img001293.jpg,Chuối già,Buồng,Xanh,train
img003471.jpg,Chuối sáp,Trái,Xanh,train
img004884.jpg,Chuối xiêm,Trái,Xanh,train
img001402.jpg,Chuối già,Buồng,Xanh,train
img004136.jpg,Chuối xiêm,Buồng,Xanh,train
img003144.jpg,Chuối sáp,Trái,Xanh,train
img003778.jpg,Chuối táo quạ,Trái,Xanh,train
img004480.jpg,Chuối xiêm,Trái,Chín,train
img004302.jpg,Chuối xiêm,Trái,Chín,train
img002720.jpg,Chuối sáp,Trái,Chín,train
img003725.jpg,Chuối táo quạ,Nải,Xanh,train
img005059.jpg,Chuối xiêm,Trái,Xanh,train
img001940.jpg,Chuối già,Trái,Chín,train
img002889.jpg,Chuối sáp,Trái,Chín,train
img002308.jpg,Chuối sáp,Buồng,Xanh,train
img004448.jpg,Chuối xiêm,Trái,Chín,train
img002084.jpg,Chuối già,Trái,Xanh,train
img001979.jpg,Chuối già,Trái,Chín,train
img000392.jpg,Chuối cau,Trái,Chín,train
img001031.jpg,Chuối cau,Trái,Xanh,train
img005031.jpg,Chuối xiêm,Trái,Xanh,train
img005017.jpg,Chuối xiêm,Trái,Xanh,train
img000209.jpg,Chuối cau,Nải,Chín,train
img002161.jpg,Chuối già,Trái,Xanh,train
img004148.png,Chuối xiêm,Buồng,Xanh,train
img004113.jpg,Chuối xiêm,Buồng,Xanh,train
img003449.jpg,Chuối sáp,Trái,Xanh,train
img003519.jpg,Chuối sáp,Trái,Xanh,train
img000254.jpg,Chuối cau,Nải,Chín,train
img002516.jpg,Chuối sáp,Nải,Xanh,train
img004325.jpg,Chuối xiêm,Trái,Chín,train
img001347.jpg,Chuối già,Buồng,Xanh,train
img002042.jpg,Chuối già,Trái,Xanh,train
img003419.jpg,Chuối sáp,Trái,Xanh,train
img001600.jpg,Chuối già,Nải,Xanh,train
img005163.jpg,Chuối xiêm,Trái,Xanh,train
img000240.jpg,Chuối cau,Nải,Chín,train
img001955.jpg,Chuối già,Trái,Chín,train
img001559.jpg,Chuối già,Nải,Chín,train
img003186.jpg,Chuối sáp,Trái,Xanh,train
img004479.jpg,Chuối xiêm,Trái,Chín,train
img003933.jpg,Chuối xiêm,Buồng,Xanh,train
img002949.jpg,Chuối sáp,Trái,Chín,train
img002150.jpg,Chuối già,Trái,Xanh,train
img003424.jpg,Chuối sáp,Trái,Xanh,train
img003154.jpg,Chuối sáp,Trái,Xanh,train
img001128.jpg,Chuối già,Buồng,Chín,train
img002564.jpg,Chuối sáp,Trái,Chín,train
img003312.jpg,Chuối sáp,Trái,Xanh,train
img000674.jpg,Chuối cau,Trái,Chín,train
img001764.jpg,Chuối già,Trái,Chín,train
img000050.jpg,Chuối cau,Buồng,Xanh,train
img001722.jpg,Chuối già,Trái,Chín,train
img003044.jpg,Chuối sáp,Trái,Xanh,train
img000019.jpg,Chuối cau,Buồng,Chín,train
img002115.jpg,Chuối già,Trái,Xanh,train
img004793.jpg,Chuối xiêm,Trái,Xanh,train
img003315.jpg,Chuối sáp,Trái,Xanh,train
img002748.jpg,Chuối sáp,Trái,Chín,train
img004931.jpg,Chuối xiêm,Trái,Xanh,train
img003046.jpg,Chuối sáp,Trái,Xanh,train
img003579.jpg,Chuối táo quạ,Buồng,Xanh,train
img001066.jpg,Chuối cau,Trái,Xanh,train
img001799.jpg,Chuối già,Trái,Chín,train
img001874.jpg,Chuối già,Trái,Chín,train
img003902.jpg,Chuối xiêm,Buồng,Xanh,train
img003517.jpg,Chuối sáp,Trái,Xanh,train
img001056.jpg,Chuối cau,Trái,Xanh,train
img000652.jpg,Chuối cau,Trái,Chín,train
img001075.jpg,Chuối cau,Trái,Xanh,train
img004651.jpg,Chuối xiêm,Trái,Xanh,train
img001876.jpg,Chuối già,Trái,Chín,train
img000993.jpg,Chuối cau,Trái,Xanh,train
img002331.jpg,Chuối sáp,Buồng,Xanh,train
img002841.jpg,Chuối sáp,Trái,Chín,train
img003240.jpg,Chuối sáp,Trái,Xanh,train
img002425.jpg,Chuối sáp,Nải,Chín,train
img003415.jpg,Chuối sáp,Trái,Xanh,train
img003754.jpg,Chuối táo quạ,Trái,Chín,train
img004975.jpg,Chuối xiêm,Trái,Xanh,train
img001489.jpg,Chuối già,Nải,Chín,train
img001790.jpg,Chuối già,Trái,Chín,train
img001291.jpg,Chuối già,Buồng,Xanh,train
img003678.jpg,Chuối táo quạ,Nải,Xanh,train
img000947.jpg,Chuối cau,Trái,Xanh,train
img004477.jpg,Chuối xiêm,Trái,Chín,train
img002076.jpg,Chuối già,Trái,Xanh,train
img002864.jpg,Chuối sáp,Trái,Chín,train
img004284.jpg,Chuối xiêm,Nải,Xanh,train
img003755.jpg,Chuối táo quạ,Trái,Chín,train
img002147.jpg,Chuối già,Trái,Xanh,train
img000074.jpg,Chuối cau,Buồng,Xanh,train
img002859.jpg,Chuối sáp,Trái,Chín,train
img003978.jpg,Chuối xiêm,Buồng,Xanh,train
img002856.jpg,Chuối sáp,Trái,Chín,train
img003143.jpg,Chuối sáp,Trái,Xanh,train
img003561.jpg,Chuối táo quạ,Buồng,Xanh,train
img000455.jpg,Chuối cau,Trái,Chín,train
img002632.jpg,Chuối sáp,Trái,Chín,train
img001333.jpg,Chuối già,Buồng,Xanh,train
img004554.jpg,Chuối xiêm,Trái,Chín,train
img000702.jpg,Chuối cau,Trái,Chín,train
img001546.jpg,Chuối già,Nải,Chín,train
img001797.jpg,Chuối già,Trái,Chín,train
img000140.jpg,Chuối cau,Buồng,Xanh,train
img002192.jpg,Chuối già,Trái,Xanh,train
img002133.jpg,Chuối già,Trái,Xanh,train
img004312.jpg,Chuối xiêm,Trái,Chín,train
img003950.jpg,Chuối xiêm,Buồng,Xanh,train
img004974.jpg,Chuối xiêm,Trái,Xanh,train
img001850.jpg,Chuối già,Trái,Chín,train
img001629.jpg,Chuối già,Nải,Xanh,train
img004622.jpg,Chuối xiêm,Trái,Chín,train
img002456.jpg,Chuối sáp,Nải,Chín,train
img002354.jpg,Chuối sáp,Buồng,Xanh,train
img000484.jpg,Chuối cau,Trái,Chín,train
img003874.jpg,Chuối xiêm,Buồng,Chín,train
img003636.jpg,Chuối táo quạ,Nải,Chín,train
img000583.jpg,Chuối cau,Trái,Chín,train
img000796.jpg,Chuối cau,Trái,Xanh,train
img002799.jpg,Chuối sáp,Trái,Chín,train
img004631.jpg,Chuối xiêm,Trái,Chín,train
img003505.jpg,Chuối sáp,Trái,Xanh,train
img000435.jpg,Chuối cau,Trái,Chín,train
img004777.jpg,Chuối xiêm,Trái,Xanh,train
img005100.jpg,Chuối xiêm,Trái,Xanh,train
img001380.jpg,Chuối già,Buồng,Xanh,train
img003905.jpg,Chuối xiêm,Buồng,Xanh,train
img003651.jpg,Chuối táo quạ,Nải,Chín,train
img002177.jpg,Chuối già,Trái,Xanh,train
img001177.jpg,Chuối già,Buồng,Xanh,train
img003820.jpg,Chuối xiêm,Buồng,Chín,train
img004047.jpg,Chuối xiêm,Buồng,Xanh,train
img002330.jpg,Chuối sáp,Buồng,Xanh,train
img003097.jpg,Chuối sáp,Trái,Xanh,train
img002550.jpg,Chuối sáp,Nải,Xanh,train
img003457.jpg,Chuối sáp,Trái,Xanh,train
img004278.jpg,Chuối xiêm,Nải,Xanh,train
img001082.jpg,Chuối cau,Trái,Xanh,train
img004980.jpg,Chuối xiêm,Trái,Xanh,train
img003481.jpg,Chuối sáp,Trái,Xanh,train
img002137.jpg,Chuối già,Trái,Xanh,train
img002530.jpg,Chuối sáp,Nải,Xanh,train
img001741.jpg,Chuối già,Trái,Chín,train
img003456.jpg,Chuối sáp,Trái,Xanh,train
img000552.jpg,Chuối cau,Trái,Chín,train
img002559.jpg,Chuối sáp,Nải,Xanh,train
img004950.jpg,Chuối xiêm,Trái,Xanh,train
img003957.jpg,Chuối xiêm,Buồng,Xanh,train
img000889.jpg,Chuối cau,Trái,Xanh,train
img003607.jpg,Chuối táo quạ,Buồng,Xanh,train
img002941.jpg,Chuối sáp,Trái,Chín,train
img002754.jpg,Chuối sáp,Trái,Chín,train
img000088.jpg,Chuối cau,Buồng,Xanh,train
img004416.jpg,Chuối xiêm,Trái,Chín,train
img001518.jpg,Chuối già,Nải,Chín,train
img001356.jpg,Chuối già,Buồng,Xanh,train
img002902.jpg,Chuối sáp,Trái,Chín,train
img003344.jpg,Chuối sáp,Trái,Xanh,train
img001765.jpg,Chuối già,Trái,Chín,train
img002058.jpg,Chuối già,Trái,Xanh,train
img003130.jpg,Chuối sáp,Trái,Xanh,train
img001501.jpg,Chuối già,Nải,Chín,train
img002977.jpg,Chuối sáp,Trái,Xanh,train
img001751.jpg,Chuối già,Trái,Chín,train
img002509.jpg,Chuối sáp,Nải,Xanh,train
img000275.jpg,Chuối cau,Nải,Chín,train
img002684.jpg,Chuối sáp,Trái,Chín,train
img000669.jpg,Chuối cau,Trái,Chín,train
img001883.jpg,Chuối già,Trái,Chín,train
img004262.jpg,Chuối xiêm,Nải,Xanh,train
img002057.jpg,Chuối già,Trái,Xanh,train
img004949.jpg,Chuối xiêm,Trái,Xanh,train
img003601.jpg,Chuối táo quạ,Buồng,Xanh,train
img003532.jpg,Chuối táo quạ,Buồng,Xanh,train
img003264.jpg,Chuối sáp,Trái,Xanh,train
img004670.jpg,Chuối xiêm,Trái,Xanh,train
img004028.jpg,Chuối xiêm,Buồng,Xanh,train
img001865.jpg,Chuối già,Trái,Chín,train
img002872.jpg,Chuối sáp,Trái,Chín,train
img002524.jpg,Chuối sáp,Nải,Xanh,train
img001899.jpg,Chuối già,Trái,Chín,train
img002494.jpg,Chuối sáp,Nải,Xanh,train
img003839.jpg,Chuối xiêm,Buồng,Chín,train
img002190.jpg,Chuối già,Trái,Xanh,train
img004392.jpg,Chuối xiêm,Trái,Chín,train
img002215.jpg,Chuối già,Trái,Xanh,train
img000949.jpg,Chuối cau,Trái,Xanh,train
img002577.jpg,Chuối sáp,Trái,Chín,train
img003518.jpg,Chuối sáp,Trái,Xanh,train
img003840.jpg,Chuối xiêm,Buồng,Chín,train
img003168.jpg,Chuối sáp,Trái,Xanh,train
img002589.jpg,Chuối sáp,Trái,Chín,train
img003735.jpg,Chuối táo quạ,Trái,Chín,train
img001439.jpg,Chuối già,Nải,Chín,train
img000506.jpg,Chuối cau,Trái,Chín,train
img000678.jpg,Chuối cau,Trái,Chín,train
img000530.jpg,Chuối cau,Trái,Chín,train
img002194.jpg,Chuối già,Trái,Xanh,train
img003740.jpg,Chuối táo quạ,Trái,Chín,train
img000229.jpg,Chuối cau,Nải,Chín,train
img000461.jpg,Chuối cau,Trái,Chín,train
img004031.jpg,Chuối xiêm,Buồng,Xanh,train
img005129.jpg,Chuối xiêm,Trái,Xanh,train
img000505.jpg,Chuối cau,Trái,Chín,train
img001794.jpg,Chuối già,Trái,Chín,train
img000122.jpg,Chuối cau,Buồng,Xanh,train
img000044.jpg,Chuối cau,Buồng,Xanh,train
img003080.jpg,Chuối sáp,Trái,Xanh,train
img004891.jpg,Chuối xiêm,Trái,Xanh,train
img003640.jpg,Chuối táo quạ,Nải,Chín,train
img001716.jpg,Chuối già,Trái,Chín,train
img003741.jpg,Chuối táo quạ,Trái,Chín,train
img002661.jpg,Chuối sáp,Trái,Chín,train
img005032.jpg,Chuối xiêm,Trái,Xanh,train
img000757.jpg,Chuối cau,Trái,Xanh,train
img001817.jpg,Chuối già,Trái,Chín,train
img003160.jpg,Chuối sáp,Trái,Xanh,train
img001891.jpg,Chuối già,Trái,Chín,train
img002711.jpg,Chuối sáp,Trái,Chín,train
img003876.jpg,Chuối xiêm,Buồng,Chín,train
img004090.jpg,Chuối xiêm,Buồng,Xanh,train
img001315.jpg,Chuối già,Buồng,Xanh,train
img000296.jpg,Chuối cau,Nải,Xanh,train
img000389.jpg,Chuối cau,Trái,Chín,train
img005118.jpg,Chuối xiêm,Trái,Xanh,train
img004727.jpg,Chuối xiêm,Trái,Xanh,train
img004424.jpg,Chuối xiêm,Trái,Chín,train
img004256.jpg,Chuối xiêm,Nải,Xanh,train
img001978.jpg,Chuối già,Trái,Chín,train
img003034.jpg,Chuối sáp,Trái,Xanh,train
img002411.jpg,Chuối sáp,Buồng,Xanh,train
img003878.jpg,Chuối xiêm,Buồng,Chín,train
img002017.jpg,Chuối già,Trái,Xanh,train
img004596.jpg,Chuối xiêm,Trái,Chín,train
img004016.jpg,Chuối xiêm,Buồng,Xanh,train
img002844.jpg,Chuối sáp,Trái,Chín,train
img004332.jpg,Chuối xiêm,Trái,Chín,train
img004390.jpg,Chuối xiêm,Trái,Chín,train
img002595.jpg,Chuối sáp,Trái,Chín,train
img004732.jpg,Chuối xiêm,Trái,Xanh,train
img005015.jpg,Chuối xiêm,Trái,Xanh,train
img001033.jpg,Chuối cau,Trái,Xanh,train
img004408.jpg,Chuối xiêm,Trái,Chín,train
img003932.jpg,Chuối xiêm,Buồng,Xanh,train
img003649.jpg,Chuối táo quạ,Nải,Chín,train
img003270.jpg,Chuối sáp,Trái,Xanh,train
img004865.jpg,Chuối xiêm,Trái,Xanh,train
img004827.jpg,Chuối xiêm,Trái,Xanh,train
img003038.jpg,Chuối sáp,Trái,Xanh,train
img003413.jpg,Chuối sáp,Trái,Xanh,train
img003289.jpg,Chuối sáp,Trái,Xanh,train
img002250.jpg,Chuối già,Trái,Xanh,train
img001526.jpg,Chuối già,Nải,Chín,train
img002862.jpg,Chuối sáp,Trái,Chín,train
img000323.jpg,Chuối cau,Nải,Xanh,train
img000223.jpg,Chuối cau,Nải,Chín,train
img001734.jpg,Chuối già,Trái,Chín,train
img004803.jpg,Chuối xiêm,Trái,Xanh,train
img000925.jpg,Chuối cau,Trái,Xanh,train
img004188.jpg,Chuối xiêm,Nải,Chín,train
img002136.jpg,Chuối già,Trái,Xanh,train
img004098.jpg,Chuối xiêm,Buồng,Xanh,train
img001508.jpg,Chuối già,Nải,Chín,train
img005087.jpg,Chuối xiêm,Trái,Xanh,train
img002178.jpg,Chuối già,Trái,Xanh,train
img004033.jpg,Chuối xiêm,Buồng,Xanh,train
img004716.jpg,Chuối xiêm,Trái,Xanh,train
img003963.jpg,Chuối xiêm,Buồng,Xanh,train
img001142.jpg,Chuối già,Buồng,Chín,train
img000182.jpg,Chuối cau,Nải,Chín,train
img005080.jpg,Chuối xiêm,Trái,Xanh,train
img001698.jpg,Chuối già,Trái,Chín,train
img002489.jpg,Chuối sáp,Nải,Xanh,train
img002826.jpg,Chuối sáp,Trái,Chín,train
img001951.jpg,Chuối già,Trái,Chín,train
img001964.jpg,Chuối già,Trái,Chín,train
img001230.jpg,Chuối già,Buồng,Xanh,train
img003958.jpg,Chuối xiêm,Buồng,Xanh,train
img004381.jpg,Chuối xiêm,Trái,Chín,train
img000706.jpg,Chuối cau,Trái,Chín,train
img003137.jpg,Chuối sáp,Trái,Xanh,train
img001370.jpg,Chuối già,Buồng,Xanh,train
img003582.jpg,Chuối táo quạ,Buồng,Xanh,train
img000574.jpg,Chuối cau,Trái,Chín,train
img004740.jpg,Chuối xiêm,Trái,Xanh,train
img000316.jpg,Chuối cau,Nải,Xanh,train
img005034.jpg,Chuối xiêm,Trái,Xanh,train
img001879.jpg,Chuối già,Trái,Chín,train
img000336.jpg,Chuối cau,Nải,Xanh,train
img000942.jpg,Chuối cau,Trái,Xanh,train
img003792.jpg,Chuối táo quạ,Trái,Xanh,train
img003773.jpg,Chuối táo quạ,Trái,Chín,train
img002944.jpg,Chuối sáp,Trái,Chín,train
img002737.jpg,Chuối sáp,Trái,Chín,train
img004422.jpg,Chuối xiêm,Trái,Chín,train
img001212.jpg,Chuối già,Buồng,Xanh,train
img001626.jpg,Chuối già,Nải,Xanh,train
img003835.jpg,Chuối xiêm,Buồng,Chín,train
img000361.jpg,Chuối cau,Trái,Chín,train
img001888.jpg,Chuối già,Trái,Chín,train
img005028.jpg,Chuối xiêm,Trái,Xanh,train
img002656.jpg,Chuối sáp,Trái,Chín,train
img003536.jpg,Chuối táo quạ,Buồng,Xanh,train
img001826.jpg,Chuối già,Trái,Chín,train
img002966.jpg,Chuối sáp,Trái,Xanh,train
img001480.jpg,Chuối già,Nải,Chín,train
img000403.jpg,Chuối cau,Trái,Chín,train
img002401.jpg,Chuối sáp,Buồng,Xanh,train
img004432.jpg,Chuối xiêm,Trái,Chín,train
img003610.jpg,Chuối táo quạ,Buồng,Xanh,train
img002287.jpg,Chuối sáp,Buồng,Chín,train
img002140.jpg,Chuối già,Trái,Xanh,train
img001074.jpg,Chuối cau,Trái,Xanh,train
img004872.jpg,Chuối xiêm,Trái,Xanh,train
img002930.jpg,Chuối sáp,Trái,Chín,train
img004901.jpg,Chuối xiêm,Trái,Xanh,train
img000686.jpg,Chuối cau,Trái,Chín,train
img004977.jpg,Chuối xiêm,Trái,Xanh,train
img003892.jpg,Chuối xiêm,Buồng,Chín,train
img003673.jpg,Chuối táo quạ,Nải,Chín,train
img002806.jpg,Chuối sáp,Trái,Chín,train
img001592.jpg,Chuối già,Nải,Xanh,train
img000779.jpg,Chuối cau,Trái,Xanh,train
img000605.jpg,Chuối cau,Trái,Chín,train
img003233.jpg,Chuối sáp,Trái,Xanh,train
img000920.jpg,Chuối cau,Trái,Xanh,train
img004331.jpg,Chuối xiêm,Trái,Chín,train
img001721.jpg,Chuối già,Trái,Chín,train
img001386.jpg,Chuối già,Buồng,Xanh,train
img001552.jpg,Chuối già,Nải,Chín,train
img002262.jpg,Chuối già,Trái,Xanh,train
img003461.jpg,Chuối sáp,Trái,Xanh,train
img000900.jpg,Chuối cau,Trái,Xanh,train
img000824.jpg,Chuối cau,Trái,Xanh,train
img002546.jpg,Chuối sáp,Nải,Xanh,train
img004449.jpg,Chuối xiêm,Trái,Chín,train
img005178.jpg,Chuối xiêm,Trái,Xanh,train
img001980.jpg,Chuối già,Trái,Chín,train
img000548.jpg,Chuối cau,Trái,Chín,train
img001677.jpg,Chuối già,Trái,Chín,train
img004676.jpg,Chuối xiêm,Trái,Xanh,train
img000716.jpg,Chuối cau,Trái,Chín,train
img001471.jpg,Chuối già,Nải,Chín,train
img003472.jpg,Chuối sáp,Trái,Xanh,train
img002610.jpg,Chuối sáp,Trái,Chín,train
img000744.jpg,Chuối cau,Trái,Chín,train
img000540.jpg,Chuối cau,Trái,Chín,train
img000298.jpg,Chuối cau,Nải,Xanh,train
img002004.jpg,Chuối già,Trái,Chín,train
img000635.jpg,Chuối cau,Trái,Chín,train
img003271.jpg,Chuối sáp,Trái,Xanh,train
img001226.jpg,Chuối già,Buồng,Xanh,train
img003141.jpg,Chuối sáp,Trái,Xanh,train
img000939.jpg,Chuối cau,Trái,Xanh,train
img002646.jpg,Chuối sáp,Trái,Chín,train
img003781.jpg,Chuối táo quạ,Trái,Xanh,train
img004430.jpg,Chuối xiêm,Trái,Chín,train
img004280.jpg,Chuối xiêm,Nải,Xanh,train
img004063.jpg,Chuối xiêm,Buồng,Xanh,train
img005013.jpg,Chuối xiêm,Trái,Xanh,train
img000442.jpg,Chuối cau,Trái,Chín,train
img001098.jpg,Chuối cau,Trái,Xanh,train
img003290.jpg,Chuối sáp,Trái,Xanh,train
img004311.jpg,Chuối xiêm,Trái,Chín,train
img001182.jpg,Chuối già,Buồng,Xanh,train
img001438.jpg,Chuối già,Buồng,Xanh,train
img000417.jpg,Chuối cau,Trái,Chín,train
img000427.jpg,Chuối cau,Trái,Chín,train
img003378.jpg,Chuối sáp,Trái,Xanh,train
img000881.jpg,Chuối cau,Trái,Xanh,train
img004659.jpg,Chuối xiêm,Trái,Xanh,train
img003455.jpg,Chuối sáp,Trái,Xanh,train
img002507.jpg,Chuối sáp,Nải,Xanh,train
img004104.jpg,Chuối xiêm,Buồng,Xanh,train
img003035.jpg,Chuối sáp,Trái,Xanh,train
img004102.jpg,Chuối xiêm,Buồng,Xanh,train
img004877.jpg,Chuối xiêm,Trái,Xanh,train
img002602.jpg,Chuối sáp,Trái,Chín,train
img002747.jpg,Chuối sáp,Trái,Chín,train
img004652.jpg,Chuối xiêm,Trái,Xanh,train
img004833.jpg,Chuối xiêm,Trái,Xanh,train
img000325.jpg,Chuối cau,Nải,Xanh,train
img002620.jpg,Chuối sáp,Trái,Chín,train
img000154.jpg,Chuối cau,Buồng,Xanh,train
img000693.jpg,Chuối cau,Trái,Chín,train
img000979.jpg,Chuối cau,Trái,Xanh,train
img004548.jpg,Chuối xiêm,Trái,Chín,train
img002373.jpg,Chuối sáp,Buồng,Xanh,train
img003743.jpg,Chuối táo quạ,Trái,Chín,train
img000660.jpg,Chuối cau,Trái,Chín,train
img000141.jpg,Chuối cau,Buồng,Xanh,train
img001810.jpg,Chuối già,Trái,Chín,train
img002202.jpg,Chuối già,Trái,Xanh,train
img002347.jpg,Chuối sáp,Buồng,Xanh,train
img002388.jpg,Chuối sáp,Buồng,Xanh,train
img004782.jpg,Chuối xiêm,Trái,Xanh,train
img003049.jpg,Chuối sáp,Trái,Xanh,train
img000342.jpg,Chuối cau,Nải,Xanh,train
img000319.jpg,Chuối cau,Nải,Xanh,train
img003770.jpg,Chuối táo quạ,Trái,Chín,train
img002473.jpg,Chuối sáp,Nải,Chín,train
img003169.jpg,Chuối sáp,Trái,Xanh,train
img001693.jpg,Chuối già,Trái,Chín,train
img004560.jpg,Chuối xiêm,Trái,Chín,train
img001465.jpg,Chuối già,Nải,Chín,train
img001732.jpg,Chuối già,Trái,Chín,train
img001520.jpg,Chuối già,Nải,Chín,train
img004836.jpg,Chuối xiêm,Trái,Xanh,train
img001059.jpg,Chuối cau,Trái,Xanh,train
img004851.jpg,Chuối xiêm,Trái,Xanh,train
img005067.jpg,Chuối xiêm,Trái,Xanh,train
img003808.jpg,Chuối táo quạ,Trái,Xanh,train
img000682.jpg,Chuối cau,Trái,Chín,train
img003509.jpg,Chuối sáp,Trái,Xanh,train
img000362.jpg,Chuối cau,Trái,Chín,train
img001335.jpg,Chuối già,Buồng,Xanh,train
img004061.jpg,Chuối xiêm,Buồng,Xanh,train
img004711.jpg,Chuối xiêm,Trái,Xanh,train
img005168.jpg,Chuối xiêm,Trái,Xanh,train
img004853.jpg,Chuối xiêm,Trái,Xanh,train
img003409.jpg,Chuối sáp,Trái,Xanh,train
img004542.jpg,Chuối xiêm,Trái,Chín,train
img000274.jpg,Chuối cau,Nải,Chín,train
img003429.jpg,Chuối sáp,Trái,Xanh,train
img001170.jpg,Chuối già,Buồng,Xanh,train
img004276.jpg,Chuối xiêm,Nải,Xanh,train
img001256.jpg,Chuối già,Buồng,Xanh,train
img005151.jpg,Chuối xiêm,Trái,Xanh,train
img001279.jpg,Chuối già,Buồng,Xanh,train
img003311.jpg,Chuối sáp,Trái,Xanh,train
img005114.jpg,Chuối xiêm,Trái,Xanh,train
img002487.jpg,Chuối sáp,Nải,Xanh,train
img005105.jpg,Chuối xiêm,Trái,Xanh,train
img004673.jpg,Chuối xiêm,Trái,Xanh,train
img002435.jpg,Chuối sáp,Nải,Chín,train
img003995.jpg,Chuối xiêm,Buồng,Xanh,train
img002593.jpg,Chuối sáp,Trái,Chín,train
img001965.jpg,Chuối già,Trái,Chín,train
img001422.jpg,Chuối già,Buồng,Xanh,train
img003163.jpg,Chuối sáp,Trái,Xanh,train
img004444.jpg,Chuối xiêm,Trái,Chín,train
img000959.jpg,Chuối cau,Trái,Xanh,train
img004590.jpg,Chuối xiêm,Trái,Chín,train
img000301.jpg,Chuối cau,Nải,Xanh,train
img002126.jpg,Chuối già,Trái,Xanh,train
img002241.jpg,Chuối già,Trái,Xanh,train
img004378.jpg,Chuối xiêm,Trái,Chín,train
img002125.jpg,Chuối già,Trái,Xanh,train
img005098.jpg,Chuối xiêm,Trái,Xanh,train
img001789.jpg,Chuối già,Trái,Chín,train
img003940.jpg,Chuối xiêm,Buồng,Xanh,train
img004550.jpg,Chuối xiêm,Trái,Chín,train
img002918.jpg,Chuối sáp,Trái,Chín,train
img004666.jpg,Chuối xiêm,Trái,Xanh,train
img002631.jpg,Chuối sáp,Trái,Chín,train
img000004.jpg,Chuối cau,Buồng,Chín,train
img004213.jpg,Chuối xiêm,Nải,Chín,train
img001107.jpg,Chuối cau,Trái,Xanh,train
img002362.jpg,Chuối sáp,Buồng,Xanh,train
img004241.jpg,Chuối xiêm,Nải,Chín,train
img004592.jpg,Chuối xiêm,Trái,Chín,train
img004981.jpg,Chuối xiêm,Trái,Xanh,train
img003904.jpg,Chuối xiêm,Buồng,Xanh,train
img001752.jpg,Chuối già,Trái,Chín,train
img004094.jpg,Chuối xiêm,Buồng,Xanh,train
img005046.jpg,Chuối xiêm,Trái,Xanh,train
img002247.jpg,Chuối già,Trái,Xanh,train
img003814.jpg,Chuối táo quạ,Trái,Xanh,train
img001937.jpg,Chuối già,Trái,Chín,train
img000598.jpg,Chuối cau,Trái,Chín,train
img002426.jpg,Chuối sáp,Nải,Chín,train
img004380.jpg,Chuối xiêm,Trái,Chín,train
img003871.jpg,Chuối xiêm,Buồng,Chín,train
img001008.jpg,Chuối cau,Trái,Xanh,train
img003969.jpg,Chuối xiêm,Buồng,Xanh,train
img003739.jpg,Chuối táo quạ,Trái,Chín,train
img005197.jpg,Chuối xiêm,Trái,Xanh,train
img000873.jpg,Chuối cau,Trái,Xanh,train
img002442.jpg,Chuối sáp,Nải,Chín,train
img002551.jpg,Chuối sáp,Nải,Xanh,train
img004985.jpg,Chuối xiêm,Trái,Xanh,train
img000418.jpg,Chuối cau,Trái,Chín,train
img002223.jpg,Chuối già,Trái,Xanh,train
img002925.jpg,Chuối sáp,Trái,Chín,train
img003823.jpg,Chuối xiêm,Buồng,Chín,train
img004370.jpg,Chuối xiêm,Trái,Chín,train
img003906.jpg,Chuối xiêm,Buồng,Xanh,train
img002628.jpg,Chuối sáp,Trái,Chín,train
img001179.jpg,Chuối già,Buồng,Xanh,train
img000073.jpg,Chuối cau,Buồng,Xanh,train
img000572.jpg,Chuối cau,Trái,Chín,train
img001122.jpg,Chuối cau,Trái,Xanh,train
img004254.jpg,Chuối xiêm,Nải,Xanh,train
img004139.jpg,Chuối xiêm,Buồng,Xanh,train
img000937.jpg,Chuối cau,Trái,Xanh,train
img000125.jpg,Chuối cau,Buồng,Xanh,train
img001032.jpg,Chuối cau,Trái,Xanh,train
img003133.jpg,Chuối sáp,Trái,Xanh,train
img002363.jpg,Chuối sáp,Buồng,Xanh,train
img005002.jpg,Chuối xiêm,Trái,Xanh,train
img000391.jpg,Chuối cau,Trái,Chín,train
img002837.jpg,Chuối sáp,Trái,Chín,train
img000766.jpg,Chuối cau,Trái,Xanh,train
img005145.jpg,Chuối xiêm,Trái,Xanh,train
img002980.jpg,Chuối sáp,Trái,Xanh,train
img001652.jpg,Chuối già,Nải,Xanh,train
img000901.jpg,Chuối cau,Trái,Xanh,train
img001816.jpg,Chuối già,Trái,Chín,train
img002294.jpg,Chuối sáp,Buồng,Chín,train
img002031.jpg,Chuối già,Trái,Xanh,train
img002755.jpg,Chuối sáp,Trái,Chín,train
img002000.jpg,Chuối già,Trái,Chín,train
img001145.jpg,Chuối già,Buồng,Chín,train
img005082.jpg,Chuối xiêm,Trái,Xanh,train
img004038.jpg,Chuối xiêm,Buồng,Xanh,train
img002555.jpg,Chuối sáp,Nải,Xanh,train
img004203.jpg,Chuối xiêm,Nải,Chín,train
img004299.jpg,Chuối xiêm,Trái,Chín,train
img004376.jpg,Chuối xiêm,Trái,Chín,train
img001318.jpg,Chuối già,Buồng,Xanh,train
img004583.jpg,Chuối xiêm,Trái,Chín,train
img001909.jpg,Chuối già,Trái,Chín,train
img000040.jpg,Chuối cau,Buồng,Xanh,train
img000439.jpg,Chuối cau,Trái,Chín,train
img001005.jpg,Chuối cau,Trái,Xanh,train
img003594.jpg,Chuối táo quạ,Buồng,Xanh,train
img004221.jpg,Chuối xiêm,Nải,Chín,train
img004244.jpg,Chuối xiêm,Nải,Chín,train
img000243.jpg,Chuối cau,Nải,Chín,train
img003585.jpg,Chuối táo quạ,Buồng,Xanh,train
img003150.jpg,Chuối sáp,Trái,Xanh,train
img000679.jpg,Chuối cau,Trái,Chín,train
img001781.jpg,Chuối già,Trái,Chín,train
img003816.jpg,Chuối táo quạ,Trái,Xanh,train
img002875.jpg,Chuối sáp,Trái,Chín,train
img001960.jpg,Chuối già,Trái,Chín,train
img002212.jpg,Chuối già,Trái,Xanh,train
img005047.jpg,Chuối xiêm,Trái,Xanh,train
img001981.jpg,Chuối già,Trái,Chín,train
img002523.jpg,Chuối sáp,Nải,Xanh,train
img001556.jpg,Chuối già,Nải,Chín,train
img000478.jpg,Chuối cau,Trái,Chín,train
img002645.jpg,Chuối sáp,Trái,Chín,train
img004043.jpg,Chuối xiêm,Buồng,Xanh,train
img004035.jpg,Chuối xiêm,Buồng,Xanh,train
img002154.jpg,Chuối già,Trái,Xanh,train
img005115.jpg,Chuối xiêm,Trái,Xanh,train
img003039.jpg,Chuối sáp,Trái,Xanh,train
img000695.jpg,Chuối cau,Trái,Chín,train
img004295.jpg,Chuối xiêm,Trái,Chín,train
img002687.jpg,Chuối sáp,Trái,Chín,train
img003430.jpg,Chuối sáp,Trái,Xanh,train
img003060.jpg,Chuối sáp,Trái,Xanh,train
img000725.jpg,Chuối cau,Trái,Chín,train
img001376.jpg,Chuối già,Buồng,Xanh,train
img000538.jpg,Chuối cau,Trái,Chín,train
img002032.jpg,Chuối già,Trái,Xanh,train
img003540.jpg,Chuối táo quạ,Buồng,Xanh,train
img004258.jpg,Chuối xiêm,Nải,Xanh,train
img004015.jpg,Chuối xiêm,Buồng,Xanh,train
img001777.jpg,Chuối già,Trái,Chín,train
img003580.jpg,Chuối táo quạ,Buồng,Xanh,train
img000613.jpg,Chuối cau,Trái,Chín,train
img000094.jpg,Chuối cau,Buồng,Xanh,train
img000874.jpg,Chuối cau,Trái,Xanh,train
img004212.jpg,Chuối xiêm,Nải,Chín,train
img005062.jpg,Chuối xiêm,Trái,Xanh,train
img003635.jpg,Chuối táo quạ,Nải,Chín,train
img000746.jpg,Chuối cau,Trái,Chín,train
img000204.jpg,Chuối cau,Nải,Chín,train
img004042.jpg,Chuối xiêm,Buồng,Xanh,train
img000387.jpg,Chuối cau,Trái,Chín,train
img003829.jpg,Chuối xiêm,Buồng,Chín,train
img003736.jpg,Chuối táo quạ,Trái,Chín,train
img001840.jpg,Chuối già,Trái,Chín,train
img004163.jpg,Chuối xiêm,Nải,Chín,train
img000591.jpg,Chuối cau,Trái,Chín,train
img001711.jpg,Chuối già,Trái,Chín,train
img001602.jpg,Chuối già,Nải,Xanh,train
img003954.jpg,Chuối xiêm,Buồng,Xanh,train
img003121.jpg,Chuối sáp,Trái,Xanh,train
img000615.jpg,Chuối cau,Trái,Chín,train
img000245.jpg,Chuối cau,Nải,Chín,train
img004142.png,Chuối xiêm,Buồng,Xanh,train
img004250.jpg,Chuối xiêm,Nải,Chín,train
img000700.jpg,Chuối cau,Trái,Chín,train
img002936.jpg,Chuối sáp,Trái,Chín,train
img000726.jpg,Chuối cau,Trái,Chín,train
img001962.jpg,Chuối già,Trái,Chín,train
img001877.jpg,Chuối già,Trái,Chín,train
img004070.jpg,Chuối xiêm,Buồng,Xanh,train
img004456.jpg,Chuối xiêm,Trái,Chín,train
img002063.jpg,Chuối già,Trái,Xanh,train
img003955.jpg,Chuối xiêm,Buồng,Xanh,train
img000400.jpg,Chuối cau,Trái,Chín,train
img000639.jpg,Chuối cau,Trái,Chín,train
img000940.jpg,Chuối cau,Trái,Xanh,train
img001395.jpg,Chuối già,Buồng,Xanh,train
img004796.jpg,Chuối xiêm,Trái,Xanh,train
img004152.png,Chuối xiêm,Buồng,Xanh,train
img004066.jpg,Chuối xiêm,Buồng,Xanh,train
img002342.jpg,Chuối sáp,Buồng,Xanh,train
img000882.jpg,Chuối cau,Trái,Xanh,train
img002604.jpg,Chuối sáp,Trái,Chín,train
img003621.png,Chuối táo quạ,Buồng,Xanh,train
img003058.jpg,Chuối sáp,Trái,Xanh,train
img004309.jpg,Chuối xiêm,Trái,Chín,train
img000001.jpg,Chuối cau,Buồng,Chín,train
img002994.jpg,Chuối sáp,Trái,Xanh,train
img004642.jpg,Chuối xiêm,Trái,Chín,train
img001016.jpg,Chuối cau,Trái,Xanh,train
img003448.jpg,Chuối sáp,Trái,Xanh,train
img003447.jpg,Chuối sáp,Trái,Xanh,train
img001183.jpg,Chuối già,Buồng,Xanh,train
img004910.jpg,Chuối xiêm,Trái,Xanh,train
img001774.jpg,Chuối già,Trái,Chín,train
img003161.jpg,Chuối sáp,Trái,Xanh,train
img003295.jpg,Chuối sáp,Trái,Xanh,train
img004754.jpg,Chuối xiêm,Trái,Xanh,train
img000404.jpg,Chuối cau,Trái,Chín,train
img000622.jpg,Chuối cau,Trái,Chín,train
img001986.jpg,Chuối già,Trái,Chín,train
img004771.jpg,Chuối xiêm,Trái,Xanh,train
img001127.jpg,Chuối già,Buồng,Chín,train
img000401.jpg,Chuối cau,Trái,Chín,train
img001686.jpg,Chuối già,Trái,Chín,train
img002947.jpg,Chuối sáp,Trái,Chín,train
img000640.jpg,Chuối cau,Trái,Chín,train
img004528.jpg,Chuối xiêm,Trái,Chín,train
img001130.jpg,Chuối già,Buồng,Chín,train
img002607.jpg,Chuối sáp,Trái,Chín,train
img001426.jpg,Chuối già,Buồng,Xanh,train
img000324.jpg,Chuối cau,Nải,Xanh,train
img003002.jpg,Chuối sáp,Trái,Xanh,train
img000026.jpg,Chuối cau,Buồng,Chín,train
img000215.jpg,Chuối cau,Nải,Chín,train
img002393.jpg,Chuối sáp,Buồng,Xanh,train
img002782.jpg,Chuối sáp,Trái,Chín,train
img002853.jpg,Chuối sáp,Trái,Chín,train
img000041.jpg,Chuối cau,Buồng,Xanh,train
img001512.jpg,Chuối già,Nải,Chín,train
img002403.jpg,Chuối sáp,Buồng,Xanh,train
img003798.jpg,Chuối táo quạ,Trái,Xanh,train
img004970.jpg,Chuối xiêm,Trái,Xanh,train
img003923.jpg,Chuối xiêm,Buồng,Xanh,train
img004677.jpg,Chuối xiêm,Trái,Xanh,train
img003654.jpg,Chuối táo quạ,Nải,Chín,train
img001844.jpg,Chuối già,Trái,Chín,train
img004812.jpg,Chuối xiêm,Trái,Xanh,train
img001499.jpg,Chuối già,Nải,Chín,train
img002392.jpg,Chuối sáp,Buồng,Xanh,train
img003653.jpg,Chuối táo quạ,Nải,Chín,train
img004150.png,Chuối xiêm,Buồng,Xanh,train
img004909.jpg,Chuối xiêm,Trái,Xanh,train
img001443.jpg,Chuối già,Nải,Chín,train
img003388.jpg,Chuối sáp,Trái,Xanh,train
img005056.jpg,Chuối xiêm,Trái,Xanh,train
img001545.jpg,Chuối già,Nải,Chín,train
img000441.jpg,Chuối cau,Trái,Chín,train
img002926.jpg,Chuối sáp,Trái,Chín,train
img004516.jpg,Chuối xiêm,Trái,Chín,train
img003730.jpg,Chuối táo quạ,Nải,Xanh,train
img004571.jpg,Chuối xiêm,Trái,Chín,train
img002291.jpg,Chuối sáp,Buồng,Chín,train
img003022.jpg,Chuối sáp,Trái,Xanh,train
img004669.jpg,Chuối xiêm,Trái,Xanh,train
img002327.jpg,Chuối sáp,Buồng,Xanh,train
img004230.jpg,Chuối xiêm,Nải,Chín,train
img003990.jpg,Chuối xiêm,Buồng,Xanh,train
img003334.jpg,Chuối sáp,Trái,Xanh,train
img002381.jpg,Chuối sáp,Buồng,Xanh,train
img004169.jpg,Chuối xiêm,Nải,Chín,train
img002352.jpg,Chuối sáp,Buồng,Xanh,train
img000655.jpg,Chuối cau,Trái,Chín,train
img001598.jpg,Chuối già,Nải,Xanh,train
img001233.jpg,Chuối già,Buồng,Xanh,train
img000197.jpg,Chuối cau,Nải,Chín,train
img003212.jpg,Chuối sáp,Trái,Xanh,train
img002608.jpg,Chuối sáp,Trái,Chín,train
img003210.jpg,Chuối sáp,Trái,Xanh,train
img004342.jpg,Chuối xiêm,Trái,Chín,train
img005077.jpg,Chuối xiêm,Trái,Xanh,train
img003980.jpg,Chuối xiêm,Buồng,Xanh,train
img001277.jpg,Chuối già,Buồng,Xanh,train
img005054.jpg,Chuối xiêm,Trái,Xanh,train
img000971.jpg,Chuối cau,Trái,Xanh,train
img005053.jpg,Chuối xiêm,Trái,Xanh,train
img002339.jpg,Chuối sáp,Buồng,Xanh,train
img002651.jpg,Chuối sáp,Trái,Chín,train
img002367.jpg,Chuối sáp,Buồng,Xanh,train
img004778.jpg,Chuối xiêm,Trái,Xanh,train
img003398.jpg,Chuối sáp,Trái,Xanh,train
img002764.jpg,Chuối sáp,Trái,Chín,train
img004228.jpg,Chuối xiêm,Nải,Chín,train
img002121.jpg,Chuối già,Trái,Xanh,train
img000146.jpg,Chuối cau,Buồng,Xanh,train
img004840.jpg,Chuối xiêm,Trái,Xanh,train
img003812.jpg,Chuối táo quạ,Trái,Xanh,train
img000176.jpg,Chuối cau,Nải,Chín,train
img001451.jpg,Chuối già,Nải,Chín,train
img001077.jpg,Chuối cau,Trái,Xanh,train
img004919.jpg,Chuối xiêm,Trái,Xanh,train
img003821.jpg,Chuối xiêm,Buồng,Chín,train
img002228.jpg,Chuối già,Trái,Xanh,train
img000736.jpg,Chuối cau,Trái,Chín,train
img005181.jpg,Chuối xiêm,Trái,Xanh,train
img002729.jpg,Chuối sáp,Trái,Chín,train
img000043.jpg,Chuối cau,Buồng,Xanh,train
img000986.jpg,Chuối cau,Trái,Xanh,train
img000646.jpg,Chuối cau,Trái,Chín,train
img002005.jpg,Chuối già,Trái,Chín,train
img000284.jpg,Chuối cau,Nải,Chín,train
img004785.jpg,Chuối xiêm,Trái,Xanh,train
img003568.jpg,Chuối táo quạ,Buồng,Xanh,train
img001780.jpg,Chuối già,Trái,Chín,train
img004930.jpg,Chuối xiêm,Trái,Xanh,train
img004933.jpg,Chuối xiêm,Trái,Xanh,train
img001186.jpg,Chuối già,Buồng,Xanh,train
img002240.jpg,Chuối già,Trái,Xanh,train
img002962.jpg,Chuối sáp,Trái,Xanh,train
img004686.jpg,Chuối xiêm,Trái,Xanh,train
img003768.jpg,Chuối táo quạ,Trái,Chín,train
img002390.jpg,Chuối sáp,Buồng,Xanh,train
img000893.jpg,Chuối cau,Trái,Xanh,train
img003546.jpg,Chuối táo quạ,Buồng,Xanh,train
img003598.jpg,Chuối táo quạ,Buồng,Xanh,train
img004321.jpg,Chuối xiêm,Trái,Chín,train
img005095.jpg,Chuối xiêm,Trái,Xanh,train
img002309.jpg,Chuối sáp,Buồng,Xanh,train
img000425.jpg,Chuối cau,Trái,Chín,train
img002298.jpg,Chuối sáp,Buồng,Chín,train
img000432.jpg,Chuối cau,Trái,Chín,train
img005036.jpg,Chuối xiêm,Trái,Xanh,train
img000306.jpg,Chuối cau,Nải,Xanh,train
img004640.jpg,Chuối xiêm,Trái,Chín,train
img000013.jpg,Chuối cau,Buồng,Chín,train
img002083.jpg,Chuối già,Trái,Xanh,train
img000256.jpg,Chuối cau,Nải,Chín,train
img002722.jpg,Chuối sáp,Trái,Chín,train
img000788.jpg,Chuối cau,Trái,Xanh,train
img004942.jpg,Chuối xiêm,Trái,Xanh,train
img002356.jpg,Chuối sáp,Buồng,Xanh,train
img002318.jpg,Chuối sáp,Buồng,Xanh,train
img003403.jpg,Chuối sáp,Trái,Xanh,train
img002618.jpg,Chuối sáp,Trái,Chín,train
img000551.jpg,Chuối cau,Trái,Chín,train
img002694.jpg,Chuối sáp,Trái,Chín,train
img004478.jpg,Chuối xiêm,Trái,Chín,train
img003171.jpg,Chuối sáp,Trái,Xanh,train
img004804.jpg,Chuối xiêm,Trái,Xanh,train
img004733.jpg,Chuối xiêm,Trái,Xanh,train
img001796.jpg,Chuối già,Trái,Chín,train
img000066.jpg,Chuối cau,Buồng,Xanh,train
img002797.jpg,Chuối sáp,Trái,Chín,train
img002860.jpg,Chuối sáp,Trái,Chín,train
img005119.jpg,Chuối xiêm,Trái,Xanh,train
img000494.jpg,Chuối cau,Trái,Chín,train
img000710.jpg,Chuối cau,Trái,Chín,train
img001846.jpg,Chuối già,Trái,Chín,train
img004434.jpg,Chuối xiêm,Trái,Chín,train
img002901.jpg,Chuối sáp,Trái,Chín,train
img003245.jpg,Chuối sáp,Trái,Xanh,train
img004435.jpg,Chuối xiêm,Trái,Chín,train
img004029.jpg,Chuối xiêm,Buồng,Xanh,train
img001412.jpg,Chuối già,Buồng,Xanh,train
img000696.jpg,Chuối cau,Trái,Chín,train
img005194.jpg,Chuối xiêm,Trái,Xanh,train
img002020.jpg,Chuối già,Trái,Xanh,train
img000308.jpg,Chuối cau,Nải,Xanh,train
img000969.jpg,Chuối cau,Trái,Xanh,train
img001674.jpg,Chuối già,Trái,Chín,train
img002909.jpg,Chuối sáp,Trái,Chín,train
img001324.jpg,Chuối già,Buồng,Xanh,train
img000931.jpg,Chuối cau,Trái,Xanh,train
img002868.jpg,Chuối sáp,Trái,Chín,train
img005154.jpg,Chuối xiêm,Trái,Xanh,train
img002766.jpg,Chuối sáp,Trái,Chín,train
img002007.jpg,Chuối già,Trái,Chín,train
img003695.jpg,Chuối táo quạ,Nải,Xanh,train
img003983.jpg,Chuối xiêm,Buồng,Xanh,train
img004111.jpg,Chuối xiêm,Buồng,Xanh,train
img003987.jpg,Chuối xiêm,Buồng,Xanh,train
img001040.jpg,Chuối cau,Trái,Xanh,train
img003416.jpg,Chuối sáp,Trái,Xanh,train
img002120.jpg,Chuối già,Trái,Xanh,train
img005103.jpg,Chuối xiêm,Trái,Xanh,train
img001894.jpg,Chuối già,Trái,Chín,train
img002740.jpg,Chuối sáp,Trái,Chín,train
img002242.jpg,Chuối già,Trái,Xanh,train
img002825.jpg,Chuối sáp,Trái,Chín,train
img000124.jpg,Chuối cau,Buồng,Xanh,train
img001941.jpg,Chuối già,Trái,Chín,train
img001298.jpg,Chuối già,Buồng,Xanh,train
img004323.jpg,Chuối xiêm,Trái,Chín,train
img004462.jpg,Chuối xiêm,Trái,Chín,train
img004954.jpg,Chuối xiêm,Trái,Xanh,train
img004089.jpg,Chuối xiêm,Buồng,Xanh,train
img001838.jpg,Chuối già,Trái,Chín,train
img004474.jpg,Chuối xiêm,Trái,Chín,train
img000872.jpg,Chuối cau,Trái,Xanh,train
img005162.jpg,Chuối xiêm,Trái,Xanh,train
img000662.jpg,Chuối cau,Trái,Chín,train
img004191.jpg,Chuối xiêm,Nải,Chín,train
img002557.jpg,Chuối sáp,Nải,Xanh,train
img003691.jpg,Chuối táo quạ,Nải,Xanh,train
img002725.jpg,Chuối sáp,Trái,Chín,train
img000036.jpg,Chuối cau,Buồng,Xanh,train
img002148.jpg,Chuối già,Trái,Xanh,train
img005000.jpg,Chuối xiêm,Trái,Xanh,train
img003656.jpg,Chuối táo quạ,Nải,Chín,train
img001321.jpg,Chuối già,Buồng,Xanh,train
img000106.jpg,Chuối cau,Buồng,Xanh,train
img001419.jpg,Chuối già,Buồng,Xanh,train
img001015.jpg,Chuối cau,Trái,Xanh,train
img004773.jpg,Chuối xiêm,Trái,Xanh,train
img000820.jpg,Chuối cau,Trái,Xanh,train
img002716.jpg,Chuối sáp,Trái,Chín,train
img002761.jpg,Chuối sáp,Trái,Chín,train
img001807.jpg,Chuối già,Trái,Chín,train
img000261.jpg,Chuối cau,Nải,Chín,train
img000409.jpg,Chuối cau,Trái,Chín,train
img002888.jpg,Chuối sáp,Trái,Chín,train
img001948.jpg,Chuối già,Trái,Chín,train
img001737.jpg,Chuối già,Trái,Chín,train
img004204.jpg,Chuối xiêm,Nải,Chín,train
img002974.jpg,Chuối sáp,Trái,Xanh,train
img001219.jpg,Chuối già,Buồng,Xanh,train
img001067.jpg,Chuối cau,Trái,Xanh,train
img003024.jpg,Chuối sáp,Trái,Xanh,train
img002369.jpg,Chuối sáp,Buồng,Xanh,train
img002619.jpg,Chuối sáp,Trái,Chín,train
img001502.jpg,Chuối già,Nải,Chín,train
img003479.jpg,Chuối sáp,Trái,Xanh,train
img001035.jpg,Chuối cau,Trái,Xanh,train
img004575.jpg,Chuối xiêm,Trái,Chín,train
img004606.jpg,Chuối xiêm,Trái,Chín,train
img001020.jpg,Chuối cau,Trái,Xanh,train
img004414.jpg,Chuối xiêm,Trái,Chín,train
img001744.jpg,Chuối già,Trái,Chín,train
img001307.jpg,Chuối già,Buồng,Xanh,train
img003967.jpg,Chuối xiêm,Buồng,Xanh,train
img001676.jpg,Chuối già,Trái,Chín,train
img001021.jpg,Chuối cau,Trái,Xanh,train
img001046.jpg,Chuối cau,Trái,Xanh,train
img004455.jpg,Chuối xiêm,Trái,Chín,train
img003008.jpg,Chuối sáp,Trái,Xanh,train
img003513.jpg,Chuối sáp,Trái,Xanh,train
img004315.jpg,Chuối xiêm,Trái,Chín,train
img001482.jpg,Chuối già,Nải,Chín,train
img001444.jpg,Chuối già,Nải,Chín,train
img002252.jpg,Chuối già,Trái,Xanh,train
img000465.jpg,Chuối cau,Trái,Chín,train
img004787.jpg,Chuối xiêm,Trái,Xanh,train
img004025.jpg,Chuối xiêm,Buồng,Xanh,train
img004883.jpg,Chuối xiêm,Trái,Xanh,train
img002034.jpg,Chuối già,Trái,Xanh,train
img004992.jpg,Chuối xiêm,Trái,Xanh,train
img004610.jpg,Chuối xiêm,Trái,Chín,train
img003711.jpg,Chuối táo quạ,Nải,Xanh,train
img003863.jpg,Chuối xiêm,Buồng,Chín,train
img002965.jpg,Chuối sáp,Trái,Xanh,train
img003040.jpg,Chuối sáp,Trái,Xanh,train
img002080.jpg,Chuối già,Trái,Xanh,train
img002449.jpg,Chuối sáp,Nải,Chín,train
img003188.jpg,Chuối sáp,Trái,Xanh,train
img000608.jpg,Chuối cau,Trái,Chín,train
img003224.jpg,Chuối sáp,Trái,Xanh,train
img002857.jpg,Chuối sáp,Trái,Chín,train
img003944.jpg,Chuối xiêm,Buồng,Xanh,train
img003372.jpg,Chuối sáp,Trái,Xanh,train
img000450.jpg,Chuối cau,Trái,Chín,train
img003106.jpg,Chuối sáp,Trái,Xanh,train
img001487.jpg,Chuối già,Nải,Chín,train
img003632.jpg,Chuối táo quạ,Nải,Chín,train
img005174.jpg,Chuối xiêm,Trái,Xanh,train
img001798.jpg,Chuối già,Trái,Chín,train
img003608.jpg,Chuối táo quạ,Buồng,Xanh,train
img003817.jpg,Chuối táo quạ,Trái,Xanh,train
img001204.jpg,Chuối già,Buồng,Xanh,train
img001304.jpg,Chuối già,Buồng,Xanh,train
img000061.jpg,Chuối cau,Buồng,Xanh,train
img003435.jpg,Chuối sáp,Trái,Xanh,train
img000918.jpg,Chuối cau,Trái,Xanh,train
img002997.jpg,Chuối sáp,Trái,Xanh,train
img001209.jpg,Chuối già,Buồng,Xanh,train
img001776.jpg,Chuối già,Trái,Chín,train
img004599.jpg,Chuối xiêm,Trái,Chín,train
img002752.jpg,Chuối sáp,Trái,Chín,train
img000169.jpg,Chuối cau,Nải,Chín,train
img000856.jpg,Chuối cau,Trái,Xanh,train
img000242.jpg,Chuối cau,Nải,Chín,train
img001086.jpg,Chuối cau,Trái,Xanh,train
img001025.jpg,Chuối cau,Trái,Xanh,train
img001667.jpg,Chuối già,Nải,Xanh,train
img001478.jpg,Chuối già,Nải,Chín,train
img002863.jpg,Chuối sáp,Trái,Chín,train
img001575.jpg,Chuối già,Nải,Xanh,train
img003633.jpg,Chuối táo quạ,Nải,Chín,train
img004123.jpg,Chuối xiêm,Buồng,Xanh,train
img003943.jpg,Chuối xiêm,Buồng,Xanh,train
img001491.jpg,Chuối già,Nải,Chín,train
img002471.jpg,Chuối sáp,Nải,Chín,train
img004946.jpg,Chuối xiêm,Trái,Xanh,train
img004452.jpg,Chuối xiêm,Trái,Chín,train
img004417.jpg,Chuối xiêm,Trái,Chín,train
img001080.jpg,Chuối cau,Trái,Xanh,train
img002495.jpg,Chuối sáp,Nải,Xanh,train
img004892.jpg,Chuối xiêm,Trái,Xanh,train
img000372.jpg,Chuối cau,Trái,Chín,train
img003650.jpg,Chuối táo quạ,Nải,Chín,train
img002438.jpg,Chuối sáp,Nải,Chín,train
img003328.jpg,Chuối sáp,Trái,Xanh,train
img001519.jpg,Chuối già,Nải,Chín,train
img003595.jpg,Chuối táo quạ,Buồng,Xanh,train
img000849.jpg,Chuối cau,Trái,Xanh,train
img003174.jpg,Chuối sáp,Trái,Xanh,train
img001417.jpg,Chuối già,Buồng,Xanh,train
img001292.jpg,Chuối già,Buồng,Xanh,train
img002998.jpg,Chuối sáp,Trái,Xanh,train
img000228.jpg,Chuối cau,Nải,Chín,train
img003453.jpg,Chuối sáp,Trái,Xanh,train
img001988.jpg,Chuối già,Trái,Chín,train
img004728.jpg,Chuối xiêm,Trái,Xanh,train
img002410.png,Chuối sáp,Buồng,Xanh,train
img002937.jpg,Chuối sáp,Trái,Chín,train
img000663.jpg,Chuối cau,Trái,Chín,train
img002586.jpg,Chuối sáp,Trái,Chín,train
img004729.jpg,Chuối xiêm,Trái,Xanh,train
img002186.jpg,Chuối già,Trái,Xanh,train
img002443.jpg,Chuối sáp,Nải,Chín,train
img004860.jpg,Chuối xiêm,Trái,Xanh,train
img004743.jpg,Chuối xiêm,Trái,Xanh,train
img003139.jpg,Chuối sáp,Trái,Xanh,train
img001197.jpg,Chuối già,Buồng,Xanh,train
img003333.jpg,Chuối sáp,Trái,Xanh,train
img000398.jpg,Chuối cau,Trái,Chín,train
img004917.jpg,Chuối xiêm,Trái,Xanh,train
img005086.jpg,Chuối xiêm,Trái,Xanh,train
img000495.jpg,Chuối cau,Trái,Chín,train
img004482.jpg,Chuối xiêm,Trái,Chín,train
img005060.jpg,Chuối xiêm,Trái,Xanh,train
img002757.jpg,Chuối sáp,Trái,Chín,train
img001859.jpg,Chuối già,Trái,Chín,train
img000370.jpg,Chuối cau,Trái,Chín,train
img001587.jpg,Chuối già,Nải,Xanh,train
img003587.jpg,Chuối táo quạ,Buồng,Xanh,train
img002008.jpg,Chuối già,Trái,Chín,train
img002581.jpg,Chuối sáp,Trái,Chín,train
img001027.jpg,Chuối cau,Trái,Xanh,train
img001898.jpg,Chuối già,Trái,Chín,train
img005030.jpg,Chuối xiêm,Trái,Xanh,train
img000999.jpg,Chuối cau,Trái,Xanh,train
img004314.jpg,Chuối xiêm,Trái,Chín,train
img001159.jpg,Chuối già,Buồng,Xanh,train
img003888.jpg,Chuối xiêm,Buồng,Chín,train
img002744.jpg,Chuối sáp,Trái,Chín,train
img002430.jpg,Chuối sáp,Nải,Chín,train
img000699.jpg,Chuối cau,Trái,Chín,train
img005055.jpg,Chuối xiêm,Trái,Xanh,train
img001165.jpg,Chuối già,Buồng,Xanh,train
img000006.jpg,Chuối cau,Buồng,Chín,train
img005121.jpg,Chuối xiêm,Trái,Xanh,train
img003128.jpg,Chuối sáp,Trái,Xanh,train
img001196.jpg,Chuối già,Buồng,Xanh,train
img001593.jpg,Chuối già,Nải,Xanh,train
img003381.jpg,Chuối sáp,Trái,Xanh,train
img002123.jpg,Chuối già,Trái,Xanh,train
img000294.jpg,Chuối cau,Nải,Xanh,train
img001116.jpg,Chuối cau,Trái,Xanh,train
img004450.jpg,Chuối xiêm,Trái,Chín,train
img004731.jpg,Chuối xiêm,Trái,Xanh,train
img005073.jpg,Chuối xiêm,Trái,Xanh,train
img000186.jpg,Chuối cau,Nải,Chín,train
img003522.jpg,Chuối táo quạ,Buồng,Chín,train
img000692.jpg,Chuối cau,Trái,Chín,train
img000436.jpg,Chuối cau,Trái,Chín,train
img000550.jpg,Chuối cau,Trái,Chín,train
img004367.jpg,Chuối xiêm,Trái,Chín,train
img004824.jpg,Chuối xiêm,Trái,Xanh,train
img001089.jpg,Chuối cau,Trái,Xanh,train
img002222.jpg,Chuối già,Trái,Xanh,train
img003330.jpg,Chuối sáp,Trái,Xanh,train
img002537.jpg,Chuối sáp,Nải,Xanh,train
img000497.jpg,Chuối cau,Trái,Chín,train
img002107.jpg,Chuối già,Trái,Xanh,train
img003006.jpg,Chuối sáp,Trái,Xanh,train
img002596.jpg,Chuối sáp,Trái,Chín,train
img004724.jpg,Chuối xiêm,Trái,Xanh,train
img002552.jpg,Chuối sáp,Nải,Xanh,train
img003340.jpg,Chuối sáp,Trái,Xanh,train
img001041.jpg,Chuối cau,Trái,Xanh,train
img000007.jpg,Chuối cau,Buồng,Chín,train
img001511.jpg,Chuối già,Nải,Chín,train
img001905.jpg,Chuối già,Trái,Chín,train
img005142.jpg,Chuối xiêm,Trái,Xanh,train
img001929.jpg,Chuối già,Trái,Chín,train
img004695.jpg,Chuối xiêm,Trái,Xanh,train
img000793.jpg,Chuối cau,Trái,Xanh,train
img003266.jpg,Chuối sáp,Trái,Xanh,train
img002578.jpg,Chuối sáp,Trái,Chín,train
img002224.jpg,Chuối già,Trái,Xanh,train
img000691.jpg,Chuối cau,Trái,Chín,train
img000747.jpg,Chuối cau,Trái,Chín,train
img004581.jpg,Chuối xiêm,Trái,Chín,train
img004289.jpg,Chuối xiêm,Nải,Xanh,train
img002233.jpg,Chuối già,Trái,Xanh,train
img005192.jpg,Chuối xiêm,Trái,Xanh,train
img001972.jpg,Chuối già,Trái,Chín,train
img003268.jpg,Chuối sáp,Trái,Xanh,train
img004274.jpg,Chuối xiêm,Nải,Xanh,train
img000781.jpg,Chuối cau,Trái,Xanh,train
img004286.jpg,Chuối xiêm,Nải,Xanh,train
img004382.jpg,Chuối xiêm,Trái,Chín,train
img003317.jpg,Chuối sáp,Trái,Xanh,train
img000859.jpg,Chuối cau,Trái,Xanh,train
img003358.jpg,Chuối sáp,Trái,Xanh,train
img000800.jpg,Chuối cau,Trái,Xanh,train
img001119.jpg,Chuối cau,Trái,Xanh,train
img001809.jpg,Chuối già,Trái,Chín,train
img004868.jpg,Chuối xiêm,Trái,Xanh,train
img001704.jpg,Chuối già,Trái,Chín,train
img001181.jpg,Chuối già,Buồng,Xanh,train
img002501.jpg,Chuối sáp,Nải,Xanh,train
img002545.jpg,Chuối sáp,Nải,Xanh,train
img001038.jpg,Chuối cau,Trái,Xanh,train
img004336.jpg,Chuối xiêm,Trái,Chín,train
img002176.jpg,Chuối già,Trái,Xanh,train
img001108.jpg,Chuối cau,Trái,Xanh,train
img002576.jpg,Chuối sáp,Trái,Chín,train
img005157.jpg,Chuối xiêm,Trái,Xanh,train
img002082.jpg,Chuối già,Trái,Xanh,train
img002815.jpg,Chuối sáp,Trái,Chín,train
img003543.jpg,Chuối táo quạ,Buồng,Xanh,train
img002066.jpg,Chuối già,Trái,Xanh,train
img005005.jpg,Chuối xiêm,Trái,Xanh,train
img001778.jpg,Chuối già,Trái,Chín,train
img003012.jpg,Chuối sáp,Trái,Xanh,train
img001791.jpg,Chuối già,Trái,Chín,train
img000643.jpg,Chuối cau,Trái,Chín,train
img003985.jpg,Chuối xiêm,Buồng,Xanh,train
img000801.jpg,Chuối cau,Trái,Xanh,train
img004573.jpg,Chuối xiêm,Trái,Chín,train
img000577.jpg,Chuối cau,Trái,Chín,train
img004963.jpg,Chuối xiêm,Trái,Xanh,train
img003425.jpg,Chuối sáp,Trái,Xanh,train
img000483.jpg,Chuối cau,Trái,Chín,train
img002220.jpg,Chuối già,Trái,Xanh,train
img004561.jpg,Chuối xiêm,Trái,Chín,train
img002379.jpg,Chuối sáp,Buồng,Xanh,train
img002769.jpg,Chuối sáp,Trái,Chín,train
img004138.jpg,Chuối xiêm,Buồng,Xanh,train
img005140.jpg,Chuối xiêm,Trái,Xanh,train
img000272.jpg,Chuối cau,Nải,Chín,train
img003282.jpg,Chuối sáp,Trái,Xanh,train
img001211.jpg,Chuối già,Buồng,Xanh,train
img004527.jpg,Chuối xiêm,Trái,Chín,train
img000573.jpg,Chuối cau,Trái,Chín,train
img005048.jpg,Chuối xiêm,Trái,Xanh,train
img003927.jpg,Chuối xiêm,Buồng,Xanh,train
img002560.jpg,Chuối sáp,Nải,Xanh,train
img004577.jpg,Chuối xiêm,Trái,Chín,train
img002174.jpg,Chuối già,Trái,Xanh,train
img000899.jpg,Chuối cau,Trái,Xanh,train
img003132.jpg,Chuối sáp,Trái,Xanh,train
img000794.jpg,Chuối cau,Trái,Xanh,train
img000855.jpg,Chuối cau,Trái,Xanh,train
img004684.jpg,Chuối xiêm,Trái,Xanh,train
img000110.jpg,Chuối cau,Buồng,Xanh,train
img002496.jpg,Chuối sáp,Nải,Xanh,train
img000614.jpg,Chuối cau,Trái,Chín,train
img001650.jpg,Chuối già,Nải,Xanh,train
img005112.jpg,Chuối xiêm,Trái,Xanh,train
img001110.jpg,Chuối cau,Trái,Xanh,train
img003127.jpg,Chuối sáp,Trái,Xanh,train
img002779.jpg,Chuối sáp,Trái,Chín,train
img003664.jpg,Chuối táo quạ,Nải,Chín,train
img000871.jpg,Chuối cau,Trái,Xanh,train
img001262.jpg,Chuối già,Buồng,Xanh,train
img003619.png,Chuối táo quạ,Buồng,Xanh,train
img003828.jpg,Chuối xiêm,Buồng,Chín,train
img001628.jpg,Chuối già,Nải,Xanh,train
img004956.jpg,Chuối xiêm,Trái,Xanh,train
img001392.jpg,Chuối già,Buồng,Xanh,train
img003628.jpg,Chuối táo quạ,Nải,Chín,train
img004839.jpg,Chuối xiêm,Trái,Xanh,train
img003965.jpg,Chuối xiêm,Buồng,Xanh,train
img002104.jpg,Chuối già,Trái,Xanh,train
img002735.jpg,Chuối sáp,Trái,Chín,train
img000838.jpg,Chuối cau,Trái,Xanh,train
img002502.jpg,Chuối sáp,Nải,Xanh,train
img003385.jpg,Chuối sáp,Trái,Xanh,train
img001759.jpg,Chuối già,Trái,Chín,train
img005001.jpg,Chuối xiêm,Trái,Xanh,train
img001669.jpg,Chuối già,Trái,Chín,train
img000769.jpg,Chuối cau,Trái,Xanh,train
img001389.jpg,Chuối già,Buồng,Xanh,train
img000202.jpg,Chuối cau,Nải,Chín,train
img000809.jpg,Chuối cau,Trái,Xanh,train
img001903.jpg,Chuối già,Trái,Chín,train
img001616.jpg,Chuối già,Nải,Xanh,train
img000101.jpg,Chuối cau,Buồng,Xanh,train
img003134.jpg,Chuối sáp,Trái,Xanh,train
img002911.jpg,Chuối sáp,Trái,Chín,train
img002138.jpg,Chuối già,Trái,Xanh,train
img000069.jpg,Chuối cau,Buồng,Xanh,train
img004558.jpg,Chuối xiêm,Trái,Chín,train
img001770.jpg,Chuối già,Trái,Chín,train
img000166.jpg,Chuối cau,Nải,Chín,train
img003648.jpg,Chuối táo quạ,Nải,Chín,train
img004999.jpg,Chuối xiêm,Trái,Xanh,train
img003066.jpg,Chuối sáp,Trái,Xanh,train
img002898.jpg,Chuối sáp,Trái,Chín,train
img002071.jpg,Chuối già,Trái,Xanh,train
img004184.jpg,Chuối xiêm,Nải,Chín,train
img000063.jpg,Chuối cau,Buồng,Xanh,train
img000729.jpg,Chuối cau,Trái,Chín,train
img001562.jpg,Chuối già,Nải,Chín,train
img000334.jpg,Chuối cau,Nải,Xanh,train
img004027.jpg,Chuối xiêm,Buồng,Xanh,train
img003431.jpg,Chuối sáp,Trái,Xanh,train
img004162.jpg,Chuối xiêm,Nải,Chín,train
img002454.jpg,Chuối sáp,Nải,Chín,train
img001537.jpg,Chuối già,Nải,Chín,train
img001225.jpg,Chuối già,Buồng,Xanh,train
img000206.jpg,Chuối cau,Nải,Chín,train
img003934.jpg,Chuối xiêm,Buồng,Xanh,train
img003866.jpg,Chuối xiêm,Buồng,Chín,train
img001131.jpg,Chuối già,Buồng,Chín,train
img001619.jpg,Chuối già,Nải,Xanh,train
img004763.jpg,Chuối xiêm,Trái,Xanh,train
img003804.jpg,Chuối táo quạ,Trái,Xanh,train
img003177.jpg,Chuối sáp,Trái,Xanh,train
img003350.jpg,Chuối sáp,Trái,Xanh,train
img003728.jpg,Chuối táo quạ,Nải,Xanh,train
img001579.jpg,Chuối già,Nải,Xanh,train
img001746.jpg,Chuối già,Trái,Chín,train
img003551.jpg,Chuối táo quạ,Buồng,Xanh,train
img000586.jpg,Chuối cau,Trái,Chín,train
img003157.jpg,Chuối sáp,Trái,Xanh,train
img003031.jpg,Chuối sáp,Trái,Xanh,train
img001795.jpg,Chuối già,Trái,Chín,train
img003013.jpg,Chuối sáp,Trái,Xanh,train
img004157.jpg,Chuối xiêm,Nải,Chín,train
img000192.jpg,Chuối cau,Nải,Chín,train
img004605.jpg,Chuối xiêm,Trái,Chín,train
img000689.jpg,Chuối cau,Trái,Chín,train
img000237.jpg,Chuối cau,Nải,Chín,train
img005139.jpg,Chuối xiêm,Trái,Xanh,train
img003717.jpg,Chuối táo quạ,Nải,Xanh,train
img002975.jpg,Chuối sáp,Trái,Xanh,train
img000537.jpg,Chuối cau,Trái,Chín,train
img001378.jpg,Chuối già,Buồng,Xanh,train
img003217.jpg,Chuối sáp,Trái,Xanh,train
img003108.jpg,Chuối sáp,Trái,Xanh,train
img003349.jpg,Chuối sáp,Trái,Xanh,train
img003555.jpg,Chuối táo quạ,Buồng,Xanh,train
img000199.jpg,Chuối cau,Nải,Chín,train
img002451.jpg,Chuối sáp,Nải,Chín,train
img001017.jpg,Chuối cau,Trái,Xanh,train
img001111.jpg,Chuối cau,Trái,Xanh,train
img004557.jpg,Chuối xiêm,Trái,Chín,train
img002128.jpg,Chuối già,Trái,Xanh,train
img002049.jpg,Chuối già,Trái,Xanh,train
img001720.jpg,Chuối già,Trái,Chín,train
img002597.jpg,Chuối sáp,Trái,Chín,train
img001483.jpg,Chuối già,Nải,Chín,train
img002950.jpg,Chuối sáp,Trái,Chín,train
img001779.jpg,Chuối già,Trái,Chín,train
img003083.jpg,Chuối sáp,Trái,Xanh,train
img001647.jpg,Chuối già,Nải,Xanh,train
img001507.jpg,Chuối già,Nải,Chín,train
img004109.jpg,Chuối xiêm,Buồng,Xanh,train
img001232.jpg,Chuối già,Buồng,Xanh,train
img004196.jpg,Chuối xiêm,Nải,Chín,train
img004559.jpg,Chuối xiêm,Trái,Chín,train
img001580.jpg,Chuối già,Nải,Xanh,train
img002880.jpg,Chuối sáp,Trái,Chín,train
img004175.jpg,Chuối xiêm,Nải,Chín,train
img002746.jpg,Chuối sáp,Trái,Chín,train
img004502.jpg,Chuối xiêm,Trái,Chín,train
img003953.jpg,Chuối xiêm,Buồng,Xanh,train
img000393.jpg,Chuối cau,Trái,Chín,train
img004011.jpg,Chuối xiêm,Buồng,Xanh,train
img004645.jpg,Chuối xiêm,Trái,Xanh,train
img001180.jpg,Chuối già,Buồng,Xanh,train
img004409.jpg,Chuối xiêm,Trái,Chín,train
img004075.jpg,Chuối xiêm,Buồng,Xanh,train
img001295.jpg,Chuối già,Buồng,Xanh,train
img000339.jpg,Chuối cau,Nải,Xanh,train
img002540.jpg,Chuối sáp,Nải,Xanh,train
img000868.jpg,Chuối cau,Trái,Xanh,train
img004350.jpg,Chuối xiêm,Trái,Chín,train
img005169.jpg,Chuối xiêm,Trái,Xanh,train
img004832.jpg,Chuối xiêm,Trái,Xanh,train
img001253.jpg,Chuối già,Buồng,Xanh,train
img001967.jpg,Chuối già,Trái,Chín,train
img004051.jpg,Chuối xiêm,Buồng,Xanh,train
img003901.jpg,Chuối xiêm,Buồng,Xanh,train
img000932.jpg,Chuối cau,Trái,Xanh,train
img003671.jpg,Chuối táo quạ,Nải,Chín,train
img002736.jpg,Chuối sáp,Trái,Chín,train
img001915.jpg,Chuối già,Trái,Chín,train
img004326.jpg,Chuối xiêm,Trái,Chín,train
img002414.jpg,Chuối sáp,Nải,Chín,train
img001544.jpg,Chuối già,Nải,Chín,train
img002231.jpg,Chuối già,Trái,Xanh,train
img000813.jpg,Chuối cau,Trái,Xanh,train
img004821.jpg,Chuối xiêm,Trái,Xanh,train
img004704.jpg,Chuối xiêm,Trái,Xanh,train
img000632.jpg,Chuối cau,Trái,Chín,train
img001024.jpg,Chuối cau,Trái,Xanh,train
img001383.jpg,Chuối già,Buồng,Xanh,train
img000489.jpg,Chuối cau,Trái,Chín,train
img000680.jpg,Chuối cau,Trái,Chín,train
img001718.jpg,Chuối già,Trái,Chín,train
img000410.jpg,Chuối cau,Trái,Chín,train
img002254.jpg,Chuối già,Trái,Xanh,train
img000864.jpg,Chuối cau,Trái,Xanh,train
img003179.jpg,Chuối sáp,Trái,Xanh,train
img003329.jpg,Chuối sáp,Trái,Xanh,train
img004429.jpg,Chuối xiêm,Trái,Chín,train
img002823.jpg,Chuối sáp,Trái,Chín,train
img003624.jpg,Chuối táo quạ,Nải,Chín,train
img003304.jpg,Chuối sáp,Trái,Xanh,train
img000234.jpg,Chuối cau,Nải,Chín,train
img000930.jpg,Chuối cau,Trái,Xanh,train
img003834.jpg,Chuối xiêm,Buồng,Chín,train
img004144.png,Chuối xiêm,Buồng,Xanh,train
img002831.jpg,Chuối sáp,Trái,Chín,train
img001908.jpg,Chuối già,Trái,Chín,train
img001637.jpg,Chuối già,Nải,Xanh,train
img005189.jpg,Chuối xiêm,Trái,Xanh,train
img002167.jpg,Chuối già,Trái,Xanh,train
img004748.jpg,Chuối xiêm,Trái,Xanh,train
img003719.jpg,Chuối táo quạ,Nải,Xanh,train
img001223.jpg,Chuối già,Buồng,Xanh,train
img004399.jpg,Chuối xiêm,Trái,Chín,train
img003761.jpg,Chuối táo quạ,Trái,Chín,train
img004023.jpg,Chuối xiêm,Buồng,Xanh,train
img001687.jpg,Chuối già,Trái,Chín,train
img002811.jpg,Chuối sáp,Trái,Chín,train
img002162.jpg,Chuối già,Trái,Xanh,train
img004937.jpg,Chuối xiêm,Trái,Xanh,train
img001323.jpg,Chuối già,Buồng,Xanh,train
img002397.jpg,Chuối sáp,Buồng,Xanh,train
img003070.jpg,Chuối sáp,Trái,Xanh,train
img001435.png,Chuối già,Buồng,Xanh,train
img003853.jpg,Chuối xiêm,Buồng,Chín,train
img001922.jpg,Chuối già,Trái,Chín,train
img002029.jpg,Chuối già,Trái,Xanh,train
img003075.jpg,Chuối sáp,Trái,Xanh,train
img002821.jpg,Chuối sáp,Trái,Chín,train
img002402.jpg,Chuối sáp,Buồng,Xanh,train
img000558.jpg,Chuối cau,Trái,Chín,train
img003706.jpg,Chuối táo quạ,Nải,Xanh,train
img002149.jpg,Chuối già,Trái,Xanh,train
img003390.jpg,Chuối sáp,Trái,Xanh,train
img005064.jpg,Chuối xiêm,Trái,Xanh,train
img000500.jpg,Chuối cau,Trái,Chín,train
img003348.jpg,Chuối sáp,Trái,Xanh,train
img004621.jpg,Chuối xiêm,Trái,Chín,train
img003208.jpg,Chuối sáp,Trái,Xanh,train
img003970.jpg,Chuối xiêm,Buồng,Xanh,train
img001475.jpg,Chuối già,Nải,Chín,train
img000265.jpg,Chuối cau,Nải,Chín,train
img003405.jpg,Chuối sáp,Trái,Xanh,train
img001889.jpg,Chuối già,Trái,Chín,train
img003726.jpg,Chuối táo quạ,Nải,Xanh,train
img004518.jpg,Chuối xiêm,Trái,Chín,train
img005023.jpg,Chuối xiêm,Trái,Xanh,train
img002245.jpg,Chuối già,Trái,Xanh,train
img003470.jpg,Chuối sáp,Trái,Xanh,train
img003377.jpg,Chuối sáp,Trái,Xanh,train
img002556.jpg,Chuối sáp,Nải,Xanh,train
img001534.jpg,Chuối già,Nải,Chín,train
img004916.jpg,Chuối xiêm,Trái,Xanh,train
img004268.jpg,Chuối xiêm,Nải,Xanh,train
img005193.jpg,Chuối xiêm,Trái,Xanh,train
img004649.jpg,Chuối xiêm,Trái,Xanh,train
img002047.jpg,Chuối già,Trái,Xanh,train
img000469.jpg,Chuối cau,Trái,Chín,train
img004333.jpg,Chuối xiêm,Trái,Chín,train
img004806.jpg,Chuối xiêm,Trái,Xanh,train
img000842.jpg,Chuối cau,Trái,Xanh,train
img004247.jpg,Chuối xiêm,Nải,Chín,train
img001141.jpg,Chuối già,Buồng,Chín,train
img000857.jpg,Chuối cau,Trái,Xanh,train
img004393.jpg,Chuối xiêm,Trái,Chín,train
img003887.jpg,Chuối xiêm,Buồng,Chín,train
img000815.jpg,Chuối cau,Trái,Xanh,train
img004173.jpg,Chuối xiêm,Nải,Chín,train
img002122.jpg,Chuối già,Trái,Xanh,train
img001804.jpg,Chuối già,Trái,Chín,train
img004855.jpg,Chuối xiêm,Trái,Xanh,train
img002009.jpg,Chuối già,Trái,Chín,train
img004076.jpg,Chuối xiêm,Buồng,Xanh,train
img000922.jpg,Chuối cau,Trái,Xanh,train
img003053.jpg,Chuối sáp,Trái,Xanh,train
img001410.jpg,Chuối già,Buồng,Xanh,train
img004574.jpg,Chuối xiêm,Trái,Chín,train
img000563.jpg,Chuối cau,Trái,Chín,train
img002030.jpg,Chuối già,Trái,Xanh,train
img000717.jpg,Chuối cau,Trái,Chín,train
img004243.jpg,Chuối xiêm,Nải,Chín,train
img000113.jpg,Chuối cau,Buồng,Xanh,train
img002263.jpg,Chuối già,Trái,Xanh,train
img002528.jpg,Chuối sáp,Nải,Xanh,train
img001733.jpg,Chuối già,Trái,Chín,train
img003971.jpg,Chuối xiêm,Buồng,Xanh,train
img004223.jpg,Chuối xiêm,Nải,Chín,train
img002542.jpg,Chuối sáp,Nải,Xanh,train
img001138.jpg,Chuối già,Buồng,Chín,train
img000630.jpg,Chuối cau,Trái,Chín,train
img003733.jpg,Chuối táo quạ,Nải,Xanh,train
img002476.jpg,Chuối sáp,Nải,Chín,train
img000523.jpg,Chuối cau,Trái,Chín,train
img003410.jpg,Chuối sáp,Trái,Xanh,train
img003262.jpg,Chuối sáp,Trái,Xanh,train
img000311.jpg,Chuối cau,Nải,Xanh,train
img003731.jpg,Chuối táo quạ,Nải,Xanh,train
img003239.jpg,Chuối sáp,Trái,Xanh,train
img000518.jpg,Chuối cau,Trái,Chín,train
img004894.jpg,Chuối xiêm,Trái,Xanh,train
img004410.jpg,Chuối xiêm,Trái,Chín,train
img004745.jpg,Chuối xiêm,Trái,Xanh,train
img004454.jpg,Chuối xiêm,Trái,Chín,train
img002051.jpg,Chuối già,Trái,Xanh,train
img003309.jpg,Chuối sáp,Trái,Xanh,train
img000919.jpg,Chuối cau,Trái,Xanh,train
img001049.jpg,Chuối cau,Trái,Xanh,train
img002594.jpg,Chuối sáp,Trái,Chín,train
img002469.jpg,Chuối sáp,Nải,Chín,train
img001558.jpg,Chuối già,Nải,Chín,train
img004287.jpg,Chuối xiêm,Nải,Xanh,train
img000396.jpg,Chuối cau,Trái,Chín,train
img001599.jpg,Chuối già,Nải,Xanh,train
img000516.jpg,Chuối cau,Trái,Chín,train
img002300.jpg,Chuối sáp,Buồng,Chín,train
img001076.jpg,Chuối cau,Trái,Xanh,train
img001453.jpg,Chuối già,Nải,Chín,train
img004129.jpg,Chuối xiêm,Buồng,Xanh,train
img001069.jpg,Chuối cau,Trái,Xanh,train
img002182.jpg,Chuối già,Trái,Xanh,train
img000599.jpg,Chuối cau,Trái,Chín,train
img003684.jpg,Chuối táo quạ,Nải,Xanh,train
img001907.jpg,Chuối già,Trái,Chín,train
img001547.jpg,Chuối già,Nải,Chín,train
img002800.jpg,Chuối sáp,Trái,Chín,train
img002665.jpg,Chuối sáp,Trái,Chín,train
img004751.jpg,Chuối xiêm,Trái,Xanh,train
img000054.jpg,Chuối cau,Buồng,Xanh,train
img002653.jpg,Chuối sáp,Trái,Chín,train
img003342.jpg,Chuối sáp,Trái,Xanh,train
img003260.jpg,Chuối sáp,Trái,Xanh,train
img003838.jpg,Chuối xiêm,Buồng,Chín,train
img003215.jpg,Chuối sáp,Trái,Xanh,train
img004819.jpg,Chuối xiêm,Trái,Xanh,train
img000890.jpg,Chuối cau,Trái,Xanh,train
img003400.jpg,Chuối sáp,Trái,Xanh,train
img002990.jpg,Chuối sáp,Trái,Xanh,train
img001581.jpg,Chuối già,Nải,Xanh,train
img002219.jpg,Chuối già,Trái,Xanh,train
img004556.jpg,Chuối xiêm,Trái,Chín,train
img004719.jpg,Chuối xiêm,Trái,Xanh,train
img002109.jpg,Chuối già,Trái,Xanh,train
img000077.jpg,Chuối cau,Buồng,Xanh,train
img004693.jpg,Chuối xiêm,Trái,Xanh,train
img002709.jpg,Chuối sáp,Trái,Chín,train
img001961.jpg,Chuối già,Trái,Chín,train
img005195.jpg,Chuối xiêm,Trái,Xanh,train
img003365.jpg,Chuối sáp,Trái,Xanh,train
img003989.jpg,Chuối xiêm,Buồng,Xanh,train
img002089.jpg,Chuối già,Trái,Xanh,train
img003617.jpg,Chuối táo quạ,Buồng,Xanh,train
img001408.jpg,Chuối già,Buồng,Xanh,train
img001947.jpg,Chuối già,Trái,Chín,train
img002499.jpg,Chuối sáp,Nải,Xanh,train
img004151.png,Chuối xiêm,Buồng,Xanh,train
img000474.jpg,Chuối cau,Trái,Chín,train
img002173.jpg,Chuối già,Trái,Xanh,train
img000345.jpg,Chuối cau,Nải,Xanh,train
img002335.jpg,Chuối sáp,Buồng,Xanh,train
img002762.jpg,Chuối sáp,Trái,Chín,train
img001214.jpg,Chuối già,Buồng,Xanh,train
img002261.jpg,Chuối già,Trái,Xanh,train
img001314.jpg,Chuối già,Buồng,Xanh,train
img001991.jpg,Chuối già,Trái,Chín,train
img001532.jpg,Chuối già,Nải,Chín,train
img002529.jpg,Chuối sáp,Nải,Xanh,train
img000946.jpg,Chuối cau,Trái,Xanh,train
img003655.jpg,Chuối táo quạ,Nải,Chín,train
img002446.jpg,Chuối sáp,Nải,Chín,train
img003507.jpg,Chuối sáp,Trái,Xanh,train
img003567.jpg,Chuối táo quạ,Buồng,Xanh,train
img002861.jpg,Chuối sáp,Trái,Chín,train
img003454.jpg,Chuối sáp,Trái,Xanh,train
img000188.jpg,Chuối cau,Nải,Chín,train
img002284.jpg,Chuối sáp,Buồng,Chín,train
img004471.jpg,Chuối xiêm,Trái,Chín,train
img003720.jpg,Chuối táo quạ,Nải,Xanh,train
img003856.jpg,Chuối xiêm,Buồng,Chín,train
img000111.jpg,Chuối cau,Buồng,Xanh,train
img000222.jpg,Chuối cau,Nải,Chín,train
img003236.jpg,Chuối sáp,Trái,Xanh,train
img001800.jpg,Chuối già,Trái,Chín,train
img003129.jpg,Chuối sáp,Trái,Xanh,train
img001513.jpg,Chuối già,Nải,Chín,train
img003865.jpg,Chuối xiêm,Buồng,Chín,train
img004540.jpg,Chuối xiêm,Trái,Chín,train
img000407.jpg,Chuối cau,Trái,Chín,train
img002686.jpg,Chuối sáp,Trái,Chín,train
img002036.jpg,Chuối già,Trái,Xanh,train
img001062.jpg,Chuối cau,Trái,Xanh,train
img001343.jpg,Chuối già,Buồng,Xanh,train
img003796.jpg,Chuối táo quạ,Trái,Xanh,train
img003910.jpg,Chuối xiêm,Buồng,Xanh,train
img004791.jpg,Chuối xiêm,Trái,Xanh,train
img000126.jpg,Chuối cau,Buồng,Xanh,train
img003251.jpg,Chuối sáp,Trái,Xanh,train
img003861.jpg,Chuối xiêm,Buồng,Chín,train
img003631.jpg,Chuối táo quạ,Nải,Chín,train
img004386.jpg,Chuối xiêm,Trái,Chín,train
img001118.jpg,Chuối cau,Trái,Xanh,train
img001755.jpg,Chuối già,Trái,Chín,train
img003590.jpg,Chuối táo quạ,Buồng,Xanh,train
img002493.jpg,Chuối sáp,Nải,Xanh,train
img001611.jpg,Chuối già,Nải,Xanh,train
img004361.jpg,Chuối xiêm,Trái,Chín,train
img001930.jpg,Chuối già,Trái,Chín,train
img001328.jpg,Chuối già,Buồng,Xanh,train
img001218.jpg,Chuối già,Buồng,Xanh,train
img004585.jpg,Chuối xiêm,Trái,Chín,train
img000668.jpg,Chuối cau,Trái,Chín,train
img000877.jpg,Chuối cau,Trái,Xanh,train
img001246.jpg,Chuối già,Buồng,Xanh,train
img004993.jpg,Chuối xiêm,Trái,Xanh,train
img001070.jpg,Chuối cau,Trái,Xanh,train
img000241.jpg,Chuối cau,Nải,Chín,train
img002867.jpg,Chuối sáp,Trái,Chín,train
img002803.jpg,Chuối sáp,Trái,Chín,train
img002890.jpg,Chuối sáp,Trái,Chín,train
img001881.jpg,Chuối già,Trái,Chín,train
img001114.jpg,Chuối cau,Trái,Xanh,train
img004639.jpg,Chuối xiêm,Trái,Chín,train
img004690.jpg,Chuối xiêm,Trái,Xanh,train
img003016.jpg,Chuối sáp,Trái,Xanh,train
img004087.jpg,Chuối xiêm,Buồng,Xanh,train
img004045.jpg,Chuối xiêm,Buồng,Xanh,train
img004056.jpg,Chuối xiêm,Buồng,Xanh,train
img001976.jpg,Chuối già,Trái,Chín,train
img001828.jpg,Chuối già,Trái,Chín,train
img002321.jpg,Chuối sáp,Buồng,Xanh,train
img004103.jpg,Chuối xiêm,Buồng,Xanh,train
img002412.jpg,Chuối sáp,Nải,Chín,train
img004962.jpg,Chuối xiêm,Trái,Xanh,train
img004947.jpg,Chuối xiêm,Trái,Xanh,train
img002714.jpg,Chuối sáp,Trái,Chín,train
img003912.jpg,Chuối xiêm,Buồng,Xanh,train
img001820.jpg,Chuối già,Trái,Chín,train
img001662.jpg,Chuối già,Nải,Xanh,train
img000498.jpg,Chuối cau,Trái,Chín,train
img002938.jpg,Chuối sáp,Trái,Chín,train
img003389.jpg,Chuối sáp,Trái,Xanh,train
img003939.jpg,Chuối xiêm,Buồng,Xanh,train
img002566.jpg,Chuối sáp,Trái,Chín,train
img004193.jpg,Chuối xiêm,Nải,Chín,train
img002485.jpg,Chuối sáp,Nải,Xanh,train
img000010.jpg,Chuối cau,Buồng,Chín,train
img004303.jpg,Chuối xiêm,Trái,Chín,train
img000152.jpg,Chuối cau,Buồng,Xanh,train
img004506.jpg,Chuối xiêm,Trái,Chín,train
img003586.jpg,Chuối táo quạ,Buồng,Xanh,train
img004440.jpg,Chuối xiêm,Trái,Chín,train
img004588.jpg,Chuối xiêm,Trái,Chín,train
img002391.jpg,Chuối sáp,Buồng,Xanh,train
img003299.jpg,Chuối sáp,Trái,Xanh,train
img005089.jpg,Chuối xiêm,Trái,Xanh,train
img002517.jpg,Chuối sáp,Nải,Xanh,train
img001713.jpg,Chuối già,Trái,Chín,train
img005037.jpg,Chuối xiêm,Trái,Xanh,train
img004451.jpg,Chuối xiêm,Trái,Chín,train
img004108.jpg,Chuối xiêm,Buồng,Xanh,train
img002678.jpg,Chuối sáp,Trái,Chín,train
img000083.jpg,Chuối cau,Buồng,Xanh,train
img001245.jpg,Chuối già,Buồng,Xanh,train
img000865.jpg,Chuối cau,Trái,Xanh,train
img004510.jpg,Chuối xiêm,Trái,Chín,train
img003997.jpg,Chuối xiêm,Buồng,Xanh,train
img004780.jpg,Chuối xiêm,Trái,Xanh,train
img000091.jpg,Chuối cau,Buồng,Xanh,train
img004708.jpg,Chuối xiêm,Trái,Xanh,train
img001322.jpg,Chuối già,Buồng,Xanh,train
img003297.jpg,Chuối sáp,Trái,Xanh,train
img001065.jpg,Chuối cau,Trái,Xanh,train
img001437.jpg,Chuối già,Buồng,Xanh,train
img001139.jpg,Chuối già,Buồng,Chín,train
img000180.jpg,Chuối cau,Nải,Chín,train
img000060.jpg,Chuối cau,Buồng,Xanh,train
img002428.jpg,Chuối sáp,Nải,Chín,train
img000448.jpg,Chuối cau,Trái,Chín,train
img002439.jpg,Chuối sáp,Nải,Chín,train
img004940.jpg,Chuối xiêm,Trái,Xanh,train
img000346.jpg,Chuối cau,Nải,Xanh,train
img004668.jpg,Chuối xiêm,Trái,Xanh,train
img000602.jpg,Chuối cau,Trái,Chín,train
img002286.jpg,Chuối sáp,Buồng,Chín,train
img002497.jpg,Chuối sáp,Nải,Xanh,train
img004533.jpg,Chuối xiêm,Trái,Chín,train
img003975.jpg,Chuối xiêm,Buồng,Xanh,train
img002981.jpg,Chuối sáp,Trái,Xanh,train
img001125.jpg,Chuối cau,Trái,Xanh,train
img000520.jpg,Chuối cau,Trái,Chín,train
img003692.jpg,Chuối táo quạ,Nải,Xanh,train
img001134.jpg,Chuối già,Buồng,Chín,train
img003366.jpg,Chuối sáp,Trái,Xanh,train
img004259.jpg,Chuối xiêm,Nải,Xanh,train
img000064.jpg,Chuối cau,Buồng,Xanh,train
img004735.jpg,Chuối xiêm,Trái,Xanh,train
img001060.jpg,Chuối cau,Trái,Xanh,train
img002296.jpg,Chuối sáp,Buồng,Chín,train
img003293.jpg,Chuối sáp,Trái,Xanh,train
img003104.jpg,Chuối sáp,Trái,Xanh,train
img001189.jpg,Chuối già,Buồng,Xanh,train
img002416.jpg,Chuối sáp,Nải,Chín,train
img004053.jpg,Chuối xiêm,Buồng,Xanh,train
img001942.jpg,Chuối già,Trái,Chín,train
img000533.jpg,Chuối cau,Trái,Chín,train
img002466.jpg,Chuối sáp,Nải,Chín,train
img001428.png,Chuối già,Buồng,Xanh,train
img004257.jpg,Chuối xiêm,Nải,Xanh,train
img003599.jpg,Chuối táo quạ,Buồng,Xanh,train
img004788.jpg,Chuối xiêm,Trái,Xanh,train
img004989.jpg,Chuối xiêm,Trái,Xanh,train
img004224.jpg,Chuối xiêm,Nải,Chín,train
img002025.jpg,Chuối già,Trái,Xanh,train
img001596.jpg,Chuối già,Nải,Xanh,train
img003310.jpg,Chuối sáp,Trái,Xanh,train
img002660.jpg,Chuối sáp,Trái,Chín,train
img003242.jpg,Chuối sáp,Trái,Xanh,train
img000762.jpg,Chuối cau,Trái,Xanh,train
img003036.jpg,Chuối sáp,Trái,Xanh,train
img005088.jpg,Chuối xiêm,Trái,Xanh,train
img005138.jpg,Chuối xiêm,Trái,Xanh,train
img003605.jpg,Chuối táo quạ,Buồng,Xanh,train
img003318.jpg,Chuối sáp,Trái,Xanh,train
img004118.jpg,Chuối xiêm,Buồng,Xanh,train
img002171.jpg,Chuối già,Trái,Xanh,train
img000560.jpg,Chuối cau,Trái,Chín,train
img001640.jpg,Chuối già,Nải,Xanh,train
img002307.jpg,Chuối sáp,Buồng,Chín,train
img002568.jpg,Chuối sáp,Trái,Chín,train
img000189.jpg,Chuối cau,Nải,Chín,train
img003697.jpg,Chuối táo quạ,Nải,Xanh,train
img001240.jpg,Chuối già,Buồng,Xanh,train
img001966.jpg,Chuối già,Trái,Chín,train
img004253.png,Chuối xiêm,Nải,Chín,train
img002621.jpg,Chuối sáp,Trái,Chín,train
img004059.jpg,Chuối xiêm,Buồng,Xanh,train
img001462.jpg,Chuối già,Nải,Chín,train
img002648.jpg,Chuối sáp,Trái,Chín,train
img001385.jpg,Chuối già,Buồng,Xanh,train
img001278.jpg,Chuối già,Buồng,Xanh,train
img001655.jpg,Chuối già,Nải,Xanh,train
img004929.jpg,Chuối xiêm,Trái,Xanh,train
img003837.jpg,Chuối xiêm,Buồng,Chín,train
img001377.jpg,Chuối già,Buồng,Xanh,train
img003440.jpg,Chuối sáp,Trái,Xanh,train
img002068.jpg,Chuối già,Trái,Xanh,train
img000912.jpg,Chuối cau,Trái,Xanh,train
img001283.jpg,Chuối già,Buồng,Xanh,train
img001525.jpg,Chuối già,Nải,Chín,train
img003359.jpg,Chuối sáp,Trái,Xanh,train
img001092.jpg,Chuối cau,Trái,Xanh,train
img004906.jpg,Chuối xiêm,Trái,Xanh,train
img001115.jpg,Chuối cau,Trái,Xanh,train
img004911.jpg,Chuối xiêm,Trái,Xanh,train
img001360.jpg,Chuối già,Buồng,Xanh,train
img003789.jpg,Chuối táo quạ,Trái,Xanh,train
img000740.jpg,Chuối cau,Trái,Chín,train
img001286.jpg,Chuối già,Buồng,Xanh,train
img003854.jpg,Chuối xiêm,Buồng,Chín,train
img003352.jpg,Chuối sáp,Trái,Xanh,train
img004122.jpg,Chuối xiêm,Buồng,Xanh,train
img002467.jpg,Chuối sáp,Nải,Chín,train
img003637.jpg,Chuối táo quạ,Nải,Chín,train
img001735.jpg,Chuối già,Trái,Chín,train
img004415.jpg,Chuối xiêm,Trái,Chín,train
img004412.jpg,Chuối xiêm,Trái,Chín,train
img005149.jpg,Chuối xiêm,Trái,Xanh,train
img003421.jpg,Chuối sáp,Trái,Xanh,train
img001241.jpg,Chuối già,Buồng,Xanh,train
img001072.jpg,Chuối cau,Trái,Xanh,train
img002344.jpg,Chuối sáp,Buồng,Xanh,train
img003774.jpg,Chuối táo quạ,Trái,Chín,train
img000022.jpg,Chuối cau,Buồng,Chín,train
img001158.jpg,Chuối già,Buồng,Xanh,train
img000114.jpg,Chuối cau,Buồng,Xanh,train
img004062.jpg,Chuối xiêm,Buồng,Xanh,train
img003973.jpg,Chuối xiêm,Buồng,Xanh,train
img003103.jpg,Chuối sáp,Trái,Xanh,train
img002785.jpg,Chuối sáp,Trái,Chín,train
img004746.jpg,Chuối xiêm,Trái,Xanh,train
img000507.jpg,Chuối cau,Trái,Chín,train
img001433.png,Chuối già,Buồng,Xanh,train
img001665.jpg,Chuối già,Nải,Xanh,train
img001071.jpg,Chuối cau,Trái,Xanh,train
img000217.jpg,Chuối cau,Nải,Chín,train
img001340.jpg,Chuối già,Buồng,Xanh,train
img004054.jpg,Chuối xiêm,Buồng,Xanh,train
img000609.jpg,Chuối cau,Trái,Chín,train
img001375.jpg,Chuối già,Buồng,Xanh,train
img000486.jpg,Chuối cau,Trái,Chín,train
img004320.jpg,Chuối xiêm,Trái,Chín,train
img004469.jpg,Chuối xiêm,Trái,Chín,train
img000839.jpg,Chuối cau,Trái,Xanh,train
img003111.jpg,Chuối sáp,Trái,Xanh,train
img000062.jpg,Chuối cau,Buồng,Xanh,train
img003114.jpg,Chuối sáp,Trái,Xanh,train
img003752.jpg,Chuối táo quạ,Trái,Chín,train
img004904.jpg,Chuối xiêm,Trái,Xanh,train
img002097.jpg,Chuối già,Trái,Xanh,train
img000454.jpg,Chuối cau,Trái,Chín,train
img004663.jpg,Chuối xiêm,Trái,Xanh,train
img002164.jpg,Chuối già,Trái,Xanh,train
img002756.jpg,Chuối sáp,Trái,Chín,train
img004246.jpg,Chuối xiêm,Nải,Chín,train
img003611.jpg,Chuối táo quạ,Buồng,Xanh,train
img003947.jpg,Chuối xiêm,Buồng,Xanh,train
img001014.jpg,Chuối cau,Trái,Xanh,train
img002311.jpg,Chuối sáp,Buồng,Xanh,train
img001207.jpg,Chuối già,Buồng,Xanh,train
img004850.jpg,Chuối xiêm,Trái,Xanh,train
img005018.jpg,Chuối xiêm,Trái,Xanh,train
img001355.jpg,Chuối già,Buồng,Xanh,train
img003630.jpg,Chuối táo quạ,Nải,Chín,train
img004349.jpg,Chuối xiêm,Trái,Chín,train
img000714.jpg,Chuối cau,Trái,Chín,train
img001702.jpg,Chuối già,Trái,Chín,train
img004283.jpg,Chuối xiêm,Nải,Xanh,train
img005049.jpg,Chuối xiêm,Trái,Xanh,train
img001344.jpg,Chuối già,Buồng,Xanh,train
img002798.jpg,Chuối sáp,Trái,Chín,train
img001187.jpg,Chuối già,Buồng,Xanh,train
img002970.jpg,Chuối sáp,Trái,Xanh,train
img003670.jpg,Chuối táo quạ,Nải,Chín,train
img002268.jpg,Chuối già,Trái,Xanh,train
img003332.jpg,Chuối sáp,Trái,Xanh,train
img001784.jpg,Chuối già,Trái,Chín,train
img004065.jpg,Chuối xiêm,Buồng,Xanh,train
img003713.jpg,Chuối táo quạ,Nải,Xanh,train
img002903.jpg,Chuối sáp,Trái,Chín,train
img000421.jpg,Chuối cau,Trái,Chín,train
img002230.jpg,Chuối già,Trái,Xanh,train
img001261.jpg,Chuối già,Buồng,Xanh,train
img002427.jpg,Chuối sáp,Nải,Chín,train
img004647.jpg,Chuối xiêm,Trái,Xanh,train
img004404.jpg,Chuối xiêm,Trái,Chín,train
img002940.jpg,Chuối sáp,Trái,Chín,train
img001338.jpg,Chuối già,Buồng,Xanh,train
img002251.jpg,Chuối già,Trái,Xanh,train
img002333.jpg,Chuối sáp,Buồng,Xanh,train
img001939.jpg,Chuối già,Trái,Chín,train
img003539.jpg,Chuối táo quạ,Buồng,Xanh,train
img002235.jpg,Chuối già,Trái,Xanh,train
img004515.jpg,Chuối xiêm,Trái,Chín,train
img001132.jpeg,Chuối già,Buồng,Chín,train
img001912.jpg,Chuối già,Trái,Chín,train
img003929.jpg,Chuối xiêm,Buồng,Xanh,train
img004809.jpg,Chuối xiêm,Trái,Xanh,train
img003469.jpg,Chuối sáp,Trái,Xanh,train
img003100.jpg,Chuối sáp,Trái,Xanh,train
img001406.jpg,Chuối già,Buồng,Xanh,train
img002169.jpg,Chuối già,Trái,Xanh,train
img000888.jpg,Chuối cau,Trái,Xanh,train
img002462.jpg,Chuối sáp,Nải,Chín,train
img003646.jpg,Chuối táo quạ,Nải,Chín,train
img002919.jpg,Chuối sáp,Trái,Chín,train
img003951.jpg,Chuối xiêm,Buồng,Xanh,train
img001656.jpg,Chuối già,Nải,Xanh,train
img004958.jpg,Chuối xiêm,Trái,Xanh,train
img003734.jpg,Chuối táo quạ,Trái,Chín,train
img000741.jpg,Chuối cau,Trái,Chín,train
img002605.jpg,Chuối sáp,Trái,Chín,train
img004489.jpg,Chuối xiêm,Trái,Chín,train
img003041.jpg,Chuối sáp,Trái,Xanh,train
img000025.jpg,Chuối cau,Buồng,Chín,train
img000684.jpg,Chuối cau,Trái,Chín,train
img001815.jpg,Chuối già,Trái,Chín,train
img001824.jpg,Chuối già,Trái,Chín,train
img000084.jpg,Chuối cau,Buồng,Xanh,train
img003360.jpg,Chuối sáp,Trái,Xanh,train
img000582.jpg,Chuối cau,Trái,Chín,train
img002897.jpg,Chuối sáp,Trái,Chín,train
img004127.jpg,Chuối xiêm,Buồng,Xanh,train
img005170.jpg,Chuối xiêm,Trái,Xanh,train
img000938.jpg,Chuối cau,Trái,Xanh,train
img001570.png,Chuối già,Nải,Chín,train
img000564.jpg,Chuối cau,Trái,Chín,train
img004922.jpg,Chuối xiêm,Trái,Xanh,train
img004694.jpg,Chuối xiêm,Trái,Xanh,train
img001645.jpg,Chuối già,Nải,Xanh,train
img004650.jpg,Chuối xiêm,Trái,Xanh,train
img002789.jpg,Chuối sáp,Trái,Chín,train
img004723.jpg,Chuối xiêm,Trái,Xanh,train
img002441.jpg,Chuối sáp,Nải,Chín,train
img004264.jpg,Chuối xiêm,Nải,Xanh,train
img001162.jpg,Chuối già,Buồng,Xanh,train
img004617.jpg,Chuối xiêm,Trái,Chín,train
img000045.jpg,Chuối cau,Buồng,Xanh,train
img001220.jpg,Chuối già,Buồng,Xanh,train
img003261.jpg,Chuối sáp,Trái,Xanh,train
img004335.jpg,Chuối xiêm,Trái,Chín,train
img000167.jpg,Chuối cau,Nải,Chín,train
img002984.jpg,Chuối sáp,Trái,Xanh,train
img004706.jpg,Chuối xiêm,Trái,Xanh,train
img003195.jpg,Chuối sáp,Trái,Xanh,train
img001582.jpg,Chuối già,Nải,Xanh,train
img000399.jpg,Chuối cau,Trái,Chín,train
img002543.jpg,Chuối sáp,Nải,Xanh,train
img002486.jpg,Chuối sáp,Nải,Xanh,train
img001244.jpg,Chuối già,Buồng,Xanh,train
img000481.jpg,Chuối cau,Trái,Chín,train
img003710.jpg,Chuối táo quạ,Nải,Xanh,train
img005156.jpg,Chuối xiêm,Trái,Xanh,train
img003482.jpg,Chuối sáp,Trái,Xanh,train
img001205.jpg,Chuối già,Buồng,Xanh,train
img003548.jpg,Chuối táo quạ,Buồng,Xanh,train
img002316.jpg,Chuối sáp,Buồng,Xanh,train
img003604.jpg,Chuối táo quạ,Buồng,Xanh,train
img002886.jpg,Chuối sáp,Trái,Chín,train
img005065.jpg,Chuối xiêm,Trái,Xanh,train
img004753.jpg,Chuối xiêm,Trái,Xanh,train
img000637.jpg,Chuối cau,Trái,Chín,train
img002163.jpg,Chuối già,Trái,Xanh,train
img003627.jpg,Chuối táo quạ,Nải,Chín,train
img000488.jpg,Chuối cau,Trái,Chín,train
img001753.jpg,Chuối già,Trái,Chín,train
img003417.jpg,Chuối sáp,Trái,Xanh,train
img003201.jpg,Chuối sáp,Trái,Xanh,train
img003303.jpg,Chuối sáp,Trái,Xanh,train
img001282.jpg,Chuối già,Buồng,Xanh,train
img003589.jpg,Chuối táo quạ,Buồng,Xanh,train
img001281.jpg,Chuối già,Buồng,Xanh,train
img000493.jpg,Chuối cau,Trái,Chín,train
img002218.jpg,Chuối già,Trái,Xanh,train
img004222.jpg,Chuối xiêm,Nải,Chín,train
img002810.jpg,Chuối sáp,Trái,Chín,train
img003029.jpg,Chuối sáp,Trái,Xanh,train
img001868.jpg,Chuối già,Trái,Chín,train
img005152.jpg,Chuối xiêm,Trái,Xanh,train
img000875.jpg,Chuối cau,Trái,Xanh,train
img001467.jpg,Chuối già,Nải,Chín,train
img003371.jpg,Chuối sáp,Trái,Xanh,train
img004229.jpg,Chuối xiêm,Nải,Chín,train
img004210.jpg,Chuối xiêm,Nải,Chín,train
img002475.jpg,Chuối sáp,Nải,Chín,train
img000214.jpg,Chuối cau,Nải,Chín,train
img000072.jpg,Chuối cau,Buồng,Xanh,train
img000076.jpg,Chuối cau,Buồng,Xanh,train
img000445.jpg,Chuối cau,Trái,Chín,train
img005127.jpg,Chuối xiêm,Trái,Xanh,train
img004737.jpg,Chuối xiêm,Trái,Xanh,train
img005044.jpg,Chuối xiêm,Trái,Xanh,train
img005196.jpg,Chuối xiêm,Trái,Xanh,train
img002156.jpg,Chuối già,Trái,Xanh,train
img000597.jpg,Chuối cau,Trái,Chín,train
img002924.jpg,Chuối sáp,Trái,Chín,train
img001459.jpg,Chuối già,Nải,Chín,train
img003699.jpg,Chuối táo quạ,Nải,Xanh,train
img005124.jpg,Chuối xiêm,Trái,Xanh,train
img000755.jpg,Chuối cau,Trái,Xanh,train
img002305.jpg,Chuối sáp,Buồng,Chín,train
img004032.jpg,Chuối xiêm,Buồng,Xanh,train
img003571.jpg,Chuối táo quạ,Buồng,Xanh,train
img001670.jpg,Chuối già,Trái,Chín,train
img002258.jpg,Chuối già,Trái,Xanh,train
img004905.jpg,Chuối xiêm,Trái,Xanh,train
img001028.jpg,Chuối cau,Trái,Xanh,train
img000561.jpg,Chuối cau,Trái,Chín,train
img003703.jpg,Chuối táo quạ,Nải,Xanh,train
img001227.jpg,Chuối già,Buồng,Xanh,train
img003488.jpg,Chuối sáp,Trái,Xanh,train
img002989.jpg,Chuối sáp,Trái,Xanh,train
img005190.jpg,Chuối xiêm,Trái,Xanh,train
img000976.jpg,Chuối cau,Trái,Xanh,train
img000395.jpg,Chuối cau,Trái,Chín,train
img004385.jpg,Chuối xiêm,Trái,Chín,train
img000212.jpg,Chuối cau,Nải,Chín,train
img000236.jpg,Chuối cau,Nải,Chín,train
img003490.jpg,Chuối sáp,Trái,Xanh,train
img005180.jpg,Chuối xiêm,Trái,Xanh,train
img001913.jpg,Chuối già,Trái,Chín,train
img002534.jpg,Chuối sáp,Nải,Xanh,train
img000784.jpg,Chuối cau,Trái,Xanh,train
img003661.jpg,Chuối táo quạ,Nải,Chín,train
img002103.jpg,Chuối già,Trái,Xanh,train
img004616.jpg,Chuối xiêm,Trái,Chín,train
img003110.jpg,Chuối sáp,Trái,Xanh,train
img001447.jpg,Chuối già,Nải,Chín,train
img001432.png,Chuối già,Buồng,Xanh,train
img004544.jpg,Chuối xiêm,Trái,Chín,train
img003784.jpg,Chuối táo quạ,Trái,Xanh,train
img001756.jpg,Chuối già,Trái,Chín,train
img005134.jpg,Chuối xiêm,Trái,Xanh,train
img003682.jpg,Chuối táo quạ,Nải,Xanh,train
img003672.jpg,Chuối táo quạ,Nải,Chín,train
img001427.png,Chuối già,Buồng,Xanh,train
img004900.jpg,Chuối xiêm,Trái,Xanh,train
img004620.jpg,Chuối xiêm,Trái,Chín,train
img004310.jpg,Chuối xiêm,Trái,Chín,train
img005188.jpg,Chuối xiêm,Trái,Xanh,train
img000235.jpg,Chuối cau,Nải,Chín,train
img002536.jpg,Chuối sáp,Nải,Xanh,train
img003423.jpg,Chuối sáp,Trái,Xanh,train
img003788.jpg,Chuối táo quạ,Trái,Xanh,train
img001490.jpg,Chuối già,Nải,Chín,train
img002626.jpg,Chuối sáp,Trái,Chín,train
img004117.jpg,Chuối xiêm,Buồng,Xanh,train
img005158.jpg,Chuối xiêm,Trái,Xanh,train
img003443.jpg,Chuối sáp,Trái,Xanh,train
img000224.jpg,Chuối cau,Nải,Chín,train
img000318.jpg,Chuối cau,Nải,Xanh,train
img003256.jpg,Chuối sáp,Trái,Xanh,train
img005120.jpg,Chuối xiêm,Trái,Xanh,train
img002870.jpg,Chuối sáp,Trái,Chín,train
img000616.jpg,Chuối cau,Trái,Chín,train
img001851.jpg,Chuối già,Trái,Chín,train
img003112.jpg,Chuối sáp,Trái,Xanh,train
img004225.jpg,Chuối xiêm,Nải,Chín,train
img000833.jpg,Chuối cau,Trái,Xanh,train
img000963.jpg,Chuối cau,Trái,Xanh,train
img001088.jpg,Chuối cau,Trái,Xanh,train
img000496.jpg,Chuối cau,Trái,Chín,train
img003438.jpg,Chuối sáp,Trái,Xanh,train
img004009.jpg,Chuối xiêm,Buồng,Xanh,train
img003135.jpg,Chuối sáp,Trái,Xanh,train
img004644.jpg,Chuối xiêm,Trái,Xanh,train
img003068.jpg,Chuối sáp,Trái,Xanh,train
img004155.jpg,Chuối xiêm,Buồng,Xanh,train
img002728.jpg,Chuối sáp,Trái,Chín,train
img000830.jpg,Chuối cau,Trái,Xanh,train
img003033.jpg,Chuối sáp,Trái,Xanh,train
img002157.jpg,Chuối già,Trái,Xanh,train
img003362.jpg,Chuối sáp,Trái,Xanh,train
img001393.jpg,Chuối già,Buồng,Xanh,train
img000975.jpg,Chuối cau,Trái,Xanh,train
img004316.jpg,Chuối xiêm,Trái,Chín,train
img003459.jpg,Chuối sáp,Trái,Xanh,train
img000131.jpg,Chuối cau,Buồng,Xanh,train
img004231.jpg,Chuối xiêm,Nải,Chín,train
img004334.jpg,Chuối xiêm,Trái,Chín,train
img002205.jpg,Chuối già,Trái,Xanh,train
img003560.jpg,Chuối táo quạ,Buồng,Xanh,train
img004632.jpg,Chuối xiêm,Trái,Chín,train
img001775.jpg,Chuối già,Trái,Chín,train
img004464.jpg,Chuối xiêm,Trái,Chín,train
img000369.jpg,Chuối cau,Trái,Chín,train
img001000.jpg,Chuối cau,Trái,Xanh,train
img002237.jpg,Chuối già,Trái,Xanh,train
img003694.jpg,Chuối táo quạ,Nải,Xanh,train
img001316.jpg,Chuối già,Buồng,Xanh,train
img002978.jpg,Chuối sáp,Trái,Xanh,train
img004359.jpg,Chuối xiêm,Trái,Chín,train
img003496.jpg,Chuối sáp,Trái,Xanh,train
img004488.jpg,Chuối xiêm,Trái,Chín,train
img003709.jpg,Chuối táo quạ,Nải,Xanh,train
img002387.jpg,Chuối sáp,Buồng,Xanh,train
img000203.jpg,Chuối cau,Nải,Chín,train
img003708.jpg,Chuối táo quạ,Nải,Xanh,train
img001664.jpg,Chuối già,Nải,Xanh,train
img004058.jpg,Chuối xiêm,Buồng,Xanh,train
img003253.jpg,Chuối sáp,Trái,Xanh,train
img004568.jpg,Chuối xiêm,Trái,Chín,train
img000096.jpg,Chuối cau,Buồng,Xanh,train
img004263.jpg,Chuối xiêm,Nải,Xanh,train
img005021.jpg,Chuối xiêm,Trái,Xanh,train
img004460.jpg,Chuối xiêm,Trái,Chín,train
img004218.jpg,Chuối xiêm,Nải,Chín,train
img001814.jpg,Chuối già,Trái,Chín,train
img003545.jpg,Chuối táo quạ,Buồng,Xanh,train
img002323.jpg,Chuối sáp,Buồng,Xanh,train
img004534.jpg,Chuối xiêm,Trái,Chín,train
img002404.jpg,Chuối sáp,Buồng,Xanh,train
img000341.jpg,Chuối cau,Nải,Xanh,train
img002450.jpg,Chuối sáp,Nải,Chín,train
img004465.jpg,Chuối xiêm,Trái,Chín,train
img001766.jpg,Chuối già,Trái,Chín,train
img000994.jpg,Chuối cau,Trái,Xanh,train
img001642.jpg,Chuối già,Nải,Xanh,train
img001342.jpg,Chuối già,Buồng,Xanh,train
img000957.jpg,Chuối cau,Trái,Xanh,train
img004133.jpg,Chuối xiêm,Buồng,Xanh,train
img003246.jpg,Chuối sáp,Trái,Xanh,train
img004134.jpg,Chuối xiêm,Buồng,Xanh,train
img003569.jpg,Chuối táo quạ,Buồng,Xanh,train
img003281.jpg,Chuối sáp,Trái,Xanh,train
img005042.jpg,Chuối xiêm,Trái,Xanh,train
img000290.jpg,Chuối cau,Nải,Chín,train
img000023.jpg,Chuối cau,Buồng,Chín,train
img004115.jpg,Chuối xiêm,Buồng,Xanh,val
img004439.jpg,Chuối xiêm,Trái,Chín,val
img000545.jpg,Chuối cau,Trái,Chín,val
img001369.jpg,Chuối già,Buồng,Xanh,val
img004938.jpg,Chuối xiêm,Trái,Xanh,val
img004805.jpg,Chuối xiêm,Trái,Xanh,val
img004024.jpg,Chuối xiêm,Buồng,Xanh,val
img000049.jpg,Chuối cau,Buồng,Xanh,val
img001495.jpg,Chuối già,Nải,Chín,val
img000024.jpg,Chuối cau,Buồng,Chín,val
img002518.jpg,Chuối sáp,Nải,Xanh,val
img000492.jpg,Chuối cau,Trái,Chín,val
img003508.jpg,Chuối sáp,Trái,Xanh,val
img000269.jpg,Chuối cau,Nải,Chín,val
img002246.jpg,Chuối già,Trái,Xanh,val
img002795.jpg,Chuối sáp,Trái,Chín,val
img000262.jpg,Chuối cau,Nải,Chín,val
img005198.jpg,Chuối xiêm,Trái,Xanh,val
img004718.jpg,Chuối xiêm,Trái,Xanh,val
img003183.jpg,Chuối sáp,Trái,Xanh,val
img000429.jpg,Chuối cau,Trái,Chín,val
img001738.jpg,Chuối già,Trái,Chín,val
img001639.jpg,Chuối già,Nải,Xanh,val
img004628.jpg,Chuối xiêm,Trái,Chín,val
img000133.jpg,Chuối cau,Buồng,Xanh,val
img000011.jpg,Chuối cau,Buồng,Chín,val
img005166.jpg,Chuối xiêm,Trái,Xanh,val
img001715.jpg,Chuối già,Trái,Chín,val
img000384.jpg,Chuối cau,Trái,Chín,val
img002431.jpg,Chuối sáp,Nải,Chín,val
img000887.jpg,Chuối cau,Trái,Xanh,val
img004174.jpg,Chuối xiêm,Nải,Chín,val
img003048.jpg,Chuối sáp,Trái,Xanh,val
img000307.jpg,Chuối cau,Nải,Xanh,val
img003889.jpg,Chuối xiêm,Buồng,Chín,val
img004903.jpg,Chuối xiêm,Trái,Xanh,val
img003071.jpg,Chuối sáp,Trái,Xanh,val
img003269.jpg,Chuối sáp,Trái,Xanh,val
img000364.jpg,Chuối cau,Trái,Chín,val
img004995.jpg,Chuối xiêm,Trái,Xanh,val
img002649.jpg,Chuối sáp,Trái,Chín,val
img001173.jpg,Chuối già,Buồng,Xanh,val
img003442.jpg,Chuối sáp,Trái,Xanh,val
img002400.jpg,Chuối sáp,Buồng,Xanh,val
img003197.jpg,Chuối sáp,Trái,Xanh,val
img000853.jpg,Chuối cau,Trái,Xanh,val
img001548.jpg,Chuối già,Nải,Chín,val
img000034.jpg,Chuối cau,Buồng,Chín,val
img000279.jpg,Chuối cau,Nải,Chín,val
img001090.jpg,Chuối cau,Trái,Xanh,val
img001707.jpg,Chuối già,Trái,Chín,val
img004826.jpg,Chuối xiêm,Trái,Xanh,val
img002846.jpg,Chuối sáp,Trái,Chín,val
img003427.jpg,Chuối sáp,Trái,Xanh,val
img004514.jpg,Chuối xiêm,Trái,Chín,val
img003055.jpg,Chuối sáp,Trái,Xanh,val
img003005.jpg,Chuối sáp,Trái,Xanh,val
img000768.jpg,Chuối cau,Trái,Xanh,val
img004205.jpg,Chuối xiêm,Nải,Chín,val
img001272.jpg,Chuối già,Buồng,Xanh,val
img003337.jpg,Chuối sáp,Trái,Xanh,val
img003515.jpg,Chuối sáp,Trái,Xanh,val
img002077.jpg,Chuối già,Trái,Xanh,val
img003441.jpg,Chuối sáp,Trái,Xanh,val
img005066.jpg,Chuối xiêm,Trái,Xanh,val
img004402.jpg,Chuối xiêm,Trái,Chín,val
img003462.jpg,Chuối sáp,Trái,Xanh,val
img000634.jpg,Chuối cau,Trái,Chín,val
img004856.jpg,Chuối xiêm,Trái,Xanh,val
img002293.jpg,Chuối sáp,Buồng,Chín,val
img002916.jpg,Chuối sáp,Trái,Chín,val
img001935.jpg,Chuối già,Trái,Chín,val
img002398.jpg,Chuối sáp,Buồng,Xanh,val
img002693.jpg,Chuối sáp,Trái,Chín,val
img005131.jpg,Chuối xiêm,Trái,Xanh,val
img002409.png,Chuối sáp,Buồng,Xanh,val
img002553.jpg,Chuối sáp,Nải,Xanh,val
img003937.jpg,Chuối xiêm,Buồng,Xanh,val
img000107.jpg,Chuối cau,Buồng,Xanh,val
img001906.jpg,Chuối già,Trái,Chín,val
img000412.jpg,Chuối cau,Trái,Chín,val
img003925.jpg,Chuối xiêm,Buồng,Xanh,val
img004018.jpg,Chuối xiêm,Buồng,Xanh,val
img004532.jpg,Chuối xiêm,Trái,Chín,val
img004285.jpg,Chuối xiêm,Nải,Xanh,val
img001403.jpg,Chuối già,Buồng,Xanh,val
img004379.jpg,Chuối xiêm,Trái,Chín,val
img000866.jpg,Chuối cau,Trái,Xanh,val
img004643.jpg,Chuối xiêm,Trái,Chín,val
img001932.jpg,Chuối già,Trái,Chín,val
img001638.jpg,Chuối già,Nải,Xanh,val
img002175.jpg,Chuối già,Trái,Xanh,val
img001509.jpg,Chuối già,Nải,Chín,val
img002455.jpg,Chuối sáp,Nải,Chín,val
img002197.jpg,Chuối già,Trái,Xanh,val
img000218.jpg,Chuối cau,Nải,Chín,val
img003411.jpg,Chuối sáp,Trái,Xanh,val
img001037.jpg,Chuối cau,Trái,Xanh,val
img002050.jpg,Chuối già,Trái,Xanh,val
img005182.jpg,Chuối xiêm,Trái,Xanh,val
img004898.jpg,Chuối xiêm,Trái,Xanh,val
img003842.jpg,Chuối xiêm,Buồng,Chín,val
img000627.jpg,Chuối cau,Trái,Chín,val
img003753.jpg,Chuối táo quạ,Trái,Chín,val
img001368.jpg,Chuối già,Buồng,Xanh,val
img000967.jpg,Chuối cau,Trái,Xanh,val
img000350.jpg,Chuối cau,Trái,Chín,val
img003988.jpg,Chuối xiêm,Buồng,Xanh,val
img003557.jpg,Chuối táo quạ,Buồng,Xanh,val
img001692.jpg,Chuối già,Trái,Chín,val
img003779.jpg,Chuối táo quạ,Trái,Xanh,val
img003321.jpg,Chuối sáp,Trái,Xanh,val
img001199.jpg,Chuối già,Buồng,Xanh,val
img003025.jpg,Chuối sáp,Trái,Xanh,val
img004068.jpg,Chuối xiêm,Buồng,Xanh,val
img002731.jpg,Chuối sáp,Trái,Chín,val
img002934.jpg,Chuối sáp,Trái,Chín,val
img000244.jpg,Chuối cau,Nải,Chín,val
img003452.jpg,Chuối sáp,Trái,Xanh,val
img000164.jpg,Chuối cau,Nải,Chín,val
img000052.jpg,Chuối cau,Buồng,Xanh,val
img001666.jpg,Chuối già,Nải,Xanh,val
img001863.jpg,Chuối già,Trái,Chín,val
img004387.jpg,Chuối xiêm,Trái,Chín,val
img003067.jpg,Chuối sáp,Trái,Xanh,val
img000633.jpg,Chuối cau,Trái,Chín,val
img003432.jpg,Chuối sáp,Trái,Xanh,val
img001400.jpg,Chuối già,Buồng,Xanh,val
img001928.jpg,Chuối già,Trái,Chín,val
img004161.jpg,Chuối xiêm,Nải,Chín,val
img002664.jpg,Chuối sáp,Trái,Chín,val
img003992.jpg,Chuối xiêm,Buồng,Xanh,val
img001124.jpg,Chuối cau,Trái,Xanh,val
img004154.png,Chuối xiêm,Buồng,Xanh,val
img003274.jpg,Chuối sáp,Trái,Xanh,val
img002907.jpg,Chuối sáp,Trái,Chín,val
img003516.jpg,Chuối sáp,Trái,Xanh,val
img001308.jpg,Chuối già,Buồng,Xanh,val
img005091.jpg,Chuối xiêm,Trái,Xanh,val
img001954.jpg,Chuối già,Trái,Chín,val
img000735.jpg,Chuối cau,Trái,Chín,val
img001554.jpg,Chuối già,Nải,Chín,val
img002521.jpg,Chuối sáp,Nải,Xanh,val
img005113.jpg,Chuối xiêm,Trái,Xanh,val
img000349.jpg,Chuối cau,Trái,Chín,val
img003972.jpg,Chuối xiêm,Buồng,Xanh,val
img001101.jpg,Chuối cau,Trái,Xanh,val
img004800.jpg,Chuối xiêm,Trái,Xanh,val
img003426.jpg,Chuối sáp,Trái,Xanh,val
img004547.jpg,Chuối xiêm,Trái,Chín,val
img002973.jpg,Chuối sáp,Trái,Xanh,val
img001436.png,Chuối già,Buồng,Xanh,val
img000705.jpg,Chuối cau,Trái,Chín,val
img005061.jpg,Chuối xiêm,Trái,Xanh,val
img001348.jpg,Chuối già,Buồng,Xanh,val
img000312.jpg,Chuối cau,Nải,Xanh,val
img001084.jpg,Chuối cau,Trái,Xanh,val
img002554.jpg,Chuối sáp,Nải,Xanh,val
img003205.jpg,Chuối sáp,Trái,Xanh,val
img002214.jpg,Chuối già,Trái,Xanh,val
img000876.jpg,Chuối cau,Trái,Xanh,val
img000162.jpg,Chuối cau,Buồng,Xanh,val
img004363.jpg,Chuối xiêm,Trái,Chín,val
img000165.jpg,Chuối cau,Nải,Chín,val
img004486.jpg,Chuối xiêm,Trái,Chín,val
img004939.jpg,Chuối xiêm,Trái,Xanh,val
img003019.jpg,Chuối sáp,Trái,Xanh,val
img003085.jpg,Chuối sáp,Trái,Xanh,val
img001387.jpg,Chuối già,Buồng,Xanh,val
img002845.jpg,Chuối sáp,Trái,Chín,val
img000210.jpg,Chuối cau,Nải,Chín,val
img001126.jpg,Chuối già,Buồng,Chín,val
img004664.jpg,Chuối xiêm,Trái,Xanh,val
img003327.jpg,Chuối sáp,Trái,Xanh,val
img002715.jpg,Chuối sáp,Trái,Chín,val
img004752.jpg,Chuối xiêm,Trái,Xanh,val
img001477.jpg,Chuối già,Nải,Chín,val
img001917.jpg,Chuối già,Trái,Chín,val
img002588.jpg,Chuối sáp,Trái,Chín,val
img001034.jpg,Chuối cau,Trái,Xanh,val
img000611.jpg,Chuối cau,Trái,Chín,val
img003373.jpg,Chuối sáp,Trái,Xanh,val
img002159.jpg,Chuối già,Trái,Xanh,val
img003994.jpg,Chuối xiêm,Buồng,Xanh,val
img005079.jpg,Chuối xiêm,Trái,Xanh,val
img000359.jpg,Chuối cau,Trái,Chín,val
img003869.jpg,Chuối xiêm,Buồng,Chín,val
img000547.jpg,Chuối cau,Trái,Chín,val
img001371.jpg,Chuối già,Buồng,Xanh,val
img003588.jpg,Chuối táo quạ,Buồng,Xanh,val
img001354.jpg,Chuối già,Buồng,Xanh,val
img005173.jpg,Chuối xiêm,Trái,Xanh,val
img001731.jpg,Chuối già,Trái,Chín,val
img004030.jpg,Chuối xiêm,Buồng,Xanh,val
img004199.jpg,Chuối xiêm,Nải,Chín,val
img001999.jpg,Chuối già,Trái,Chín,val
img004908.jpg,Chuối xiêm,Trái,Xanh,val
img003263.jpg,Chuối sáp,Trái,Xanh,val
img004279.jpg,Chuối xiêm,Nải,Xanh,val
img000952.jpg,Chuối cau,Trái,Xanh,val
img000515.jpg,Chuối cau,Trái,Chín,val
img001714.jpg,Chuối già,Trái,Chín,val
img004831.jpg,Chuối xiêm,Trái,Xanh,val
img000966.jpg,Chuối cau,Trái,Xanh,val
img001590.jpg,Chuối già,Nải,Xanh,val
img001870.jpg,Chuối già,Trái,Chín,val
img001036.jpg,Chuối cau,Trái,Xanh,val
img000330.jpg,Chuối cau,Nải,Xanh,val
img003573.jpg,Chuối táo quạ,Buồng,Xanh,val
img000304.jpg,Chuối cau,Nải,Xanh,val
img003554.jpg,Chuối táo quạ,Buồng,Xanh,val
img004712.jpg,Chuối xiêm,Trái,Xanh,val
img002113.jpg,Chuối già,Trái,Xanh,val
img001351.jpg,Chuối già,Buồng,Xanh,val
img002935.jpg,Chuối sáp,Trái,Chín,val
img000428.jpg,Chuối cau,Trái,Chín,val
img003319.jpg,Chuối sáp,Trái,Xanh,val
img002096.jpg,Chuối già,Trái,Xanh,val
img003538.jpg,Chuối táo quạ,Buồng,Xanh,val
img004715.jpg,Chuối xiêm,Trái,Xanh,val
img001634.jpg,Chuối già,Nải,Xanh,val
img003802.jpg,Chuối táo quạ,Trái,Xanh,val
img004493.jpg,Chuối xiêm,Trái,Chín,val
img000065.jpg,Chuối cau,Buồng,Xanh,val
img002267.jpg,Chuối già,Trái,Xanh,val
img002085.jpg,Chuối già,Trái,Xanh,val
img001904.jpg,Chuối già,Trái,Chín,val
img001504.jpg,Chuối già,Nải,Chín,val
img001250.jpg,Chuối già,Buồng,Xanh,val
img004513.jpg,Chuối xiêm,Trái,Chín,val
img004776.jpg,Chuối xiêm,Trái,Xanh,val
img001803.jpg,Chuối già,Trái,Chín,val
img002340.jpg,Chuối sáp,Buồng,Xanh,val
img002484.jpg,Chuối sáp,Nải,Xanh,val
img004236.jpg,Chuối xiêm,Nải,Chín,val
img002650.jpg,Chuối sáp,Trái,Chín,val
img004496.jpg,Chuối xiêm,Trái,Chín,val
img000527.jpg,Chuối cau,Trái,Chín,val
img003693.jpg,Chuối táo quạ,Nải,Xanh,val
img000195.jpg,Chuối cau,Nải,Chín,val
img000473.jpg,Chuối cau,Trái,Chín,val
img004823.jpg,Chuối xiêm,Trái,Xanh,val
img004313.jpg,Chuối xiêm,Trái,Chín,val
img003136.jpg,Chuối sáp,Trái,Xanh,val
img002836.jpg,Chuối sáp,Trái,Chín,val
img000105.jpg,Chuối cau,Buồng,Xanh,val
img002695.jpg,Chuối sáp,Trái,Chín,val
img001083.jpg,Chuối cau,Trái,Xanh,val
img001762.jpg,Chuối già,Trái,Chín,val
img004405.jpg,Chuối xiêm,Trái,Chín,val
img002119.jpg,Chuối già,Trái,Xanh,val
img002906.jpg,Chuối sáp,Trái,Chín,val
img001022.jpg,Chuối cau,Trái,Xanh,val
img004932.jpg,Chuối xiêm,Trái,Xanh,val
img000326.jpg,Chuối cau,Nải,Xanh,val
img003501.jpg,Chuối sáp,Trái,Xanh,val
img003478.jpg,Chuối sáp,Trái,Xanh,val
img003677.jpg,Chuối táo quạ,Nải,Xanh,val
img001607.jpg,Chuối già,Nải,Xanh,val
img003701.jpg,Chuối táo quạ,Nải,Xanh,val
img000760.jpg,Chuối cau,Trái,Xanh,val
img000315.jpg,Chuối cau,Nải,Xanh,val
img002090.jpg,Chuối già,Trái,Xanh,val
img003885.jpg,Chuối xiêm,Buồng,Chín,val
img000416.jpg,Chuối cau,Trái,Chín,val
img000580.jpg,Chuối cau,Trái,Chín,val
img005068.jpg,Chuối xiêm,Trái,Xanh,val
img002884.jpg,Chuối sáp,Trái,Chín,val
img000144.jpg,Chuối cau,Buồng,Xanh,val
img001821.jpg,Chuối già,Trái,Chín,val
img004887.jpg,Chuối xiêm,Trái,Xanh,val
img001557.jpg,Chuối già,Nải,Chín,val
img003918.jpg,Chuối xiêm,Buồng,Xanh,val
img002527.jpg,Chuối sáp,Nải,Xanh,val
img002598.jpg,Chuối sáp,Trái,Chín,val
img004920.jpg,Chuối xiêm,Trái,Xanh,val
img004039.jpg,Chuối xiêm,Buồng,Xanh,val
img003576.jpg,Chuối táo quạ,Buồng,Xanh,val
img001051.jpg,Chuối cau,Trái,Xanh,val
img001168.jpg,Chuối già,Buồng,Xanh,val
img000860.jpg,Chuối cau,Trái,Xanh,val
img000687.jpg,Chuối cau,Trái,Chín,val
img002760.jpg,Chuối sáp,Trái,Chín,val
img002781.jpg,Chuối sáp,Trái,Chín,val
img003769.jpg,Chuối táo quạ,Trái,Chín,val
img000543.jpg,Chuối cau,Trái,Chín,val
img002406.png,Chuối sáp,Buồng,Xanh,val
img002869.jpg,Chuối sáp,Trái,Chín,val
img001446.jpg,Chuối già,Nải,Chín,val
img004984.jpg,Chuối xiêm,Trái,Xanh,val
img003722.jpg,Chuối táo quạ,Nải,Xanh,val
img003626.jpg,Chuối táo quạ,Nải,Chín,val
img003406.jpg,Chuối sáp,Trái,Xanh,val
img004317.jpg,Chuối xiêm,Trái,Chín,val
img000885.jpg,Chuối cau,Trái,Xanh,val
img004293.jpg,Chuối xiêm,Trái,Chín,val
img001829.jpg,Chuối già,Trái,Chín,val
img001787.jpg,Chuối già,Trái,Chín,val
img002395.jpg,Chuối sáp,Buồng,Xanh,val
img003622.jpg,Chuối táo quạ,Nải,Chín,val
img004699.jpg,Chuối xiêm,Trái,Xanh,val
img002221.jpg,Chuối già,Trái,Xanh,val
img003999.jpg,Chuối xiêm,Buồng,Xanh,val
img002014.jpg,Chuối già,Trái,Chín,val
img004046.jpg,Chuối xiêm,Buồng,Xanh,val
img004271.jpg,Chuối xiêm,Nải,Xanh,val
img002213.jpg,Chuối già,Trái,Xanh,val
img002514.jpg,Chuối sáp,Nải,Xanh,val
img000914.jpg,Chuối cau,Trái,Xanh,val
img004202.jpg,Chuối xiêm,Nải,Chín,val
img003382.jpg,Chuối sáp,Trái,Xanh,val
img002059.jpg,Chuối già,Trái,Xanh,val
img004339.jpg,Chuối xiêm,Trái,Chín,val
img001053.jpg,Chuối cau,Trái,Xanh,val
img002721.jpg,Chuối sáp,Trái,Chín,val
img000183.jpg,Chuối cau,Nải,Chín,val
img003767.jpg,Chuối táo quạ,Trái,Chín,val
img003146.jpg,Chuối sáp,Trái,Xanh,val
img003859.jpg,Chuối xiêm,Buồng,Chín,val
img005090.jpg,Chuối xiêm,Trái,Xanh,val
img002184.jpg,Chuối già,Trái,Xanh,val
img003833.jpg,Chuối xiêm,Buồng,Chín,val
img002525.jpg,Chuối sáp,Nải,Xanh,val
img001533.jpg,Chuối già,Nải,Chín,val
img003190.jpg,Chuối sáp,Trái,Xanh,val
img005074.jpg,Chuối xiêm,Trái,Xanh,val
img000419.jpg,Chuối cau,Trái,Chín,val
img000917.jpg,Chuối cau,Trái,Xanh,val
img000267.jpg,Chuối cau,Nải,Chín,val
img001242.jpg,Chuối già,Buồng,Xanh,val
img000444.jpg,Chuối cau,Trái,Chín,val
img003126.jpg,Chuối sáp,Trái,Xanh,val
img000756.jpg,Chuối cau,Trái,Xanh,val
img004928.jpg,Chuối xiêm,Trái,Xanh,val
img004951.jpg,Chuối xiêm,Trái,Xanh,val
img005164.jpg,Chuối xiêm,Trái,Xanh,val
img001833.jpg,Chuối già,Trái,Chín,val
img003047.jpg,Chuối sáp,Trái,Xanh,val
img000730.jpg,Chuối cau,Trái,Chín,val
img003860.jpg,Chuối xiêm,Buồng,Chín,val
img001136.jpg,Chuối già,Buồng,Chín,val
img003102.jpg,Chuối sáp,Trái,Xanh,val
img004613.jpg,Chuối xiêm,Trái,Chín,val
img000390.jpg,Chuối cau,Trái,Chín,val
img004772.jpg,Chuối xiêm,Trái,Xanh,val
img001830.jpg,Chuối già,Trái,Chín,val
img002600.jpg,Chuối sáp,Trái,Chín,val
img004485.jpg,Chuối xiêm,Trái,Chín,val
img002328.jpg,Chuối sáp,Buồng,Xanh,val
img000814.jpg,Chuối cau,Trái,Xanh,val
img002478.jpg,Chuối sáp,Nải,Xanh,val
img002045.jpg,Chuối già,Trái,Xanh,val
img004701.jpg,Chuối xiêm,Trái,Xanh,val
img001710.jpg,Chuối già,Trái,Chín,val
img004569.jpg,Chuối xiêm,Trái,Chín,val
img002303.jpg,Chuối sáp,Buồng,Chín,val
img003629.jpg,Chuối táo quạ,Nải,Chín,val
img001045.jpg,Chuối cau,Trái,Xanh,val
img001152.jpg,Chuối già,Buồng,Xanh,val
img002463.jpg,Chuối sáp,Nải,Chín,val
img000748.jpg,Chuối cau,Trái,Chín,val
img003531.jpg,Chuối táo quạ,Buồng,Xanh,val
img001921.jpg,Chuối già,Trái,Chín,val
img000850.jpg,Chuối cau,Trái,Xanh,val
img001334.jpg,Chuối già,Buồng,Xanh,val
img000071.jpg,Chuối cau,Buồng,Xanh,val
img004443.jpg,Chuối xiêm,Trái,Chín,val
img002710.jpg,Chuối sáp,Trái,Chín,val
img002792.jpg,Chuối sáp,Trái,Chín,val
img001724.jpg,Chuối già,Trái,Chín,val
img000423.jpg,Chuối cau,Trái,Chín,val
img000996.jpg,Chuối cau,Trái,Xanh,val
img003503.jpg,Chuối sáp,Trái,Xanh,val
img002733.jpg,Chuối sáp,Trái,Chín,val
img003547.jpg,Chuối táo quạ,Buồng,Xanh,val
img003273.jpg,Chuối sáp,Trái,Xanh,val
img002672.jpg,Chuối sáp,Trái,Chín,val
img004292.jpg,Chuối xiêm,Trái,Chín,val
img003159.jpg,Chuối sáp,Trái,Xanh,val
img004398.jpg,Chuối xiêm,Trái,Chín,val
img005137.jpg,Chuối xiêm,Trái,Xanh,val
img000879.jpg,Chuối cau,Trái,Xanh,val
img004811.jpg,Chuối xiêm,Trái,Xanh,val
img004137.jpg,Chuối xiêm,Buồng,Xanh,val
img002201.jpg,Chuối già,Trái,Xanh,val
img004539.jpg,Chuối xiêm,Trái,Chín,val
img002127.jpg,Chuối già,Trái,Xanh,val
img003806.jpg,Chuối táo quạ,Trái,Xanh,val
img002616.jpg,Chuối sáp,Trái,Chín,val
img000477.jpg,Chuối cau,Trái,Chín,val
img000767.jpg,Chuối cau,Trái,Xanh,val
img001350.jpg,Chuối già,Buồng,Xanh,val
img001636.jpg,Chuối già,Nải,Xanh,val
img002312.jpg,Chuối sáp,Buồng,Xanh,val
img004736.jpg,Chuối xiêm,Trái,Xanh,val
img001649.jpg,Chuối già,Nải,Xanh,val
img001793.jpg,Chuối già,Trái,Chín,val
img003810.jpg,Chuối táo quạ,Trái,Xanh,val
img004265.jpg,Chuối xiêm,Nải,Xanh,val
img003658.jpg,Chuối táo quạ,Nải,Chín,val
img003422.jpg,Chuối sáp,Trái,Xanh,val
img003151.jpg,Chuối sáp,Trái,Xanh,val
img000575.jpg,Chuối cau,Trái,Chín,val
img004657.jpg,Chuối xiêm,Trái,Xanh,val
img003504.jpg,Chuối sáp,Trái,Xanh,val
img000220.jpg,Chuối cau,Nải,Chín,val
img002434.jpg,Chuối sáp,Nải,Chín,val
img004484.jpg,Chuối xiêm,Trái,Chín,val
img002019.jpg,Chuối già,Trái,Xanh,val
img000719.jpg,Chuối cau,Trái,Chín,val
img001897.jpg,Chuối già,Trái,Chín,val
img002833.jpg,Chuối sáp,Trái,Chín,val
img003541.jpg,Chuối táo quạ,Buồng,Xanh,val
img002852.jpg,Chuối sáp,Trái,Chín,val
img003764.jpg,Chuối táo quạ,Trái,Chín,val
img004941.jpg,Chuối xiêm,Trái,Xanh,val
img004217.jpg,Chuối xiêm,Nải,Chín,val
img003202.jpg,Chuối sáp,Trái,Xanh,val
img002865.jpg,Chuối sáp,Trái,Chín,val
img002625.jpg,Chuối sáp,Trái,Chín,val
img003259.jpg,Chuối sáp,Trái,Xanh,val
img004481.jpg,Chuối xiêm,Trái,Chín,val
img003193.jpg,Chuối sáp,Trái,Xanh,val
img004168.jpg,Chuối xiêm,Nải,Chín,val
img001604.jpg,Chuối già,Nải,Xanh,val
img001273.jpg,Chuối già,Buồng,Xanh,val
img001535.jpg,Chuối già,Nải,Chín,val
img002191.jpg,Chuối già,Trái,Xanh,val
img001411.jpg,Chuối già,Buồng,Xanh,val
img004607.jpg,Chuối xiêm,Trái,Chín,val
img004741.jpg,Chuối xiêm,Trái,Xanh,val
img004100.jpg,Chuối xiêm,Buồng,Xanh,val
img004057.jpg,Chuối xiêm,Buồng,Xanh,val
img002804.jpg,Chuối sáp,Trái,Chín,val
img003272.jpg,Chuối sáp,Trái,Xanh,val
img002353.jpg,Chuối sáp,Buồng,Xanh,val
img000046.jpg,Chuối cau,Buồng,Xanh,val
img000911.jpg,Chuối cau,Trái,Xanh,val
img003930.jpg,Chuối xiêm,Buồng,Xanh,val
img000542.jpg,Chuối cau,Trái,Chín,val
img002239.jpg,Chuối già,Trái,Xanh,val
img004943.jpg,Chuối xiêm,Trái,Xanh,val
img000080.jpg,Chuối cau,Buồng,Xanh,val
img002260.jpg,Chuối già,Trái,Xanh,val
img000825.jpg,Chuối cau,Trái,Xanh,val
img000394.jpg,Chuối cau,Trái,Chín,val
img003176.jpg,Chuối sáp,Trái,Xanh,val
img002399.jpg,Chuối sáp,Buồng,Xanh,val
img002422.jpg,Chuối sáp,Nải,Chín,val
img003529.jpg,Chuối táo quạ,Buồng,Chín,val
img001468.jpg,Chuối già,Nải,Chín,val
img004329.jpg,Chuối xiêm,Trái,Chín,val
img005148.jpg,Chuối xiêm,Trái,Xanh,val
img001100.jpg,Chuối cau,Trái,Xanh,val
img004233.jpg,Chuối xiêm,Nải,Chín,val
img005029.jpg,Chuối xiêm,Trái,Xanh,val
img001407.jpg,Chuối già,Buồng,Xanh,val
img000150.jpg,Chuối cau,Buồng,Xanh,val
img004470.jpg,Chuối xiêm,Trái,Chín,val
img003420.jpg,Chuối sáp,Trái,Xanh,val
img002575.jpg,Chuối sáp,Trái,Chín,val
img000397.jpg,Chuối cau,Trái,Chín,val
img001217.jpg,Chuối già,Buồng,Xanh,val
img001515.jpg,Chuối già,Nải,Chín,val
img004841.jpg,Chuối xiêm,Trái,Xanh,val
img003712.jpg,Chuối táo quạ,Nải,Xanh,val
img001836.jpg,Chuối già,Trái,Chín,val
img001539.jpg,Chuối già,Nải,Chín,val
img000772.jpg,Chuối cau,Trái,Xanh,val
img000631.jpg,Chuối cau,Trái,Chín,val
img002151.jpg,Chuối già,Trái,Xanh,val
img000137.jpg,Chuối cau,Buồng,Xanh,val
img001867.jpg,Chuối già,Trái,Chín,val
img004116.jpg,Chuối xiêm,Buồng,Xanh,val
img000253.jpg,Chuối cau,Nải,Chín,val
img002642.jpg,Chuối sáp,Trái,Chín,val
img002726.jpg,Chuối sáp,Trái,Chín,val
img000434.jpg,Chuối cau,Trái,Chín,val
img004801.jpg,Chuối xiêm,Trái,Xanh,val
img004446.jpg,Chuối xiêm,Trái,Chín,val
img000962.jpg,Chuối cau,Trái,Xanh,val
img004239.jpg,Chuối xiêm,Nải,Chín,val
img001886.jpg,Chuối già,Trái,Chín,val
img003511.jpg,Chuối sáp,Trái,Xanh,val
img004308.jpg,Chuối xiêm,Trái,Chín,val
img005116.jpg,Chuối xiêm,Trái,Xanh,val
img001982.jpg,Chuối già,Trái,Chín,val
img004022.jpg,Chuối xiêm,Buồng,Xanh,val
img004757.jpg,Chuối xiêm,Trái,Xanh,val
img004088.jpg,Chuối xiêm,Buồng,Xanh,val
img004760.jpg,Chuối xiêm,Trái,Xanh,val
img001727.jpg,Chuối già,Trái,Chín,val
img001203.jpg,Chuối già,Buồng,Xanh,val
img004041.jpg,Chuối xiêm,Buồng,Xanh,val
img000653.jpg,Chuối cau,Trái,Chín,val
img004521.jpg,Chuối xiêm,Trái,Chín,val
img002951.jpg,Chuối sáp,Trái,Chín,val
img002292.jpg,Chuối sáp,Buồng,Chín,val
img001382.jpg,Chuối già,Buồng,Xanh,val
img004017.jpg,Chuối xiêm,Buồng,Xanh,val
img001249.jpg,Chuối già,Buồng,Xanh,val
img001254.jpg,Chuối già,Buồng,Xanh,val
img001975.jpg,Chuối già,Trái,Chín,val
img004658.jpg,Chuối xiêm,Trái,Xanh,val
img004124.jpg,Chuối xiêm,Buồng,Xanh,val
img003081.jpg,Chuối sáp,Trái,Xanh,val
img003683.jpg,Chuối táo quạ,Nải,Xanh,val
img000886.jpg,Chuối cau,Trái,Xanh,val
img000709.jpg,Chuối cau,Trái,Chín,val
img002858.jpg,Chuối sáp,Trái,Chín,val
img001646.jpg,Chuối già,Nải,Xanh,val
img003148.jpg,Chuối sáp,Trái,Xanh,val
img002196.jpg,Chuối già,Trái,Xanh,val
img003851.jpg,Chuối xiêm,Buồng,Chín,val
img002453.jpg,Chuối sáp,Nải,Chín,val
img002807.jpg,Chuối sáp,Trái,Chín,val
img000780.jpg,Chuối cau,Trái,Xanh,val
img001188.jpg,Chuối già,Buồng,Xanh,val
img003638.jpg,Chuối táo quạ,Nải,Chín,val
img004507.jpg,Chuối xiêm,Trái,Chín,val
img003347.jpg,Chuối sáp,Trái,Xanh,test
img005125.jpg,Chuối xiêm,Trái,Xanh,test
img001327.jpg,Chuối già,Buồng,Xanh,test
img001421.jpg,Chuối già,Buồng,Xanh,test
img004893.jpg,Chuối xiêm,Trái,Xanh,test
img004570.jpg,Chuối xiêm,Trái,Chín,test
img003907.jpg,Chuối xiêm,Buồng,Xanh,test
img000385.jpg,Chuối cau,Trái,Chín,test
img002976.jpg,Chuối sáp,Trái,Xanh,test
img002200.jpg,Chuối già,Trái,Xanh,test
img002351.jpg,Chuối sáp,Buồng,Xanh,test
img000629.jpg,Chuối cau,Trái,Chín,test
img000252.jpg,Chuối cau,Nải,Chín,test
img001890.jpg,Chuối già,Trái,Chín,test
img001974.jpg,Chuối già,Trái,Chín,test
img000292.jpg,Chuối cau,Nải,Chín,test
img003122.jpg,Chuối sáp,Trái,Xanh,test
img003831.jpg,Chuối xiêm,Buồng,Chín,test
img003945.jpg,Chuối xiêm,Buồng,Xanh,test
img000924.jpg,Chuối cau,Trái,Xanh,test
img004252.png,Chuối xiêm,Nải,Chín,test
img001728.jpg,Chuối già,Trái,Chín,test
img001349.jpg,Chuối già,Buồng,Xanh,test
img001464.jpg,Chuối già,Nải,Chín,test
img000015.jpg,Chuối cau,Buồng,Chín,test
img005147.jpg,Chuối xiêm,Trái,Xanh,test
img000752.jpg,Chuối cau,Trái,Xanh,test
img003428.jpg,Chuối sáp,Trái,Xanh,test
img000056.jpg,Chuối cau,Buồng,Xanh,test
img000327.jpg,Chuối cau,Nải,Xanh,test
img002954.jpg,Chuối sáp,Trái,Chín,test
img003032.jpg,Chuối sáp,Trái,Xanh,test
img001788.jpg,Chuối già,Trái,Chín,test
img004177.jpg,Chuối xiêm,Nải,Chín,test
img000647.jpg,Chuối cau,Trái,Chín,test
img001398.jpg,Chuối già,Buồng,Xanh,test
img003285.jpg,Chuối sáp,Trái,Xanh,test
img005177.jpg,Chuối xiêm,Trái,Xanh,test
img004131.jpg,Chuối xiêm,Buồng,Xanh,test
img002452.jpg,Chuối sáp,Nải,Chín,test
img001910.jpg,Chuối già,Trái,Chín,test
img004878.jpg,Chuối xiêm,Trái,Xanh,test
img001606.jpg,Chuối già,Nải,Xanh,test
img005128.jpg,Chuối xiêm,Trái,Xanh,test
img005078.jpg,Chuối xiêm,Trái,Xanh,test
img005052.jpg,Chuối xiêm,Trái,Xanh,test
img003723.jpg,Chuối táo quạ,Nải,Xanh,test
img002753.jpg,Chuối sáp,Trái,Chín,test
img000086.jpg,Chuối cau,Buồng,Xanh,test
img002329.jpg,Chuối sáp,Buồng,Xanh,test
img001326.jpg,Chuối già,Buồng,Xanh,test
img004828.jpg,Chuối xiêm,Trái,Xanh,test
img001860.jpg,Chuối già,Trái,Chín,test
img002001.jpg,Chuối già,Trái,Chín,test
img001675.jpg,Chuối già,Trái,Chín,test
img004431.jpg,Chuối xiêm,Trái,Chín,test
img000286.jpg,Chuối cau,Nải,Chín,test
img004147.png,Chuối xiêm,Buồng,Xanh,test
img001404.jpg,Chuối già,Buồng,Xanh,test
img002193.jpg,Chuối già,Trái,Xanh,test
img001099.jpg,Chuối cau,Trái,Xanh,test
img000913.jpg,Chuối cau,Trái,Xanh,test
img003686.jpg,Chuối táo quạ,Nải,Xanh,test
img001198.jpg,Chuối già,Buồng,Xanh,test
img001039.jpg,Chuối cau,Trái,Xanh,test
img002774.jpg,Chuối sáp,Trái,Chín,test
img004579.jpg,Chuối xiêm,Trái,Chín,test
img004487.jpg,Chuối xiêm,Trái,Chín,test
img002376.jpg,Chuối sáp,Buồng,Xanh,test
img000503.jpg,Chuối cau,Trái,Chín,test
img000956.jpg,Chuối cau,Trái,Xanh,test
img001992.jpg,Chuối già,Trái,Chín,test
img003602.jpg,Chuối táo quạ,Buồng,Xanh,test
img004348.jpg,Chuối xiêm,Trái,Chín,test
img004687.jpg,Chuối xiêm,Trái,Xanh,test
img003364.jpg,Chuối sáp,Trái,Xanh,test
img000863.jpg,Chuối cau,Trái,Xanh,test
img004304.jpg,Chuối xiêm,Trái,Chín,test
img004000.jpg,Chuối xiêm,Buồng,Xanh,test
img004176.jpg,Chuối xiêm,Nải,Chín,test
img000452.jpg,Chuối cau,Trái,Chín,test
img004347.jpg,Chuối xiêm,Trái,Chín,test
img000443.jpg,Chuối cau,Trái,Chín,test
img002674.jpg,Chuối sáp,Trái,Chín,test
img000774.jpg,Chuối cau,Trái,Xanh,test
img003214.jpg,Chuối sáp,Trái,Xanh,test
img002968.jpg,Chuối sáp,Trái,Xanh,test
img004646.jpg,Chuối xiêm,Trái,Xanh,test
img000464.jpg,Chuối cau,Trái,Chín,test
img004852.jpg,Chuối xiêm,Trái,Xanh,test
img000916.jpg,Chuối cau,Trái,Xanh,test
img003991.jpg,Chuối xiêm,Buồng,Xanh,test
img000690.jpg,Chuối cau,Trái,Chín,test
img004538.jpg,Chuối xiêm,Trái,Chín,test
img000266.jpg,Chuối cau,Nải,Chín,test
img005185.jpg,Chuối xiêm,Trái,Xanh,test
img002562.jpg,Chuối sáp,Nải,Xanh,test
img001524.jpg,Chuối già,Nải,Chín,test
img004700.jpg,Chuối xiêm,Trái,Xanh,test
img001523.jpg,Chuối già,Nải,Chín,test
img000317.jpg,Chuối cau,Nải,Xanh,test
img001301.jpg,Chuối già,Buồng,Xanh,test
img001603.jpg,Chuối già,Nải,Xanh,test
img003446.jpg,Chuối sáp,Trái,Xanh,test
img001588.jpg,Chuối già,Nải,Xanh,test
img000282.jpg,Chuối cau,Nải,Chín,test
img003979.jpg,Chuối xiêm,Buồng,Xanh,test
img004998.jpg,Chuối xiêm,Trái,Xanh,test
img003468.jpg,Chuối sáp,Trái,Xanh,test
img004844.jpg,Chuối xiêm,Trái,Xanh,test
img002099.jpg,Chuối già,Trái,Xanh,test
img003088.jpg,Chuối sáp,Trái,Xanh,test
img004052.jpg,Chuối xiêm,Buồng,Xanh,test
img001133.jpg,Chuối già,Buồng,Chín,test
img005011.jpg,Chuối xiêm,Trái,Xanh,test
img002612.jpg,Chuối sáp,Trái,Chín,test
img001057.jpg,Chuối cau,Trái,Xanh,test
img001102.jpg,Chuối cau,Trái,Xanh,test
img000354.jpg,Chuối cau,Trái,Chín,test
img005143.jpg,Chuối xiêm,Trái,Xanh,test
img001176.jpg,Chuối già,Buồng,Xanh,test
img004504.jpg,Chuối xiêm,Trái,Chín,test
img004864.jpg,Chuối xiêm,Trái,Xanh,test
img004071.jpg,Chuối xiêm,Buồng,Xanh,test
img002703.jpg,Chuối sáp,Trái,Chín,test
img000160.jpg,Chuối cau,Buồng,Xanh,test
img001560.jpg,Chuối già,Nải,Chín,test
img001329.jpg,Chuối già,Buồng,Xanh,test
img001121.jpg,Chuối cau,Trái,Xanh,test
img001284.jpg,Chuối già,Buồng,Xanh,test
img001148.jpg,Chuối già,Buồng,Xanh,test
img002060.jpg,Chuối già,Trái,Xanh,test
img004837.jpg,Chuối xiêm,Trái,Xanh,test
img001861.jpg,Chuối già,Trái,Chín,test
img004739.jpg,Chuối xiêm,Trái,Xanh,test
img001361.jpg,Chuối già,Buồng,Xanh,test
img003483.jpg,Chuối sáp,Trái,Xanh,test
img003436.jpg,Chuối sáp,Trái,Xanh,test
img003668.jpg,Chuối táo quạ,Nải,Chín,test
img003228.jpg,Chuối sáp,Trái,Xanh,test
img001919.jpg,Chuối già,Trái,Chín,test
img004508.jpg,Chuối xiêm,Trái,Chín,test
img003445.jpg,Chuối sáp,Trái,Xanh,test
img001237.jpg,Chuối già,Buồng,Xanh,test
img001697.jpg,Chuối già,Trái,Chín,test
img001872.jpg,Chuối già,Trái,Chín,test
img001001.jpg,Chuối cau,Trái,Xanh,test
img002445.jpg,Chuối sáp,Nải,Chín,test
img000785.jpg,Chuối cau,Trái,Xanh,test
img005072.jpg,Chuối xiêm,Trái,Xanh,test
img003961.jpg,Chuối xiêm,Buồng,Xanh,test
img003786.jpg,Chuối táo quạ,Trái,Xanh,test
img003647.jpg,Chuối táo quạ,Nải,Chín,test
img003091.jpg,Chuối sáp,Trái,Xanh,test
img003879.jpg,Chuối xiêm,Buồng,Chín,test
img000973.jpg,Chuối cau,Trái,Xanh,test
img004759.jpg,Chuối xiêm,Trái,Xanh,test
img002571.jpg,Chuối sáp,Trái,Chín,test
img002054.jpg,Chuối già,Trái,Xanh,test
img005057.jpg,Chuối xiêm,Trái,Xanh,test
img001946.jpg,Chuối già,Trái,Chín,test
img003313.jpg,Chuối sáp,Trái,Xanh,test
img001843.jpg,Chuối già,Trái,Chín,test
img001452.jpg,Chuối già,Nải,Chín,test
img004099.jpg,Chuối xiêm,Buồng,Xanh,test
img004369.jpg,Chuối xiêm,Trái,Chín,test
img004683.jpg,Chuối xiêm,Trái,Xanh,test
img003004.jpg,Chuối sáp,Trái,Xanh,test
img002436.jpg,Chuối sáp,Nải,Chín,test
img003623.jpg,Chuối táo quạ,Nải,Chín,test
img001563.jpg,Chuối già,Nải,Chín,test
img002824.jpg,Chuối sáp,Trái,Chín,test
img004261.jpg,Chuối xiêm,Nải,Xanh,test
img003387.jpg,Chuối sáp,Trái,Xanh,test
img003326.jpg,Chuối sáp,Trái,Xanh,test
img003836.jpg,Chuối xiêm,Buồng,Chín,test
img000522.jpg,Chuối cau,Trái,Chín,test
img004034.jpg,Chuối xiêm,Buồng,Xanh,test
img001574.jpg,Chuối già,Nải,Xanh,test
img002384.jpg,Chuối sáp,Buồng,Xanh,test
img001742.jpg,Chuối già,Trái,Chín,test
img003257.jpg,Chuối sáp,Trái,Xanh,test
img001296.jpg,Chuối già,Buồng,Xanh,test
img003534.jpg,Chuối táo quạ,Buồng,Xanh,test
img000090.jpg,Chuối cau,Buồng,Xanh,test
img004691.jpg,Chuối xiêm,Trái,Xanh,test
img002279.jpg,Chuối sáp,Buồng,Chín,test
img004194.jpg,Chuối xiêm,Nải,Chín,test
img004095.jpg,Chuối xiêm,Buồng,Xanh,test
img004275.jpg,Chuối xiêm,Nải,Xanh,test
img002249.jpg,Chuối già,Trái,Xanh,test
img005122.jpg,Chuối xiêm,Trái,Xanh,test
img004608.jpg,Chuối xiêm,Trái,Chín,test
img002023.jpg,Chuối già,Trái,Xanh,test
img000621.jpg,Chuối cau,Trái,Chín,test
img001172.jpg,Chuối già,Buồng,Xanh,test
img004374.jpg,Chuối xiêm,Trái,Chín,test
img004296.jpg,Chuối xiêm,Trái,Chín,test
img000604.jpg,Chuối cau,Trái,Chín,test
img001454.jpg,Chuối già,Nải,Chín,test
img000193.jpg,Chuối cau,Nải,Chín,test
img002985.jpg,Chuối sáp,Trái,Xanh,test
img000347.jpg,Chuối cau,Nải,Xanh,test
img003229.jpg,Chuối sáp,Trái,Xanh,test
img002539.jpg,Chuối sáp,Nải,Xanh,test
img004467.jpg,Chuối xiêm,Trái,Chín,test
img004372.jpg,Chuối xiêm,Trái,Chín,test
img004600.jpg,Chuối xiêm,Trái,Chín,test
img005179.jpg,Chuối xiêm,Trái,Xanh,test
img002417.jpg,Chuối sáp,Nải,Chín,test
img001994.jpg,Chuối già,Trái,Chín,test
img004186.jpg,Chuối xiêm,Nải,Chín,test
img001701.jpg,Chuối già,Trái,Chín,test
img002668.jpg,Chuối sáp,Trái,Chín,test
img000536.jpg,Chuối cau,Trái,Chín,test
img000321.jpg,Chuối cau,Nải,Xanh,test
img000340.jpg,Chuối cau,Nải,Xanh,test
img003689.jpg,Chuối táo quạ,Nải,Xanh,test
img000697.jpg,Chuối cau,Trái,Chín,test
img003537.jpg,Chuối táo quạ,Buồng,Xanh,test
img002238.jpg,Chuối già,Trái,Xanh,test
img004966.jpg,Chuối xiêm,Trái,Xanh,test
img003922.jpg,Chuối xiêm,Buồng,Xanh,test
img002732.jpg,Chuối sáp,Trái,Chín,test
img002818.jpg,Chuối sáp,Trái,Chín,test
img001832.jpg,Chuối già,Trái,Chín,test
img004714.jpg,Chuối xiêm,Trái,Xanh,test
img005161.jpg,Chuối xiêm,Trái,Xanh,test
img004976.jpg,Chuối xiêm,Trái,Xanh,test
img002424.jpg,Chuối sáp,Nải,Chín,test
img002503.jpg,Chuối sáp,Nải,Xanh,test
img002172.jpg,Chuối già,Trái,Xanh,test
img003464.jpg,Chuối sáp,Trái,Xanh,test
img003998.jpg,Chuối xiêm,Buồng,Xanh,test
img001210.jpg,Chuối già,Buồng,Xanh,test
img004960.jpg,Chuối xiêm,Trái,Xanh,test
img005191.jpg,Chuối xiêm,Trái,Xanh,test
img002490.jpg,Chuối sáp,Nải,Xanh,test
img000038.jpg,Chuối cau,Buồng,Xanh,test
img001414.jpg,Chuối già,Buồng,Xanh,test
img000255.jpg,Chuối cau,Nải,Chín,test
img003064.jpg,Chuối sáp,Trái,Xanh,test
img004307.jpg,Chuối xiêm,Trái,Chín,test
img003705.jpg,Chuối táo quạ,Nải,Xanh,test
img003000.jpg,Chuối sáp,Trái,Xanh,test
img001653.jpg,Chuối già,Nải,Xanh,test
img000987.jpg,Chuối cau,Trái,Xanh,test
img004625.jpg,Chuối xiêm,Trái,Chín,test
img004615.jpg,Chuối xiêm,Trái,Chín,test
img000447.jpg,Chuối cau,Trái,Chín,test
img001248.jpg,Chuối già,Buồng,Xanh,test
img004978.jpg,Chuối xiêm,Trái,Xanh,test
img004991.jpg,Chuối xiêm,Trái,Xanh,test
img000708.jpg,Chuối cau,Trái,Chín,test
img004209.jpg,Chuối xiêm,Nải,Chín,test
img000035.png,Chuối cau,Buồng,Chín,test
img002883.jpg,Chuối sáp,Trái,Chín,test
img001485.jpg,Chuối già,Nải,Chín,test
img000029.jpg,Chuối cau,Buồng,Chín,test
img004849.jpg,Chuối xiêm,Trái,Xanh,test
img002144.jpg,Chuối già,Trái,Xanh,test
img001632.jpg,Chuối già,Nải,Xanh,test
img000823.jpg,Chuối cau,Trái,Xanh,test
img004612.jpg,Chuối xiêm,Trái,Chín,test
img003414.jpg,Chuối sáp,Trái,Xanh,test
img001448.jpg,Chuối già,Nải,Chín,test
img003339.jpg,Chuối sáp,Trái,Xanh,test
img003485.jpg,Chuối sáp,Trái,Xanh,test
img002257.jpg,Chuối già,Trái,Xanh,test
img000225.jpg,Chuối cau,Nải,Chín,test
img000008.jpeg,Chuối cau,Buồng,Chín,test
img002141.jpg,Chuối già,Trái,Xanh,test
img002887.jpg,Chuối sáp,Trái,Chín,test
img003489.jpg,Chuối sáp,Trái,Xanh,test
img000509.jpg,Chuối cau,Trái,Chín,test
img003575.jpg,Chuối táo quạ,Buồng,Xanh,test
img005160.jpg,Chuối xiêm,Trái,Xanh,test
img003685.jpg,Chuối táo quạ,Nải,Xanh,test
img004854.jpg,Chuối xiêm,Trái,Xanh,test
img001357.jpg,Chuối già,Buồng,Xanh,test
img004875.jpg,Chuối xiêm,Trái,Xanh,test
img002100.jpg,Chuối già,Trái,Xanh,test
img000475.jpg,Chuối cau,Trái,Chín,test
img002923.jpg,Chuối sáp,Trái,Chín,test
img000636.jpg,Chuối cau,Trái,Chín,test
img000948.jpg,Chuối cau,Trái,Xanh,test
img002727.jpg,Chuối sáp,Trái,Chín,test
img004240.jpg,Chuối xiêm,Nải,Chín,test
img003766.jpg,Chuối táo quạ,Trái,Chín,test
img002053.jpg,Chuối già,Trái,Xanh,test
img003578.jpg,Chuối táo quạ,Buồng,Xanh,test
img004899.jpg,Chuối xiêm,Trái,Xanh,test
img003674.jpg,Chuối táo quạ,Nải,Chín,test
img001109.jpg,Chuối cau,Trái,Xanh,test
img004078.jpg,Chuối xiêm,Buồng,Xanh,test
img002481.jpg,Chuối sáp,Nải,Xanh,test
img000462.jpg,Chuối cau,Trái,Chín,test
img003848.jpg,Chuối xiêm,Buồng,Chín,test
img003407.jpg,Chuối sáp,Trái,Xanh,test
img002117.jpg,Chuối già,Trái,Xanh,test
img002701.jpg,Chuối sáp,Trái,Chín,test
img003480.jpg,Chuối sáp,Trái,Xanh,test
img004505.jpg,Chuối xiêm,Trái,Chín,test
img000042.jpg,Chuối cau,Buồng,Xanh,test
img002929.jpg,Chuối sáp,Trái,Chín,test
img004609.jpg,Chuối xiêm,Trái,Chín,test
img000745.jpg,Chuối cau,Trái,Chín,test
img000238.jpg,Chuối cau,Nải,Chín,test
img004418.jpg,Chuối xiêm,Trái,Chín,test
img002547.jpg,Chuối sáp,Nải,Xanh,test
img004447.jpg,Chuối xiêm,Trái,Chín,test
img004214.jpg,Chuối xiêm,Nải,Chín,test
img004267.jpg,Chuối xiêm,Nải,Xanh,test
img001892.jpg,Chuối già,Trái,Chín,test
img003948.jpg,Chuối xiêm,Buồng,Xanh,test
img002712.jpg,Chuối sáp,Trái,Chín,test
img002915.jpg,Chuối sáp,Trái,Chín,test
img001802.jpg,Chuối già,Trái,Chín,test
img001953.jpg,Chuối già,Trái,Chín,test
img000836.jpg,Chuối cau,Trái,Xanh,test
img004765.jpg,Chuối xiêm,Trái,Xanh,test
img004472.jpg,Chuối xiêm,Trái,Chín,test
img001143.jpg,Chuối già,Buồng,Chín,test
img000594.jpg,Chuối cau,Trái,Chín,test
img000136.jpg,Chuối cau,Buồng,Xanh,test
img003843.jpg,Chuối xiêm,Buồng,Chín,test
img003207.jpg,Chuối sáp,Trái,Xanh,test
img001621.jpg,Chuối già,Nải,Xanh,test
img004725.jpg,Chuối xiêm,Trái,Xanh,test
img003187.jpg,Chuối sáp,Trái,Xanh,test
img002394.jpg,Chuối sáp,Buồng,Xanh,test
img001887.jpg,Chuối già,Trái,Chín,test
img002526.jpg,Chuối sáp,Nải,Xanh,test
img001878.jpg,Chuối già,Trái,Chín,test
img001555.jpg,Chuối già,Nải,Chín,test
img003267.jpg,Chuối sáp,Trái,Xanh,test
img000207.jpg,Chuối cau,Nải,Chín,test
img000802.jpg,Chuối cau,Trái,Xanh,test
img001901.jpg,Chuối già,Trái,Chín,test
img002601.jpg,Chuối sáp,Trái,Chín,test
img003715.jpg,Chuối táo quạ,Nải,Xanh,test
img000905.jpg,Chuối cau,Trái,Xanh,test
img002910.jpg,Chuối sáp,Trái,Chín,test
img000884.jpg,Chuối cau,Trái,Xanh,test
img003243.jpg,Chuối sáp,Trái,Xanh,test
img004957.jpg,Chuối xiêm,Trái,Xanh,test
img002003.jpg,Chuối già,Trái,Chín,test
img004096.jpg,Chuối xiêm,Buồng,Xanh,test
img000601.jpg,Chuối cau,Trái,Chín,test
img000499.jpg,Chuối cau,Trái,Chín,test
img000650.jpg,Chuối cau,Trái,Chín,test
img002892.jpg,Chuối sáp,Trái,Chín,test
img000805.jpg,Chuối cau,Trái,Xanh,test
img002315.jpg,Chuối sáp,Buồng,Xanh,test
img004672.jpg,Chuối xiêm,Trái,Xanh,test
img001895.jpg,Chuối già,Trái,Chín,test
img003873.jpg,Chuối xiêm,Buồng,Chín,test
img002931.jpg,Chuối sáp,Trái,Chín,test
img002139.jpg,Chuối già,Trái,Xanh,test
img001275.jpg,Chuối già,Buồng,Xanh,test
img002271.jpg,Chuối già,Trái,Xanh,test
img001445.jpg,Chuối già,Nải,Chín,test
img002819.jpg,Chuối sáp,Trái,Chín,test
img000733.jpg,Chuối cau,Trái,Chín,test
img000721.jpg,Chuối cau,Trái,Chín,test
img004779.jpg,Chuối xiêm,Trái,Xanh,test
img000143.jpg,Chuối cau,Buồng,Xanh,test
img004835.jpg,Chuối xiêm,Trái,Xanh,test
img003138.jpg,Chuối sáp,Trái,Xanh,test
img003921.jpg,Chuối xiêm,Buồng,Xanh,test
img003057.jpg,Chuối sáp,Trái,Xanh,test
img004084.jpg,Chuối xiêm,Buồng,Xanh,test
img001987.jpg,Chuối già,Trái,Chín,test
img004935.jpg,Chuối xiêm,Trái,Xanh,test
img001690.jpg,Chuối già,Trái,Chín,test
img003062.jpg,Chuối sáp,Trái,Xanh,test
img001164.jpg,Chuối già,Buồng,Xanh,test
img003862.jpg,Chuối xiêm,Buồng,Chín,test
img001222.jpg,Chuối già,Buồng,Xanh,test
img004319.jpg,Chuối xiêm,Trái,Chín,test
img004705.jpg,Chuối xiêm,Trái,Xanh,test
img000247.jpg,Chuối cau,Nải,Chín,test
img003526.jpg,Chuối táo quạ,Buồng,Chín,test
img003603.jpg,Chuối táo quạ,Buồng,Xanh,test
img005175.jpg,Chuối xiêm,Trái,Xanh,test
img002464.jpg,Chuối sáp,Nải,Chín,test
img003964.jpg,Chuối xiêm,Buồng,Xanh,test
img003813.jpg,Chuối táo quạ,Trái,Xanh,test
img000804.jpg,Chuối cau,Trái,Xanh,test
img001517.jpg,Chuối già,Nải,Chín,test
img001064.jpg,Chuối cau,Trái,Xanh,test
img001002.jpg,Chuối cau,Trái,Xanh,test
img005027.jpg,Chuối xiêm,Trái,Xanh,test
img001299.jpg,Chuối già,Buồng,Xanh,test
img002166.jpg,Chuối già,Trái,Xanh,test
img002199.jpg,Chuối già,Trái,Xanh,test
img001019.jpg,Chuối cau,Trái,Xanh,test
img004171.jpg,Chuối xiêm,Nải,Chín,test
img002986.jpg,Chuối sáp,Trái,Xanh,test
img004227.jpg,Chuối xiêm,Nải,Chín,test
img002829.jpg,Chuối sáp,Trái,Chín,test
img001011.jpg,Chuối cau,Trái,Xanh,test
img003744.jpg,Chuối táo quạ,Trái,Chín,test
img002855.jpg,Chuối sáp,Trái,Chín,test
img001633.jpg,Chuối già,Nải,Xanh,test
img003757.jpg,Chuối táo quạ,Trái,Chín,test
img002614.jpg,Chuối sáp,Trái,Chín,test
img001938.jpg,Chuối già,Trái,Chín,test
img004702.jpg,Chuối xiêm,Trái,Xanh,test
img003180.jpg,Chuối sáp,Trái,Xanh,test
img002786.jpg,Chuối sáp,Trái,Chín,test
img002591.jpg,Chuối sáp,Trái,Chín,test
img001264.jpg,Chuối già,Buồng,Xanh,test
img001680.jpg,Chuối già,Trái,Chín,test
img002641.jpg,Chuối sáp,Trái,Chín,test
img004634.jpg,Chuối xiêm,Trái,Chín,test
img004509.jpg,Chuối xiêm,Trái,Chín,test
img002913.jpg,Chuối sáp,Trái,Chín,test
img002682.jpg,Chuối sáp,Trái,Chín,test
img003634.jpg,Chuối táo quạ,Nải,Chín,test
img003069.jpg,Chuối sáp,Trái,Xanh,test
img002365.jpg,Chuối sáp,Buồng,Xanh,test
img002343.jpg,Chuối sáp,Buồng,Xanh,test
img000869.jpg,Chuối cau,Trái,Xanh,test
img002952.jpg,Chuối sáp,Trái,Chín,test
img004077.jpg,Chuối xiêm,Buồng,Xanh,test
img003565.jpg,Chuối táo quạ,Buồng,Xanh,test
img000191.jpg,Chuối cau,Nải,Chín,test
img003346.jpg,Chuối sáp,Trái,Xanh,test
img000581.jpg,Chuối cau,Trái,Chín,test
img000790.jpg,Chuối cau,Trái,Xanh,test
img004337.jpg,Chuối xiêm,Trái,Chín,test
img003506.jpg,Chuối sáp,Trái,Xanh,test
img003581.jpg,Chuối táo quạ,Buồng,Xanh,test
img000539.jpg,Chuối cau,Trái,Chín,test
img000476.jpg,Chuối cau,Trái,Chín,test
img002900.jpg,Chuối sáp,Trái,Chín,test
img000082.jpg,Chuối cau,Buồng,Xanh,test
img001659.jpg,Chuối già,Nải,Xanh,test
img002187.jpg,Chuối già,Trái,Xanh,test
img002143.jpg,Chuối già,Trái,Xanh,test
img004459.jpg,Chuối xiêm,Trái,Chín,test
img004101.jpg,Chuối xiêm,Buồng,Xanh,test
img003156.jpg,Chuối sáp,Trái,Xanh,test
img001747.jpg,Chuối già,Trái,Chín,test
img003220.jpg,Chuối sáp,Trái,Xanh,test
img001010.jpg,Chuối cau,Trái,Xanh,test
img004492.jpg,Chuối xiêm,Trái,Chín,test
img002783.jpg,Chuối sáp,Trái,Chín,test
img000846.jpg,Chuối cau,Trái,Xanh,test
img003800.jpg,Chuối táo quạ,Trái,Xanh,test
img003577.jpg,Chuối táo quạ,Buồng,Xanh,test
img004767.jpg,Chuối xiêm,Trái,Xanh,test
img004112.jpg,Chuối xiêm,Buồng,Xanh,test
img002337.jpg,Chuối sáp,Buồng,Xanh,test
img003219.jpg,Chuối sáp,Trái,Xanh,test
img003198.jpg,Chuối sáp,Trái,Xanh,test
img000366.jpg,Chuối cau,Trái,Chín,test
img000829.jpg,Chuối cau,Trái,Xanh,test
img003466.jpg,Chuối sáp,Trái,Xanh,test
img002272.jpg,Chuối già,Trái,Xanh,test
img003241.jpg,Chuối sáp,Trái,Xanh,test
img002419.jpg,Chuối sáp,Nải,Chín,test
img000529.jpg,Chuối cau,Trái,Chín,test
img001431.png,Chuối già,Buồng,Xanh,test
img000524.jpg,Chuối cau,Trái,Chín,test
img001584.jpg,Chuối già,Nải,Xanh,test
img001470.jpg,Chuối già,Nải,Chín,test
img002791.jpg,Chuối sáp,Trái,Chín,test
img002483.jpg,Chuối sáp,Nải,Xanh,test
img000099.jpg,Chuối cau,Buồng,Xanh,test
img004692.jpg,Chuối xiêm,Trái,Xanh,test
img000953.jpg,Chuối cau,Trái,Xanh,test
img000671.jpg,Chuối cau,Trái,Chín,test
img001202.jpg,Chuối già,Buồng,Xanh,test
img000310.jpg,Chuối cau,Nải,Xanh,test
img003124.jpg,Chuối sáp,Trái,Xanh,test
img002699.jpg,Chuối sáp,Trái,Chín,test
img000571.jpg,Chuối cau,Trái,Chín,test
img003170.jpg,Chuối sáp,Trái,Xanh,test
img003750.jpg,Chuối táo quạ,Trái,Chín,test
img005150.jpg,Chuối xiêm,Trái,Xanh,test
img004457.jpg,Chuối xiêm,Trái,Chín,test
img000402.jpg,Chuối cau,Trái,Chín,test
img002111.jpg,Chuối già,Trái,Xanh,test
img000834.jpg,Chuối cau,Trái,Xanh,test
img000628.jpg,Chuối cau,Trái,Chín,test
img002405.png,Chuối sáp,Buồng,Xanh,test
img002280.jpg,Chuối sáp,Buồng,Chín,test
img002702.jpg,Chuối sáp,Trái,Chín,test
img004494.jpg,Chuối xiêm,Trái,Chín,test
img002134.jpg,Chuối già,Trái,Xanh,test
img005123.jpg,Chuối xiêm,Trái,Xanh,test
img002538.jpg,Chuối sáp,Nải,Xanh,test
img002285.jpg,Chuối sáp,Buồng,Chín,test
img003089.jpg,Chuối sáp,Trái,Xanh,test
img001257.jpg,Chuối già,Buồng,Xanh,test
img004260.jpg,Chuối xiêm,Nải,Xanh,test
img003026.jpg,Chuối sáp,Trái,Xanh,test
img000097.jpg,Chuối cau,Buồng,Xanh,test
img000749.jpg,Chuối cau,Trái,Chín,test
img000271.jpg,Chuối cau,Nải,Chín,test
img001391.jpg,Chuối già,Buồng,Xanh,test
img000406.jpg,Chuối cau,Trái,Chín,test
img000728.jpg,Chuối cau,Trái,Chín,test
img004352.jpg,Chuối xiêm,Trái,Chín,test
img003941.jpg,Chuối xiêm,Buồng,Xanh,test
img002877.jpg,Chuối sáp,Trái,Chín,test
img002780.jpg,Chuối sáp,Trái,Chín,test
img000163.jpg,Chuối cau,Buồng,Xanh,test
img002095.jpg,Chuối già,Trái,Xanh,test
img001685.jpg,Chuối già,Trái,Chín,test
img000151.jpg,Chuối cau,Buồng,Xanh,test
img004135.jpg,Chuối xiêm,Buồng,Xanh,test
img003811.jpg,Chuối táo quạ,Trái,Xanh,test
img001705.jpg,Chuối già,Trái,Chín,test
img001864.jpg,Chuối già,Trái,Chín,test
img002067.jpg,Chuối già,Trái,Xanh,test
img000896.jpg,Chuối cau,Trái,Xanh,test
img003396.jpg,Chuối sáp,Trái,Xanh,test
img003844.jpg,Chuối xiêm,Buồng,Chín,test
