"image","loai","dang","trangthai"
"img000001.jpg","Chuối cau","Buồng","Chín"
"img000002.jpg","Chuối cau","Buồng","Chín"
"img000003.jpg","Chuối cau","Buồng","Chín"
"img000004.jpg","Chuối cau","Buồng","Chín"
"img000005.jpg","Chuối cau","Buồng","Chín"
"img000006.jpg","Chuối cau","Buồng","Chín"
"img000007.jpg","Chuối cau","Buồng","Chín"
"img000008.jpeg","Chuối cau","Buồng","Chín"
"img000009.jpg","Chuối cau","Buồng","Chín"
"img000010.jpg","Chuối cau","Buồng","Chín"
"img000011.jpg","Chuối cau","Buồng","Chín"
"img000012.jpg","Chuối cau","Buồng","Chín"
"img000013.jpg","Chuối cau","Buồng","Chín"
"img000014.jpg","Chuối cau","Buồng","Chín"
"img000015.jpg","Chuối cau","Buồng","Chín"
"img000016.jpg","Chuối cau","Buồng","Chín"
"img000017.jpg","Chuối cau","Buồng","Chín"
"img000018.jpg","Chuối cau","Buồng","Chín"
"img000019.jpg","Chuối cau","Buồng","Chín"
"img000020.jpg","Chuối cau","Buồng","Chín"
"img000021.jpg","Chuối cau","Buồng","Chín"
"img000022.jpg","Chuối cau","Buồng","Chín"
"img000023.jpg","Chuối cau","Buồng","Chín"
"img000024.jpg","Chuối cau","Buồng","Chín"
"img000025.jpg","Chuối cau","Buồng","Chín"
"img000026.jpg","Chuối cau","Buồng","Chín"
"img000027.jpg","Chuối cau","Buồng","Chín"
"img000028.jpg","Chuối cau","Buồng","Chín"
"img000029.jpg","Chuối cau","Buồng","Chín"
"img000030.jpg","Chuối cau","Buồng","Chín"
"img000031.jpg","Chuối cau","Buồng","Chín"
"img000032.jpg","Chuối cau","Buồng","Chín"
"img000033.jpg","Chuối cau","Buồng","Chín"
"img000034.jpg","Chuối cau","Buồng","Chín"
"img000035.png","Chuối cau","Buồng","Chín"
"img000036.jpg","Chuối cau","Buồng","Xanh"
"img000037.jpg","Chuối cau","Buồng","Xanh"
"img000038.jpg","Chuối cau","Buồng","Xanh"
"img000039.jpg","Chuối cau","Buồng","Xanh"
"img000040.jpg","Chuối cau","Buồng","Xanh"
"img000041.jpg","Chuối cau","Buồng","Xanh"
"img000042.jpg","Chuối cau","Buồng","Xanh"
"img000043.jpg","Chuối cau","Buồng","Xanh"
"img000044.jpg","Chuối cau","Buồng","Xanh"
"img000045.jpg","Chuối cau","Buồng","Xanh"
"img000046.jpg","Chuối cau","Buồng","Xanh"
"img000047.jpg","Chuối cau","Buồng","Xanh"
"img000048.jpg","Chuối cau","Buồng","Xanh"
"img000049.jpg","Chuối cau","Buồng","Xanh"
"img000050.jpg","Chuối cau","Buồng","Xanh"
"img000051.jpg","Chuối cau","Buồng","Xanh"
"img000052.jpg","Chuối cau","Buồng","Xanh"
"img000053.jpg","Chuối cau","Buồng","Xanh"
"img000054.jpg","Chuối cau","Buồng","Xanh"
"img000055.jpg","Chuối cau","Buồng","Xanh"
"img000056.jpg","Chuối cau","Buồng","Xanh"
"img000057.jpg","Chuối cau","Buồng","Xanh"
"img000058.jpg","Chuối cau","Buồng","Xanh"
"img000059.jpg","Chuối cau","Buồng","Xanh"
"img000060.jpg","Chuối cau","Buồng","Xanh"
"img000061.jpg","Chuối cau","Buồng","Xanh"
"img000062.jpg","Chuối cau","Buồng","Xanh"
"img000063.jpg","Chuối cau","Buồng","Xanh"
"img000064.jpg","Chuối cau","Buồng","Xanh"
"img000065.jpg","Chuối cau","Buồng","Xanh"
"img000066.jpg","Chuối cau","Buồng","Xanh"
"img000067.jpg","Chuối cau","Buồng","Xanh"
"img000068.jpg","Chuối cau","Buồng","Xanh"
"img000069.jpg","Chuối cau","Buồng","Xanh"
"img000070.jpg","Chuối cau","Buồng","Xanh"
"img000071.jpg","Chuối cau","Buồng","Xanh"
"img000072.jpg","Chuối cau","Buồng","Xanh"
"img000073.jpg","Chuối cau","Buồng","Xanh"
"img000074.jpg","Chuối cau","Buồng","Xanh"
"img000075.jpg","Chuối cau","Buồng","Xanh"
"img000076.jpg","Chuối cau","Buồng","Xanh"
"img000077.jpg","Chuối cau","Buồng","Xanh"
"img000078.jpg","Chuối cau","Buồng","Xanh"
"img000079.jpg","Chuối cau","Buồng","Xanh"
"img000080.jpg","Chuối cau","Buồng","Xanh"
"img000081.jpg","Chuối cau","Buồng","Xanh"
"img000082.jpg","Chuối cau","Buồng","Xanh"
"img000083.jpg","Chuối cau","Buồng","Xanh"
"img000084.jpg","Chuối cau","Buồng","Xanh"
"img000085.jpg","Chuối cau","Buồng","Xanh"
"img000086.jpg","Chuối cau","Buồng","Xanh"
"img000087.jpg","Chuối cau","Buồng","Xanh"
"img000088.jpg","Chuối cau","Buồng","Xanh"
"img000089.jpg","Chuối cau","Buồng","Xanh"
"img000090.jpg","Chuối cau","Buồng","Xanh"
"img000091.jpg","Chuối cau","Buồng","Xanh"
"img000092.jpg","Chuối cau","Buồng","Xanh"
"img000093.jpg","Chuối cau","Buồng","Xanh"
"img000094.jpg","Chuối cau","Buồng","Xanh"
"img000095.jpg","Chuối cau","Buồng","Xanh"
"img000096.jpg","Chuối cau","Buồng","Xanh"
"img000097.jpg","Chuối cau","Buồng","Xanh"
"img000098.jpg","Chuối cau","Buồng","Xanh"
"img000099.jpg","Chuối cau","Buồng","Xanh"
"img000100.jpg","Chuối cau","Buồng","Xanh"
"img000101.jpg","Chuối cau","Buồng","Xanh"
"img000102.jpg","Chuối cau","Buồng","Xanh"
"img000103.jpg","Chuối cau","Buồng","Xanh"
"img000104.jpg","Chuối cau","Buồng","Xanh"
"img000105.jpg","Chuối cau","Buồng","Xanh"
"img000106.jpg","Chuối cau","Buồng","Xanh"
"img000107.jpg","Chuối cau","Buồng","Xanh"
"img000108.jpg","Chuối cau","Buồng","Xanh"
"img000109.jpg","Chuối cau","Buồng","Xanh"
"img000110.jpg","Chuối cau","Buồng","Xanh"
"img000111.jpg","Chuối cau","Buồng","Xanh"
"img000112.jpg","Chuối cau","Buồng","Xanh"
"img000113.jpg","Chuối cau","Buồng","Xanh"
"img000114.jpg","Chuối cau","Buồng","Xanh"
"img000115.jpg","Chuối cau","Buồng","Xanh"
"img000116.jpg","Chuối cau","Buồng","Xanh"
"img000117.jpg","Chuối cau","Buồng","Xanh"
"img000118.jpg","Chuối cau","Buồng","Xanh"
"img000119.jpg","Chuối cau","Buồng","Xanh"
"img000120.jpg","Chuối cau","Buồng","Xanh"
"img000121.jpg","Chuối cau","Buồng","Xanh"
"img000122.jpg","Chuối cau","Buồng","Xanh"
"img000123.jpg","Chuối cau","Buồng","Xanh"
"img000124.jpg","Chuối cau","Buồng","Xanh"
"img000125.jpg","Chuối cau","Buồng","Xanh"
"img000126.jpg","Chuối cau","Buồng","Xanh"
"img000127.jpg","Chuối cau","Buồng","Xanh"
"img000128.jpg","Chuối cau","Buồng","Xanh"
"img000129.jpg","Chuối cau","Buồng","Xanh"
"img000130.jpg","Chuối cau","Buồng","Xanh"
"img000131.jpg","Chuối cau","Buồng","Xanh"
"img000132.jpg","Chuối cau","Buồng","Xanh"
"img000133.jpg","Chuối cau","Buồng","Xanh"
"img000134.jpg","Chuối cau","Buồng","Xanh"
"img000135.jpg","Chuối cau","Buồng","Xanh"
"img000136.jpg","Chuối cau","Buồng","Xanh"
"img000137.jpg","Chuối cau","Buồng","Xanh"
"img000138.jpg","Chuối cau","Buồng","Xanh"
"img000139.jpg","Chuối cau","Buồng","Xanh"
"img000140.jpg","Chuối cau","Buồng","Xanh"
"img000141.jpg","Chuối cau","Buồng","Xanh"
"img000142.jpg","Chuối cau","Buồng","Xanh"
"img000143.jpg","Chuối cau","Buồng","Xanh"
"img000144.jpg","Chuối cau","Buồng","Xanh"
"img000145.jpg","Chuối cau","Buồng","Xanh"
"img000146.jpg","Chuối cau","Buồng","Xanh"
"img000147.jpg","Chuối cau","Buồng","Xanh"
"img000148.jpg","Chuối cau","Buồng","Xanh"
"img000149.jpg","Chuối cau","Buồng","Xanh"
"img000150.jpg","Chuối cau","Buồng","Xanh"
"img000151.jpg","Chuối cau","Buồng","Xanh"
"img000152.jpg","Chuối cau","Buồng","Xanh"
"img000153.jpg","Chuối cau","Buồng","Xanh"
"img000154.jpg","Chuối cau","Buồng","Xanh"
"img000155.jpg","Chuối cau","Buồng","Xanh"
"img000156.jpg","Chuối cau","Buồng","Xanh"
"img000157.jpg","Chuối cau","Buồng","Xanh"
"img000158.jpg","Chuối cau","Buồng","Xanh"
"img000159.jpg","Chuối cau","Buồng","Xanh"
"img000160.jpg","Chuối cau","Buồng","Xanh"
"img000161.jpg","Chuối cau","Buồng","Xanh"
"img000162.jpg","Chuối cau","Buồng","Xanh"
"img000163.jpg","Chuối cau","Buồng","Xanh"
"img000164.jpg","Chuối cau","Nải","Chín"
"img000165.jpg","Chuối cau","Nải","Chín"
"img000166.jpg","Chuối cau","Nải","Chín"
"img000167.jpg","Chuối cau","Nải","Chín"
"img000168.jpg","Chuối cau","Nải","Chín"
"img000169.jpg","Chuối cau","Nải","Chín"
"img000170.jpg","Chuối cau","Nải","Chín"
"img000171.jpg","Chuối cau","Nải","Chín"
"img000172.jpg","Chuối cau","Nải","Chín"
"img000173.jpg","Chuối cau","Nải","Chín"
"img000174.jpg","Chuối cau","Nải","Chín"
"img000175.jpg","Chuối cau","Nải","Chín"
"img000176.jpg","Chuối cau","Nải","Chín"
"img000177.jpg","Chuối cau","Nải","Chín"
"img000178.jpg","Chuối cau","Nải","Chín"
"img000179.jpg","Chuối cau","Nải","Chín"
"img000180.jpg","Chuối cau","Nải","Chín"
"img000181.png","Chuối cau","Nải","Chín"
"img000182.jpg","Chuối cau","Nải","Chín"
"img000183.jpg","Chuối cau","Nải","Chín"
"img000184.jpg","Chuối cau","Nải","Chín"
"img000185.jpg","Chuối cau","Nải","Chín"
"img000186.jpg","Chuối cau","Nải","Chín"
"img000187.jpg","Chuối cau","Nải","Chín"
"img000188.jpg","Chuối cau","Nải","Chín"
"img000189.jpg","Chuối cau","Nải","Chín"
"img000190.jpg","Chuối cau","Nải","Chín"
"img000191.jpg","Chuối cau","Nải","Chín"
"img000192.jpg","Chuối cau","Nải","Chín"
"img000193.jpg","Chuối cau","Nải","Chín"
"img000194.jpg","Chuối cau","Nải","Chín"
"img000195.jpg","Chuối cau","Nải","Chín"
"img000196.jpg","Chuối cau","Nải","Chín"
"img000197.jpg","Chuối cau","Nải","Chín"
"img000198.jpg","Chuối cau","Nải","Chín"
"img000199.jpg","Chuối cau","Nải","Chín"
"img000200.jpg","Chuối cau","Nải","Chín"
"img000201.jpg","Chuối cau","Nải","Chín"
"img000202.jpg","Chuối cau","Nải","Chín"
"img000203.jpg","Chuối cau","Nải","Chín"
"img000204.jpg","Chuối cau","Nải","Chín"
"img000205.jpg","Chuối cau","Nải","Chín"
"img000206.jpg","Chuối cau","Nải","Chín"
"img000207.jpg","Chuối cau","Nải","Chín"
"img000208.jpg","Chuối cau","Nải","Chín"
"img000209.jpg","Chuối cau","Nải","Chín"
"img000210.jpg","Chuối cau","Nải","Chín"
"img000211.jpg","Chuối cau","Nải","Chín"
"img000212.jpg","Chuối cau","Nải","Chín"
"img000213.jpg","Chuối cau","Nải","Chín"
"img000214.jpg","Chuối cau","Nải","Chín"
"img000215.jpg","Chuối cau","Nải","Chín"
"img000216.jpg","Chuối cau","Nải","Chín"
"img000217.jpg","Chuối cau","Nải","Chín"
"img000218.jpg","Chuối cau","Nải","Chín"
"img000219.jpg","Chuối cau","Nải","Chín"
"img000220.jpg","Chuối cau","Nải","Chín"
"img000221.jpg","Chuối cau","Nải","Chín"
"img000222.jpg","Chuối cau","Nải","Chín"
"img000223.jpg","Chuối cau","Nải","Chín"
"img000224.jpg","Chuối cau","Nải","Chín"
"img000225.jpg","Chuối cau","Nải","Chín"
"img000226.jpg","Chuối cau","Nải","Chín"
"img000227.jpg","Chuối cau","Nải","Chín"
"img000228.jpg","Chuối cau","Nải","Chín"
"img000229.jpg","Chuối cau","Nải","Chín"
"img000230.jpg","Chuối cau","Nải","Chín"
"img000231.jpg","Chuối cau","Nải","Chín"
"img000232.jpg","Chuối cau","Nải","Chín"
"img000233.jpg","Chuối cau","Nải","Chín"
"img000234.jpg","Chuối cau","Nải","Chín"
"img000235.jpg","Chuối cau","Nải","Chín"
"img000236.jpg","Chuối cau","Nải","Chín"
"img000237.jpg","Chuối cau","Nải","Chín"
"img000238.jpg","Chuối cau","Nải","Chín"
"img000239.jpg","Chuối cau","Nải","Chín"
"img000240.jpg","Chuối cau","Nải","Chín"
"img000241.jpg","Chuối cau","Nải","Chín"
"img000242.jpg","Chuối cau","Nải","Chín"
"img000243.jpg","Chuối cau","Nải","Chín"
"img000244.jpg","Chuối cau","Nải","Chín"
"img000245.jpg","Chuối cau","Nải","Chín"
"img000246.jpg","Chuối cau","Nải","Chín"
"img000247.jpg","Chuối cau","Nải","Chín"
"img000248.jpg","Chuối cau","Nải","Chín"
"img000249.jpg","Chuối cau","Nải","Chín"
"img000250.jpg","Chuối cau","Nải","Chín"
"img000251.jpg","Chuối cau","Nải","Chín"
"img000252.jpg","Chuối cau","Nải","Chín"
"img000253.jpg","Chuối cau","Nải","Chín"
"img000254.jpg","Chuối cau","Nải","Chín"
"img000255.jpg","Chuối cau","Nải","Chín"
"img000256.jpg","Chuối cau","Nải","Chín"
"img000257.jpg","Chuối cau","Nải","Chín"
"img000258.jpg","Chuối cau","Nải","Chín"
"img000259.jpg","Chuối cau","Nải","Chín"
"img000260.jpg","Chuối cau","Nải","Chín"
"img000261.jpg","Chuối cau","Nải","Chín"
"img000262.jpg","Chuối cau","Nải","Chín"
"img000263.jpg","Chuối cau","Nải","Chín"
"img000264.jpg","Chuối cau","Nải","Chín"
"img000265.jpg","Chuối cau","Nải","Chín"
"img000266.jpg","Chuối cau","Nải","Chín"
"img000267.jpg","Chuối cau","Nải","Chín"
"img000268.jpg","Chuối cau","Nải","Chín"
"img000269.jpg","Chuối cau","Nải","Chín"
"img000270.jpg","Chuối cau","Nải","Chín"
"img000271.jpg","Chuối cau","Nải","Chín"
"img000272.jpg","Chuối cau","Nải","Chín"
"img000273.jpg","Chuối cau","Nải","Chín"
"img000274.jpg","Chuối cau","Nải","Chín"
"img000275.jpg","Chuối cau","Nải","Chín"
"img000276.jpg","Chuối cau","Nải","Chín"
"img000277.jpg","Chuối cau","Nải","Chín"
"img000278.jpg","Chuối cau","Nải","Chín"
"img000279.jpg","Chuối cau","Nải","Chín"
"img000280.jpg","Chuối cau","Nải","Chín"
"img000281.jpg","Chuối cau","Nải","Chín"
"img000282.jpg","Chuối cau","Nải","Chín"
"img000283.jpg","Chuối cau","Nải","Chín"
"img000284.jpg","Chuối cau","Nải","Chín"
"img000285.jpg","Chuối cau","Nải","Chín"
"img000286.jpg","Chuối cau","Nải","Chín"
"img000287.jpg","Chuối cau","Nải","Chín"
"img000288.jpg","Chuối cau","Nải","Chín"
"img000289.jpg","Chuối cau","Nải","Chín"
"img000290.jpg","Chuối cau","Nải","Chín"
"img000291.jpg","Chuối cau","Nải","Chín"
"img000292.jpg","Chuối cau","Nải","Chín"
"img000293.jpg","Chuối cau","Nải","Xanh"
"img000294.jpg","Chuối cau","Nải","Xanh"
"img000295.jpg","Chuối cau","Nải","Xanh"
"img000296.jpg","Chuối cau","Nải","Xanh"
"img000297.jpg","Chuối cau","Nải","Xanh"
"img000298.jpg","Chuối cau","Nải","Xanh"
"img000299.jpg","Chuối cau","Nải","Xanh"
"img000300.jpg","Chuối cau","Nải","Xanh"
"img000301.jpg","Chuối cau","Nải","Xanh"
"img000302.jpg","Chuối cau","Nải","Xanh"
"img000303.jpg","Chuối cau","Nải","Xanh"
"img000304.jpg","Chuối cau","Nải","Xanh"
"img000305.jpg","Chuối cau","Nải","Xanh"
"img000306.jpg","Chuối cau","Nải","Xanh"
"img000307.jpg","Chuối cau","Nải","Xanh"
"img000308.jpg","Chuối cau","Nải","Xanh"
"img000309.jpg","Chuối cau","Nải","Xanh"
"img000310.jpg","Chuối cau","Nải","Xanh"
"img000311.jpg","Chuối cau","Nải","Xanh"
"img000312.jpg","Chuối cau","Nải","Xanh"
"img000313.jpg","Chuối cau","Nải","Xanh"
"img000314.jpg","Chuối cau","Nải","Xanh"
"img000315.jpg","Chuối cau","Nải","Xanh"
"img000316.jpg","Chuối cau","Nải","Xanh"
"img000317.jpg","Chuối cau","Nải","Xanh"
"img000318.jpg","Chuối cau","Nải","Xanh"
"img000319.jpg","Chuối cau","Nải","Xanh"
"img000320.jpg","Chuối cau","Nải","Xanh"
"img000321.jpg","Chuối cau","Nải","Xanh"
"img000322.jpg","Chuối cau","Nải","Xanh"
"img000323.jpg","Chuối cau","Nải","Xanh"
"img000324.jpg","Chuối cau","Nải","Xanh"
"img000325.jpg","Chuối cau","Nải","Xanh"
"img000326.jpg","Chuối cau","Nải","Xanh"
"img000327.jpg","Chuối cau","Nải","Xanh"
"img000328.jpg","Chuối cau","Nải","Xanh"
"img000329.jpg","Chuối cau","Nải","Xanh"
"img000330.jpg","Chuối cau","Nải","Xanh"
"img000331.jpg","Chuối cau","Nải","Xanh"
"img000332.jpg","Chuối cau","Nải","Xanh"
"img000333.jpg","Chuối cau","Nải","Xanh"
"img000334.jpg","Chuối cau","Nải","Xanh"
"img000335.jpg","Chuối cau","Nải","Xanh"
"img000336.jpg","Chuối cau","Nải","Xanh"
"img000337.jpg","Chuối cau","Nải","Xanh"
"img000338.jpg","Chuối cau","Nải","Xanh"
"img000339.jpg","Chuối cau","Nải","Xanh"
"img000340.jpg","Chuối cau","Nải","Xanh"
"img000341.jpg","Chuối cau","Nải","Xanh"
"img000342.jpg","Chuối cau","Nải","Xanh"
"img000343.jpg","Chuối cau","Nải","Xanh"
"img000344.jpg","Chuối cau","Nải","Xanh"
"img000345.jpg","Chuối cau","Nải","Xanh"
"img000346.jpg","Chuối cau","Nải","Xanh"
"img000347.jpg","Chuối cau","Nải","Xanh"
"img000348.jpg","Chuối cau","Nải","Xanh"
"img000349.jpg","Chuối cau","Trái","Chín"
"img000350.jpg","Chuối cau","Trái","Chín"
"img000351.jpg","Chuối cau","Trái","Chín"
"img000352.jpg","Chuối cau","Trái","Chín"
"img000353.jpg","Chuối cau","Trái","Chín"
"img000354.jpg","Chuối cau","Trái","Chín"
"img000355.jpg","Chuối cau","Trái","Chín"
"img000356.jpg","Chuối cau","Trái","Chín"
"img000357.jpg","Chuối cau","Trái","Chín"
"img000358.jpg","Chuối cau","Trái","Chín"
"img000359.jpg","Chuối cau","Trái","Chín"
"img000360.jpg","Chuối cau","Trái","Chín"
"img000361.jpg","Chuối cau","Trái","Chín"
"img000362.jpg","Chuối cau","Trái","Chín"
"img000363.jpg","Chuối cau","Trái","Chín"
"img000364.jpg","Chuối cau","Trái","Chín"
"img000365.jpg","Chuối cau","Trái","Chín"
"img000366.jpg","Chuối cau","Trái","Chín"
"img000367.jpg","Chuối cau","Trái","Chín"
"img000368.jpg","Chuối cau","Trái","Chín"
"img000369.jpg","Chuối cau","Trái","Chín"
"img000370.jpg","Chuối cau","Trái","Chín"
"img000371.jpg","Chuối cau","Trái","Chín"
"img000372.jpg","Chuối cau","Trái","Chín"
"img000373.jpg","Chuối cau","Trái","Chín"
"img000374.jpg","Chuối cau","Trái","Chín"
"img000375.jpg","Chuối cau","Trái","Chín"
"img000376.jpg","Chuối cau","Trái","Chín"
"img000377.jpg","Chuối cau","Trái","Chín"
"img000378.jpg","Chuối cau","Trái","Chín"
"img000379.jpg","Chuối cau","Trái","Chín"
"img000380.jpg","Chuối cau","Trái","Chín"
"img000381.jpg","Chuối cau","Trái","Chín"
"img000382.jpg","Chuối cau","Trái","Chín"
"img000383.jpg","Chuối cau","Trái","Chín"
"img000384.jpg","Chuối cau","Trái","Chín"
"img000385.jpg","Chuối cau","Trái","Chín"
"img000386.jpg","Chuối cau","Trái","Chín"
"img000387.jpg","Chuối cau","Trái","Chín"
"img000388.jpg","Chuối cau","Trái","Chín"
"img000389.jpg","Chuối cau","Trái","Chín"
"img000390.jpg","Chuối cau","Trái","Chín"
"img000391.jpg","Chuối cau","Trái","Chín"
"img000392.jpg","Chuối cau","Trái","Chín"
"img000393.jpg","Chuối cau","Trái","Chín"
"img000394.jpg","Chuối cau","Trái","Chín"
"img000395.jpg","Chuối cau","Trái","Chín"
"img000396.jpg","Chuối cau","Trái","Chín"
"img000397.jpg","Chuối cau","Trái","Chín"
"img000398.jpg","Chuối cau","Trái","Chín"
"img000399.jpg","Chuối cau","Trái","Chín"
"img000400.jpg","Chuối cau","Trái","Chín"
"img000401.jpg","Chuối cau","Trái","Chín"
"img000402.jpg","Chuối cau","Trái","Chín"
"img000403.jpg","Chuối cau","Trái","Chín"
"img000404.jpg","Chuối cau","Trái","Chín"
"img000405.jpg","Chuối cau","Trái","Chín"
"img000406.jpg","Chuối cau","Trái","Chín"
"img000407.jpg","Chuối cau","Trái","Chín"
"img000408.jpg","Chuối cau","Trái","Chín"
"img000409.jpg","Chuối cau","Trái","Chín"
"img000410.jpg","Chuối cau","Trái","Chín"
"img000411.jpg","Chuối cau","Trái","Chín"
"img000412.jpg","Chuối cau","Trái","Chín"
"img000413.jpg","Chuối cau","Trái","Chín"
"img000414.jpg","Chuối cau","Trái","Chín"
"img000415.jpg","Chuối cau","Trái","Chín"
"img000416.jpg","Chuối cau","Trái","Chín"
"img000417.jpg","Chuối cau","Trái","Chín"
"img000418.jpg","Chuối cau","Trái","Chín"
"img000419.jpg","Chuối cau","Trái","Chín"
"img000420.jpg","Chuối cau","Trái","Chín"
"img000421.jpg","Chuối cau","Trái","Chín"
"img000422.jpg","Chuối cau","Trái","Chín"
"img000423.jpg","Chuối cau","Trái","Chín"
"img000424.jpg","Chuối cau","Trái","Chín"
"img000425.jpg","Chuối cau","Trái","Chín"
"img000426.jpg","Chuối cau","Trái","Chín"
"img000427.jpg","Chuối cau","Trái","Chín"
"img000428.jpg","Chuối cau","Trái","Chín"
"img000429.jpg","Chuối cau","Trái","Chín"
"img000430.jpg","Chuối cau","Trái","Chín"
"img000431.jpg","Chuối cau","Trái","Chín"
"img000432.jpg","Chuối cau","Trái","Chín"
"img000433.jpg","Chuối cau","Trái","Chín"
"img000434.jpg","Chuối cau","Trái","Chín"
"img000435.jpg","Chuối cau","Trái","Chín"
"img000436.jpg","Chuối cau","Trái","Chín"
"img000437.jpg","Chuối cau","Trái","Chín"
"img000438.jpg","Chuối cau","Trái","Chín"
"img000439.jpg","Chuối cau","Trái","Chín"
"img000440.jpg","Chuối cau","Trái","Chín"
"img000441.jpg","Chuối cau","Trái","Chín"
"img000442.jpg","Chuối cau","Trái","Chín"
"img000443.jpg","Chuối cau","Trái","Chín"
"img000444.jpg","Chuối cau","Trái","Chín"
"img000445.jpg","Chuối cau","Trái","Chín"
"img000446.jpg","Chuối cau","Trái","Chín"
"img000447.jpg","Chuối cau","Trái","Chín"
"img000448.jpg","Chuối cau","Trái","Chín"
"img000449.jpg","Chuối cau","Trái","Chín"
"img000450.jpg","Chuối cau","Trái","Chín"
"img000451.jpg","Chuối cau","Trái","Chín"
"img000452.jpg","Chuối cau","Trái","Chín"
"img000453.jpg","Chuối cau","Trái","Chín"
"img000454.jpg","Chuối cau","Trái","Chín"
"img000455.jpg","Chuối cau","Trái","Chín"
"img000456.jpg","Chuối cau","Trái","Chín"
"img000457.jpg","Chuối cau","Trái","Chín"
"img000458.jpg","Chuối cau","Trái","Chín"
"img000459.jpg","Chuối cau","Trái","Chín"
"img000460.jpg","Chuối cau","Trái","Chín"
"img000461.jpg","Chuối cau","Trái","Chín"
"img000462.jpg","Chuối cau","Trái","Chín"
"img000463.jpg","Chuối cau","Trái","Chín"
"img000464.jpg","Chuối cau","Trái","Chín"
"img000465.jpg","Chuối cau","Trái","Chín"
"img000466.jpg","Chuối cau","Trái","Chín"
"img000467.jpg","Chuối cau","Trái","Chín"
"img000468.jpg","Chuối cau","Trái","Chín"
"img000469.jpg","Chuối cau","Trái","Chín"
"img000470.jpg","Chuối cau","Trái","Chín"
"img000471.jpg","Chuối cau","Trái","Chín"
"img000472.jpg","Chuối cau","Trái","Chín"
"img000473.jpg","Chuối cau","Trái","Chín"
"img000474.jpg","Chuối cau","Trái","Chín"
"img000475.jpg","Chuối cau","Trái","Chín"
"img000476.jpg","Chuối cau","Trái","Chín"
"img000477.jpg","Chuối cau","Trái","Chín"
"img000478.jpg","Chuối cau","Trái","Chín"
"img000479.jpg","Chuối cau","Trái","Chín"
"img000480.jpg","Chuối cau","Trái","Chín"
"img000481.jpg","Chuối cau","Trái","Chín"
"img000482.jpg","Chuối cau","Trái","Chín"
"img000483.jpg","Chuối cau","Trái","Chín"
"img000484.jpg","Chuối cau","Trái","Chín"
"img000485.jpg","Chuối cau","Trái","Chín"
"img000486.jpg","Chuối cau","Trái","Chín"
"img000487.jpg","Chuối cau","Trái","Chín"
"img000488.jpg","Chuối cau","Trái","Chín"
"img000489.jpg","Chuối cau","Trái","Chín"
"img000490.jpg","Chuối cau","Trái","Chín"
"img000491.jpg","Chuối cau","Trái","Chín"
"img000492.jpg","Chuối cau","Trái","Chín"
"img000493.jpg","Chuối cau","Trái","Chín"
"img000494.jpg","Chuối cau","Trái","Chín"
"img000495.jpg","Chuối cau","Trái","Chín"
"img000496.jpg","Chuối cau","Trái","Chín"
"img000497.jpg","Chuối cau","Trái","Chín"
"img000498.jpg","Chuối cau","Trái","Chín"
"img000499.jpg","Chuối cau","Trái","Chín"
"img000500.jpg","Chuối cau","Trái","Chín"
"img000501.jpg","Chuối cau","Trái","Chín"
"img000502.jpg","Chuối cau","Trái","Chín"
"img000503.jpg","Chuối cau","Trái","Chín"
"img000504.jpg","Chuối cau","Trái","Chín"
"img000505.jpg","Chuối cau","Trái","Chín"
"img000506.jpg","Chuối cau","Trái","Chín"
"img000507.jpg","Chuối cau","Trái","Chín"
"img000508.jpg","Chuối cau","Trái","Chín"
"img000509.jpg","Chuối cau","Trái","Chín"
"img000510.jpg","Chuối cau","Trái","Chín"
"img000511.jpg","Chuối cau","Trái","Chín"
"img000512.jpg","Chuối cau","Trái","Chín"
"img000513.jpg","Chuối cau","Trái","Chín"
"img000514.jpg","Chuối cau","Trái","Chín"
"img000515.jpg","Chuối cau","Trái","Chín"
"img000516.jpg","Chuối cau","Trái","Chín"
"img000517.jpg","Chuối cau","Trái","Chín"
"img000518.jpg","Chuối cau","Trái","Chín"
"img000519.jpg","Chuối cau","Trái","Chín"
"img000520.jpg","Chuối cau","Trái","Chín"
"img000521.jpg","Chuối cau","Trái","Chín"
"img000522.jpg","Chuối cau","Trái","Chín"
"img000523.jpg","Chuối cau","Trái","Chín"
"img000524.jpg","Chuối cau","Trái","Chín"
"img000525.jpg","Chuối cau","Trái","Chín"
"img000526.jpg","Chuối cau","Trái","Chín"
"img000527.jpg","Chuối cau","Trái","Chín"
"img000528.jpg","Chuối cau","Trái","Chín"
"img000529.jpg","Chuối cau","Trái","Chín"
"img000530.jpg","Chuối cau","Trái","Chín"
"img000531.jpg","Chuối cau","Trái","Chín"
"img000532.jpg","Chuối cau","Trái","Chín"
"img000533.jpg","Chuối cau","Trái","Chín"
"img000534.jpg","Chuối cau","Trái","Chín"
"img000535.jpg","Chuối cau","Trái","Chín"
"img000536.jpg","Chuối cau","Trái","Chín"
"img000537.jpg","Chuối cau","Trái","Chín"
"img000538.jpg","Chuối cau","Trái","Chín"
"img000539.jpg","Chuối cau","Trái","Chín"
"img000540.jpg","Chuối cau","Trái","Chín"
"img000541.jpg","Chuối cau","Trái","Chín"
"img000542.jpg","Chuối cau","Trái","Chín"
"img000543.jpg","Chuối cau","Trái","Chín"
"img000544.jpg","Chuối cau","Trái","Chín"
"img000545.jpg","Chuối cau","Trái","Chín"
"img000546.jpg","Chuối cau","Trái","Chín"
"img000547.jpg","Chuối cau","Trái","Chín"
"img000548.jpg","Chuối cau","Trái","Chín"
"img000549.jpg","Chuối cau","Trái","Chín"
"img000550.jpg","Chuối cau","Trái","Chín"
"img000551.jpg","Chuối cau","Trái","Chín"
"img000552.jpg","Chuối cau","Trái","Chín"
"img000553.jpg","Chuối cau","Trái","Chín"
"img000554.jpg","Chuối cau","Trái","Chín"
"img000555.jpg","Chuối cau","Trái","Chín"
"img000556.jpg","Chuối cau","Trái","Chín"
"img000557.jpg","Chuối cau","Trái","Chín"
"img000558.jpg","Chuối cau","Trái","Chín"
"img000559.jpg","Chuối cau","Trái","Chín"
"img000560.jpg","Chuối cau","Trái","Chín"
"img000561.jpg","Chuối cau","Trái","Chín"
"img000562.jpg","Chuối cau","Trái","Chín"
"img000563.jpg","Chuối cau","Trái","Chín"
"img000564.jpg","Chuối cau","Trái","Chín"
"img000565.jpg","Chuối cau","Trái","Chín"
"img000566.jpg","Chuối cau","Trái","Chín"
"img000567.jpg","Chuối cau","Trái","Chín"
"img000568.jpg","Chuối cau","Trái","Chín"
"img000569.jpg","Chuối cau","Trái","Chín"
"img000570.jpg","Chuối cau","Trái","Chín"
"img000571.jpg","Chuối cau","Trái","Chín"
"img000572.jpg","Chuối cau","Trái","Chín"
"img000573.jpg","Chuối cau","Trái","Chín"
"img000574.jpg","Chuối cau","Trái","Chín"
"img000575.jpg","Chuối cau","Trái","Chín"
"img000576.jpg","Chuối cau","Trái","Chín"
"img000577.jpg","Chuối cau","Trái","Chín"
"img000578.jpg","Chuối cau","Trái","Chín"
"img000579.jpg","Chuối cau","Trái","Chín"
"img000580.jpg","Chuối cau","Trái","Chín"
"img000581.jpg","Chuối cau","Trái","Chín"
"img000582.jpg","Chuối cau","Trái","Chín"
"img000583.jpg","Chuối cau","Trái","Chín"
"img000584.jpg","Chuối cau","Trái","Chín"
"img000585.jpg","Chuối cau","Trái","Chín"
"img000586.jpg","Chuối cau","Trái","Chín"
"img000587.jpg","Chuối cau","Trái","Chín"
"img000588.jpg","Chuối cau","Trái","Chín"
"img000589.jpg","Chuối cau","Trái","Chín"
"img000590.jpg","Chuối cau","Trái","Chín"
"img000591.jpg","Chuối cau","Trái","Chín"
"img000592.jpg","Chuối cau","Trái","Chín"
"img000593.jpg","Chuối cau","Trái","Chín"
"img000594.jpg","Chuối cau","Trái","Chín"
"img000595.jpg","Chuối cau","Trái","Chín"
"img000596.jpg","Chuối cau","Trái","Chín"
"img000597.jpg","Chuối cau","Trái","Chín"
"img000598.jpg","Chuối cau","Trái","Chín"
"img000599.jpg","Chuối cau","Trái","Chín"
"img000600.jpg","Chuối cau","Trái","Chín"
"img000601.jpg","Chuối cau","Trái","Chín"
"img000602.jpg","Chuối cau","Trái","Chín"
"img000603.jpg","Chuối cau","Trái","Chín"
"img000604.jpg","Chuối cau","Trái","Chín"
"img000605.jpg","Chuối cau","Trái","Chín"
"img000606.jpg","Chuối cau","Trái","Chín"
"img000607.jpg","Chuối cau","Trái","Chín"
"img000608.jpg","Chuối cau","Trái","Chín"
"img000609.jpg","Chuối cau","Trái","Chín"
"img000610.jpg","Chuối cau","Trái","Chín"
"img000611.jpg","Chuối cau","Trái","Chín"
"img000612.jpg","Chuối cau","Trái","Chín"
"img000613.jpg","Chuối cau","Trái","Chín"
"img000614.jpg","Chuối cau","Trái","Chín"
"img000615.jpg","Chuối cau","Trái","Chín"
"img000616.jpg","Chuối cau","Trái","Chín"
"img000617.jpg","Chuối cau","Trái","Chín"
"img000618.jpg","Chuối cau","Trái","Chín"
"img000619.jpg","Chuối cau","Trái","Chín"
"img000620.jpg","Chuối cau","Trái","Chín"
"img000621.jpg","Chuối cau","Trái","Chín"
"img000622.jpg","Chuối cau","Trái","Chín"
"img000623.jpg","Chuối cau","Trái","Chín"
"img000624.jpg","Chuối cau","Trái","Chín"
"img000625.jpg","Chuối cau","Trái","Chín"
"img000626.jpg","Chuối cau","Trái","Chín"
"img000627.jpg","Chuối cau","Trái","Chín"
"img000628.jpg","Chuối cau","Trái","Chín"
"img000629.jpg","Chuối cau","Trái","Chín"
"img000630.jpg","Chuối cau","Trái","Chín"
"img000631.jpg","Chuối cau","Trái","Chín"
"img000632.jpg","Chuối cau","Trái","Chín"
"img000633.jpg","Chuối cau","Trái","Chín"
"img000634.jpg","Chuối cau","Trái","Chín"
"img000635.jpg","Chuối cau","Trái","Chín"
"img000636.jpg","Chuối cau","Trái","Chín"
"img000637.jpg","Chuối cau","Trái","Chín"
"img000638.jpg","Chuối cau","Trái","Chín"
"img000639.jpg","Chuối cau","Trái","Chín"
"img000640.jpg","Chuối cau","Trái","Chín"
"img000641.jpg","Chuối cau","Trái","Chín"
"img000642.jpg","Chuối cau","Trái","Chín"
"img000643.jpg","Chuối cau","Trái","Chín"
"img000644.jpg","Chuối cau","Trái","Chín"
"img000645.jpg","Chuối cau","Trái","Chín"
"img000646.jpg","Chuối cau","Trái","Chín"
"img000647.jpg","Chuối cau","Trái","Chín"
"img000648.jpg","Chuối cau","Trái","Chín"
"img000649.jpg","Chuối cau","Trái","Chín"
"img000650.jpg","Chuối cau","Trái","Chín"
"img000651.jpg","Chuối cau","Trái","Chín"
"img000652.jpg","Chuối cau","Trái","Chín"
"img000653.jpg","Chuối cau","Trái","Chín"
"img000654.jpg","Chuối cau","Trái","Chín"
"img000655.jpg","Chuối cau","Trái","Chín"
"img000656.jpg","Chuối cau","Trái","Chín"
"img000657.jpg","Chuối cau","Trái","Chín"
"img000658.jpg","Chuối cau","Trái","Chín"
"img000659.jpg","Chuối cau","Trái","Chín"
"img000660.jpg","Chuối cau","Trái","Chín"
"img000661.jpg","Chuối cau","Trái","Chín"
"img000662.jpg","Chuối cau","Trái","Chín"
"img000663.jpg","Chuối cau","Trái","Chín"
"img000664.jpg","Chuối cau","Trái","Chín"
"img000665.jpg","Chuối cau","Trái","Chín"
"img000666.jpg","Chuối cau","Trái","Chín"
"img000667.jpg","Chuối cau","Trái","Chín"
"img000668.jpg","Chuối cau","Trái","Chín"
"img000669.jpg","Chuối cau","Trái","Chín"
"img000670.jpg","Chuối cau","Trái","Chín"
"img000671.jpg","Chuối cau","Trái","Chín"
"img000672.jpg","Chuối cau","Trái","Chín"
"img000673.jpg","Chuối cau","Trái","Chín"
"img000674.jpg","Chuối cau","Trái","Chín"
"img000675.jpg","Chuối cau","Trái","Chín"
"img000676.jpg","Chuối cau","Trái","Chín"
"img000677.jpg","Chuối cau","Trái","Chín"
"img000678.jpg","Chuối cau","Trái","Chín"
"img000679.jpg","Chuối cau","Trái","Chín"
"img000680.jpg","Chuối cau","Trái","Chín"
"img000681.jpg","Chuối cau","Trái","Chín"
"img000682.jpg","Chuối cau","Trái","Chín"
"img000683.jpg","Chuối cau","Trái","Chín"
"img000684.jpg","Chuối cau","Trái","Chín"
"img000685.jpg","Chuối cau","Trái","Chín"
"img000686.jpg","Chuối cau","Trái","Chín"
"img000687.jpg","Chuối cau","Trái","Chín"
"img000688.jpg","Chuối cau","Trái","Chín"
"img000689.jpg","Chuối cau","Trái","Chín"
"img000690.jpg","Chuối cau","Trái","Chín"
"img000691.jpg","Chuối cau","Trái","Chín"
"img000692.jpg","Chuối cau","Trái","Chín"
"img000693.jpg","Chuối cau","Trái","Chín"
"img000694.jpg","Chuối cau","Trái","Chín"
"img000695.jpg","Chuối cau","Trái","Chín"
"img000696.jpg","Chuối cau","Trái","Chín"
"img000697.jpg","Chuối cau","Trái","Chín"
"img000698.jpg","Chuối cau","Trái","Chín"
"img000699.jpg","Chuối cau","Trái","Chín"
"img000700.jpg","Chuối cau","Trái","Chín"
"img000701.jpg","Chuối cau","Trái","Chín"
"img000702.jpg","Chuối cau","Trái","Chín"
"img000703.jpg","Chuối cau","Trái","Chín"
"img000704.jpg","Chuối cau","Trái","Chín"
"img000705.jpg","Chuối cau","Trái","Chín"
"img000706.jpg","Chuối cau","Trái","Chín"
"img000707.jpg","Chuối cau","Trái","Chín"
"img000708.jpg","Chuối cau","Trái","Chín"
"img000709.jpg","Chuối cau","Trái","Chín"
"img000710.jpg","Chuối cau","Trái","Chín"
"img000711.jpg","Chuối cau","Trái","Chín"
"img000712.jpg","Chuối cau","Trái","Chín"
"img000713.jpg","Chuối cau","Trái","Chín"
"img000714.jpg","Chuối cau","Trái","Chín"
"img000715.jpg","Chuối cau","Trái","Chín"
"img000716.jpg","Chuối cau","Trái","Chín"
"img000717.jpg","Chuối cau","Trái","Chín"
"img000718.jpg","Chuối cau","Trái","Chín"
"img000719.jpg","Chuối cau","Trái","Chín"
"img000720.jpg","Chuối cau","Trái","Chín"
"img000721.jpg","Chuối cau","Trái","Chín"
"img000722.jpg","Chuối cau","Trái","Chín"
"img000723.jpg","Chuối cau","Trái","Chín"
"img000724.jpg","Chuối cau","Trái","Chín"
"img000725.jpg","Chuối cau","Trái","Chín"
"img000726.jpg","Chuối cau","Trái","Chín"
"img000727.jpg","Chuối cau","Trái","Chín"
"img000728.jpg","Chuối cau","Trái","Chín"
"img000729.jpg","Chuối cau","Trái","Chín"
"img000730.jpg","Chuối cau","Trái","Chín"
"img000731.jpg","Chuối cau","Trái","Chín"
"img000732.jpg","Chuối cau","Trái","Chín"
"img000733.jpg","Chuối cau","Trái","Chín"
"img000734.jpg","Chuối cau","Trái","Chín"
"img000735.jpg","Chuối cau","Trái","Chín"
"img000736.jpg","Chuối cau","Trái","Chín"
"img000737.jpg","Chuối cau","Trái","Chín"
"img000738.jpg","Chuối cau","Trái","Chín"
"img000739.jpg","Chuối cau","Trái","Chín"
"img000740.jpg","Chuối cau","Trái","Chín"
"img000741.jpg","Chuối cau","Trái","Chín"
"img000742.jpg","Chuối cau","Trái","Chín"
"img000743.jpg","Chuối cau","Trái","Chín"
"img000744.jpg","Chuối cau","Trái","Chín"
"img000745.jpg","Chuối cau","Trái","Chín"
"img000746.jpg","Chuối cau","Trái","Chín"
"img000747.jpg","Chuối cau","Trái","Chín"
"img000748.jpg","Chuối cau","Trái","Chín"
"img000749.jpg","Chuối cau","Trái","Chín"
"img000750.jpg","Chuối cau","Trái","Chín"
"img000751.jpg","Chuối cau","Trái","Chín"
"img000752.jpg","Chuối cau","Trái","Xanh"
"img000753.jpg","Chuối cau","Trái","Xanh"
"img000754.jpg","Chuối cau","Trái","Xanh"
"img000755.jpg","Chuối cau","Trái","Xanh"
"img000756.jpg","Chuối cau","Trái","Xanh"
"img000757.jpg","Chuối cau","Trái","Xanh"
"img000758.jpg","Chuối cau","Trái","Xanh"
"img000759.jpg","Chuối cau","Trái","Xanh"
"img000760.jpg","Chuối cau","Trái","Xanh"
"img000761.jpg","Chuối cau","Trái","Xanh"
"img000762.jpg","Chuối cau","Trái","Xanh"
"img000763.jpg","Chuối cau","Trái","Xanh"
"img000764.jpg","Chuối cau","Trái","Xanh"
"img000765.jpg","Chuối cau","Trái","Xanh"
"img000766.jpg","Chuối cau","Trái","Xanh"
"img000767.jpg","Chuối cau","Trái","Xanh"
"img000768.jpg","Chuối cau","Trái","Xanh"
"img000769.jpg","Chuối cau","Trái","Xanh"
"img000770.jpg","Chuối cau","Trái","Xanh"
"img000771.jpg","Chuối cau","Trái","Xanh"
"img000772.jpg","Chuối cau","Trái","Xanh"
"img000773.jpg","Chuối cau","Trái","Xanh"
"img000774.jpg","Chuối cau","Trái","Xanh"
"img000775.jpg","Chuối cau","Trái","Xanh"
"img000776.jpg","Chuối cau","Trái","Xanh"
"img000777.jpg","Chuối cau","Trái","Xanh"
"img000778.jpg","Chuối cau","Trái","Xanh"
"img000779.jpg","Chuối cau","Trái","Xanh"
"img000780.jpg","Chuối cau","Trái","Xanh"
"img000781.jpg","Chuối cau","Trái","Xanh"
"img000782.jpg","Chuối cau","Trái","Xanh"
"img000783.jpg","Chuối cau","Trái","Xanh"
"img000784.jpg","Chuối cau","Trái","Xanh"
"img000785.jpg","Chuối cau","Trái","Xanh"
"img000786.jpg","Chuối cau","Trái","Xanh"
"img000787.jpg","Chuối cau","Trái","Xanh"
"img000788.jpg","Chuối cau","Trái","Xanh"
"img000789.jpg","Chuối cau","Trái","Xanh"
"img000790.jpg","Chuối cau","Trái","Xanh"
"img000791.jpg","Chuối cau","Trái","Xanh"
"img000792.jpg","Chuối cau","Trái","Xanh"
"img000793.jpg","Chuối cau","Trái","Xanh"
"img000794.jpg","Chuối cau","Trái","Xanh"
"img000795.jpg","Chuối cau","Trái","Xanh"
"img000796.jpg","Chuối cau","Trái","Xanh"
"img000797.jpg","Chuối cau","Trái","Xanh"
"img000798.jpg","Chuối cau","Trái","Xanh"
"img000799.jpg","Chuối cau","Trái","Xanh"
"img000800.jpg","Chuối cau","Trái","Xanh"
"img000801.jpg","Chuối cau","Trái","Xanh"
"img000802.jpg","Chuối cau","Trái","Xanh"
"img000803.jpg","Chuối cau","Trái","Xanh"
"img000804.jpg","Chuối cau","Trái","Xanh"
"img000805.jpg","Chuối cau","Trái","Xanh"
"img000806.jpg","Chuối cau","Trái","Xanh"
"img000807.jpg","Chuối cau","Trái","Xanh"
"img000808.jpg","Chuối cau","Trái","Xanh"
"img000809.jpg","Chuối cau","Trái","Xanh"
"img000810.jpg","Chuối cau","Trái","Xanh"
"img000811.jpg","Chuối cau","Trái","Xanh"
"img000812.jpg","Chuối cau","Trái","Xanh"
"img000813.jpg","Chuối cau","Trái","Xanh"
"img000814.jpg","Chuối cau","Trái","Xanh"
"img000815.jpg","Chuối cau","Trái","Xanh"
"img000816.jpg","Chuối cau","Trái","Xanh"
"img000817.jpg","Chuối cau","Trái","Xanh"
"img000818.jpg","Chuối cau","Trái","Xanh"
"img000819.jpg","Chuối cau","Trái","Xanh"
"img000820.jpg","Chuối cau","Trái","Xanh"
"img000821.jpg","Chuối cau","Trái","Xanh"
"img000822.jpg","Chuối cau","Trái","Xanh"
"img000823.jpg","Chuối cau","Trái","Xanh"
"img000824.jpg","Chuối cau","Trái","Xanh"
"img000825.jpg","Chuối cau","Trái","Xanh"
"img000826.jpg","Chuối cau","Trái","Xanh"
"img000827.jpg","Chuối cau","Trái","Xanh"
"img000828.jpg","Chuối cau","Trái","Xanh"
"img000829.jpg","Chuối cau","Trái","Xanh"
"img000830.jpg","Chuối cau","Trái","Xanh"
"img000831.jpg","Chuối cau","Trái","Xanh"
"img000832.jpg","Chuối cau","Trái","Xanh"
"img000833.jpg","Chuối cau","Trái","Xanh"
"img000834.jpg","Chuối cau","Trái","Xanh"
"img000835.jpg","Chuối cau","Trái","Xanh"
"img000836.jpg","Chuối cau","Trái","Xanh"
"img000837.jpg","Chuối cau","Trái","Xanh"
"img000838.jpg","Chuối cau","Trái","Xanh"
"img000839.jpg","Chuối cau","Trái","Xanh"
"img000840.jpg","Chuối cau","Trái","Xanh"
"img000841.jpg","Chuối cau","Trái","Xanh"
"img000842.jpg","Chuối cau","Trái","Xanh"
"img000843.jpg","Chuối cau","Trái","Xanh"
"img000844.jpg","Chuối cau","Trái","Xanh"
"img000845.jpg","Chuối cau","Trái","Xanh"
"img000846.jpg","Chuối cau","Trái","Xanh"
"img000847.jpg","Chuối cau","Trái","Xanh"
"img000848.jpg","Chuối cau","Trái","Xanh"
"img000849.jpg","Chuối cau","Trái","Xanh"
"img000850.jpg","Chuối cau","Trái","Xanh"
"img000851.jpg","Chuối cau","Trái","Xanh"
"img000852.jpg","Chuối cau","Trái","Xanh"
"img000853.jpg","Chuối cau","Trái","Xanh"
"img000854.jpg","Chuối cau","Trái","Xanh"
"img000855.jpg","Chuối cau","Trái","Xanh"
"img000856.jpg","Chuối cau","Trái","Xanh"
"img000857.jpg","Chuối cau","Trái","Xanh"
"img000858.jpg","Chuối cau","Trái","Xanh"
"img000859.jpg","Chuối cau","Trái","Xanh"
"img000860.jpg","Chuối cau","Trái","Xanh"
"img000861.jpg","Chuối cau","Trái","Xanh"
"img000862.jpg","Chuối cau","Trái","Xanh"
"img000863.jpg","Chuối cau","Trái","Xanh"
"img000864.jpg","Chuối cau","Trái","Xanh"
"img000865.jpg","Chuối cau","Trái","Xanh"
"img000866.jpg","Chuối cau","Trái","Xanh"
"img000867.jpg","Chuối cau","Trái","Xanh"
"img000868.jpg","Chuối cau","Trái","Xanh"
"img000869.jpg","Chuối cau","Trái","Xanh"
"img000870.jpg","Chuối cau","Trái","Xanh"
"img000871.jpg","Chuối cau","Trái","Xanh"
"img000872.jpg","Chuối cau","Trái","Xanh"
"img000873.jpg","Chuối cau","Trái","Xanh"
"img000874.jpg","Chuối cau","Trái","Xanh"
"img000875.jpg","Chuối cau","Trái","Xanh"
"img000876.jpg","Chuối cau","Trái","Xanh"
"img000877.jpg","Chuối cau","Trái","Xanh"
"img000878.jpg","Chuối cau","Trái","Xanh"
"img000879.jpg","Chuối cau","Trái","Xanh"
"img000880.jpg","Chuối cau","Trái","Xanh"
"img000881.jpg","Chuối cau","Trái","Xanh"
"img000882.jpg","Chuối cau","Trái","Xanh"
"img000883.jpg","Chuối cau","Trái","Xanh"
"img000884.jpg","Chuối cau","Trái","Xanh"
"img000885.jpg","Chuối cau","Trái","Xanh"
"img000886.jpg","Chuối cau","Trái","Xanh"
"img000887.jpg","Chuối cau","Trái","Xanh"
"img000888.jpg","Chuối cau","Trái","Xanh"
"img000889.jpg","Chuối cau","Trái","Xanh"
"img000890.jpg","Chuối cau","Trái","Xanh"
"img000891.jpg","Chuối cau","Trái","Xanh"
"img000892.jpg","Chuối cau","Trái","Xanh"
"img000893.jpg","Chuối cau","Trái","Xanh"
"img000894.jpg","Chuối cau","Trái","Xanh"
"img000895.jpg","Chuối cau","Trái","Xanh"
"img000896.jpg","Chuối cau","Trái","Xanh"
"img000897.jpg","Chuối cau","Trái","Xanh"
"img000898.jpg","Chuối cau","Trái","Xanh"
"img000899.jpg","Chuối cau","Trái","Xanh"
"img000900.jpg","Chuối cau","Trái","Xanh"
"img000901.jpg","Chuối cau","Trái","Xanh"
"img000902.jpg","Chuối cau","Trái","Xanh"
"img000903.jpg","Chuối cau","Trái","Xanh"
"img000904.jpg","Chuối cau","Trái","Xanh"
"img000905.jpg","Chuối cau","Trái","Xanh"
"img000906.jpg","Chuối cau","Trái","Xanh"
"img000907.jpg","Chuối cau","Trái","Xanh"
"img000908.jpg","Chuối cau","Trái","Xanh"
"img000909.jpg","Chuối cau","Trái","Xanh"
"img000910.jpg","Chuối cau","Trái","Xanh"
"img000911.jpg","Chuối cau","Trái","Xanh"
"img000912.jpg","Chuối cau","Trái","Xanh"
"img000913.jpg","Chuối cau","Trái","Xanh"
"img000914.jpg","Chuối cau","Trái","Xanh"
"img000915.jpg","Chuối cau","Trái","Xanh"
"img000916.jpg","Chuối cau","Trái","Xanh"
"img000917.jpg","Chuối cau","Trái","Xanh"
"img000918.jpg","Chuối cau","Trái","Xanh"
"img000919.jpg","Chuối cau","Trái","Xanh"
"img000920.jpg","Chuối cau","Trái","Xanh"
"img000921.jpg","Chuối cau","Trái","Xanh"
"img000922.jpg","Chuối cau","Trái","Xanh"
"img000923.jpg","Chuối cau","Trái","Xanh"
"img000924.jpg","Chuối cau","Trái","Xanh"
"img000925.jpg","Chuối cau","Trái","Xanh"
"img000926.jpg","Chuối cau","Trái","Xanh"
"img000927.jpg","Chuối cau","Trái","Xanh"
"img000928.jpg","Chuối cau","Trái","Xanh"
"img000929.jpg","Chuối cau","Trái","Xanh"
"img000930.jpg","Chuối cau","Trái","Xanh"
"img000931.jpg","Chuối cau","Trái","Xanh"
"img000932.jpg","Chuối cau","Trái","Xanh"
"img000933.jpg","Chuối cau","Trái","Xanh"
"img000934.jpg","Chuối cau","Trái","Xanh"
"img000935.jpg","Chuối cau","Trái","Xanh"
"img000936.jpg","Chuối cau","Trái","Xanh"
"img000937.jpg","Chuối cau","Trái","Xanh"
"img000938.jpg","Chuối cau","Trái","Xanh"
"img000939.jpg","Chuối cau","Trái","Xanh"
"img000940.jpg","Chuối cau","Trái","Xanh"
"img000941.jpg","Chuối cau","Trái","Xanh"
"img000942.jpg","Chuối cau","Trái","Xanh"
"img000943.jpg","Chuối cau","Trái","Xanh"
"img000944.jpg","Chuối cau","Trái","Xanh"
"img000945.jpg","Chuối cau","Trái","Xanh"
"img000946.jpg","Chuối cau","Trái","Xanh"
"img000947.jpg","Chuối cau","Trái","Xanh"
"img000948.jpg","Chuối cau","Trái","Xanh"
"img000949.jpg","Chuối cau","Trái","Xanh"
"img000950.jpg","Chuối cau","Trái","Xanh"
"img000951.jpg","Chuối cau","Trái","Xanh"
"img000952.jpg","Chuối cau","Trái","Xanh"
"img000953.jpg","Chuối cau","Trái","Xanh"
"img000954.jpg","Chuối cau","Trái","Xanh"
"img000955.jpg","Chuối cau","Trái","Xanh"
"img000956.jpg","Chuối cau","Trái","Xanh"
"img000957.jpg","Chuối cau","Trái","Xanh"
"img000958.jpg","Chuối cau","Trái","Xanh"
"img000959.jpg","Chuối cau","Trái","Xanh"
"img000960.jpg","Chuối cau","Trái","Xanh"
"img000961.jpg","Chuối cau","Trái","Xanh"
"img000962.jpg","Chuối cau","Trái","Xanh"
"img000963.jpg","Chuối cau","Trái","Xanh"
"img000964.jpg","Chuối cau","Trái","Xanh"
"img000965.jpg","Chuối cau","Trái","Xanh"
"img000966.jpg","Chuối cau","Trái","Xanh"
"img000967.jpg","Chuối cau","Trái","Xanh"
"img000968.jpg","Chuối cau","Trái","Xanh"
"img000969.jpg","Chuối cau","Trái","Xanh"
"img000970.jpg","Chuối cau","Trái","Xanh"
"img000971.jpg","Chuối cau","Trái","Xanh"
"img000972.jpg","Chuối cau","Trái","Xanh"
"img000973.jpg","Chuối cau","Trái","Xanh"
"img000974.jpg","Chuối cau","Trái","Xanh"
"img000975.jpg","Chuối cau","Trái","Xanh"
"img000976.jpg","Chuối cau","Trái","Xanh"
"img000977.jpg","Chuối cau","Trái","Xanh"
"img000978.jpg","Chuối cau","Trái","Xanh"
"img000979.jpg","Chuối cau","Trái","Xanh"
"img000980.jpg","Chuối cau","Trái","Xanh"
"img000981.jpg","Chuối cau","Trái","Xanh"
"img000982.jpg","Chuối cau","Trái","Xanh"
"img000983.jpg","Chuối cau","Trái","Xanh"
"img000984.jpg","Chuối cau","Trái","Xanh"
"img000985.jpg","Chuối cau","Trái","Xanh"
"img000986.jpg","Chuối cau","Trái","Xanh"
"img000987.jpg","Chuối cau","Trái","Xanh"
"img000988.jpg","Chuối cau","Trái","Xanh"
"img000989.jpg","Chuối cau","Trái","Xanh"
"img000990.jpg","Chuối cau","Trái","Xanh"
"img000991.jpg","Chuối cau","Trái","Xanh"
"img000992.jpg","Chuối cau","Trái","Xanh"
"img000993.jpg","Chuối cau","Trái","Xanh"
"img000994.jpg","Chuối cau","Trái","Xanh"
"img000995.jpg","Chuối cau","Trái","Xanh"
"img000996.jpg","Chuối cau","Trái","Xanh"
"img000997.jpg","Chuối cau","Trái","Xanh"
"img000998.jpg","Chuối cau","Trái","Xanh"
"img000999.jpg","Chuối cau","Trái","Xanh"
"img001000.jpg","Chuối cau","Trái","Xanh"
"img001001.jpg","Chuối cau","Trái","Xanh"
"img001002.jpg","Chuối cau","Trái","Xanh"
"img001003.jpg","Chuối cau","Trái","Xanh"
"img001004.jpg","Chuối cau","Trái","Xanh"
"img001005.jpg","Chuối cau","Trái","Xanh"
"img001006.jpg","Chuối cau","Trái","Xanh"
"img001007.jpg","Chuối cau","Trái","Xanh"
"img001008.jpg","Chuối cau","Trái","Xanh"
"img001009.jpg","Chuối cau","Trái","Xanh"
"img001010.jpg","Chuối cau","Trái","Xanh"
"img001011.jpg","Chuối cau","Trái","Xanh"
"img001012.jpg","Chuối cau","Trái","Xanh"
"img001013.jpg","Chuối cau","Trái","Xanh"
"img001014.jpg","Chuối cau","Trái","Xanh"
"img001015.jpg","Chuối cau","Trái","Xanh"
"img001016.jpg","Chuối cau","Trái","Xanh"
"img001017.jpg","Chuối cau","Trái","Xanh"
"img001018.jpg","Chuối cau","Trái","Xanh"
"img001019.jpg","Chuối cau","Trái","Xanh"
"img001020.jpg","Chuối cau","Trái","Xanh"
"img001021.jpg","Chuối cau","Trái","Xanh"
"img001022.jpg","Chuối cau","Trái","Xanh"
"img001023.jpg","Chuối cau","Trái","Xanh"
"img001024.jpg","Chuối cau","Trái","Xanh"
"img001025.jpg","Chuối cau","Trái","Xanh"
"img001026.jpg","Chuối cau","Trái","Xanh"
"img001027.jpg","Chuối cau","Trái","Xanh"
"img001028.jpg","Chuối cau","Trái","Xanh"
"img001029.jpg","Chuối cau","Trái","Xanh"
"img001030.jpg","Chuối cau","Trái","Xanh"
"img001031.jpg","Chuối cau","Trái","Xanh"
"img001032.jpg","Chuối cau","Trái","Xanh"
"img001033.jpg","Chuối cau","Trái","Xanh"
"img001034.jpg","Chuối cau","Trái","Xanh"
"img001035.jpg","Chuối cau","Trái","Xanh"
"img001036.jpg","Chuối cau","Trái","Xanh"
"img001037.jpg","Chuối cau","Trái","Xanh"
"img001038.jpg","Chuối cau","Trái","Xanh"
"img001039.jpg","Chuối cau","Trái","Xanh"
"img001040.jpg","Chuối cau","Trái","Xanh"
"img001041.jpg","Chuối cau","Trái","Xanh"
"img001042.jpg","Chuối cau","Trái","Xanh"
"img001043.jpg","Chuối cau","Trái","Xanh"
"img001044.jpg","Chuối cau","Trái","Xanh"
"img001045.jpg","Chuối cau","Trái","Xanh"
"img001046.jpg","Chuối cau","Trái","Xanh"
"img001047.jpg","Chuối cau","Trái","Xanh"
"img001048.jpg","Chuối cau","Trái","Xanh"
"img001049.jpg","Chuối cau","Trái","Xanh"
"img001050.jpg","Chuối cau","Trái","Xanh"
"img001051.jpg","Chuối cau","Trái","Xanh"
"img001052.jpg","Chuối cau","Trái","Xanh"
"img001053.jpg","Chuối cau","Trái","Xanh"
"img001054.jpg","Chuối cau","Trái","Xanh"
"img001055.jpg","Chuối cau","Trái","Xanh"
"img001056.jpg","Chuối cau","Trái","Xanh"
"img001057.jpg","Chuối cau","Trái","Xanh"
"img001058.jpg","Chuối cau","Trái","Xanh"
"img001059.jpg","Chuối cau","Trái","Xanh"
"img001060.jpg","Chuối cau","Trái","Xanh"
"img001061.jpg","Chuối cau","Trái","Xanh"
"img001062.jpg","Chuối cau","Trái","Xanh"
"img001063.jpg","Chuối cau","Trái","Xanh"
"img001064.jpg","Chuối cau","Trái","Xanh"
"img001065.jpg","Chuối cau","Trái","Xanh"
"img001066.jpg","Chuối cau","Trái","Xanh"
"img001067.jpg","Chuối cau","Trái","Xanh"
"img001068.jpg","Chuối cau","Trái","Xanh"
"img001069.jpg","Chuối cau","Trái","Xanh"
"img001070.jpg","Chuối cau","Trái","Xanh"
"img001071.jpg","Chuối cau","Trái","Xanh"
"img001072.jpg","Chuối cau","Trái","Xanh"
"img001073.jpg","Chuối cau","Trái","Xanh"
"img001074.jpg","Chuối cau","Trái","Xanh"
"img001075.jpg","Chuối cau","Trái","Xanh"
"img001076.jpg","Chuối cau","Trái","Xanh"
"img001077.jpg","Chuối cau","Trái","Xanh"
"img001078.jpg","Chuối cau","Trái","Xanh"
"img001079.jpg","Chuối cau","Trái","Xanh"
"img001080.jpg","Chuối cau","Trái","Xanh"
"img001081.jpg","Chuối cau","Trái","Xanh"
"img001082.jpg","Chuối cau","Trái","Xanh"
"img001083.jpg","Chuối cau","Trái","Xanh"
"img001084.jpg","Chuối cau","Trái","Xanh"
"img001085.jpg","Chuối cau","Trái","Xanh"
"img001086.jpg","Chuối cau","Trái","Xanh"
"img001087.jpg","Chuối cau","Trái","Xanh"
"img001088.jpg","Chuối cau","Trái","Xanh"
"img001089.jpg","Chuối cau","Trái","Xanh"
"img001090.jpg","Chuối cau","Trái","Xanh"
"img001091.jpg","Chuối cau","Trái","Xanh"
"img001092.jpg","Chuối cau","Trái","Xanh"
"img001093.jpg","Chuối cau","Trái","Xanh"
"img001094.jpg","Chuối cau","Trái","Xanh"
"img001095.jpg","Chuối cau","Trái","Xanh"
"img001096.jpg","Chuối cau","Trái","Xanh"
"img001097.jpg","Chuối cau","Trái","Xanh"
"img001098.jpg","Chuối cau","Trái","Xanh"
"img001099.jpg","Chuối cau","Trái","Xanh"
"img001100.jpg","Chuối cau","Trái","Xanh"
"img001101.jpg","Chuối cau","Trái","Xanh"
"img001102.jpg","Chuối cau","Trái","Xanh"
"img001103.jpg","Chuối cau","Trái","Xanh"
"img001104.jpg","Chuối cau","Trái","Xanh"
"img001105.jpg","Chuối cau","Trái","Xanh"
"img001106.jpg","Chuối cau","Trái","Xanh"
"img001107.jpg","Chuối cau","Trái","Xanh"
"img001108.jpg","Chuối cau","Trái","Xanh"
"img001109.jpg","Chuối cau","Trái","Xanh"
"img001110.jpg","Chuối cau","Trái","Xanh"
"img001111.jpg","Chuối cau","Trái","Xanh"
"img001112.jpg","Chuối cau","Trái","Xanh"
"img001113.jpg","Chuối cau","Trái","Xanh"
"img001114.jpg","Chuối cau","Trái","Xanh"
"img001115.jpg","Chuối cau","Trái","Xanh"
"img001116.jpg","Chuối cau","Trái","Xanh"
"img001117.jpg","Chuối cau","Trái","Xanh"
"img001118.jpg","Chuối cau","Trái","Xanh"
"img001119.jpg","Chuối cau","Trái","Xanh"
"img001120.jpg","Chuối cau","Trái","Xanh"
"img001121.jpg","Chuối cau","Trái","Xanh"
"img001122.jpg","Chuối cau","Trái","Xanh"
"img001123.jpg","Chuối cau","Trái","Xanh"
"img001124.jpg","Chuối cau","Trái","Xanh"
"img001125.jpg","Chuối cau","Trái","Xanh"
"img001126.jpg","Chuối già","Buồng","Chín"
"img001127.jpg","Chuối già","Buồng","Chín"
"img001128.jpg","Chuối già","Buồng","Chín"
"img001129.jpg","Chuối già","Buồng","Chín"
"img001130.jpg","Chuối già","Buồng","Chín"
"img001131.jpg","Chuối già","Buồng","Chín"
"img001132.jpeg","Chuối già","Buồng","Chín"
"img001133.jpg","Chuối già","Buồng","Chín"
"img001134.jpg","Chuối già","Buồng","Chín"
"img001135.jpg","Chuối già","Buồng","Chín"
"img001136.jpg","Chuối già","Buồng","Chín"
"img001137.jpg","Chuối già","Buồng","Chín"
"img001138.jpg","Chuối già","Buồng","Chín"
"img001139.jpg","Chuối già","Buồng","Chín"
"img001140.jpg","Chuối già","Buồng","Chín"
"img001141.jpg","Chuối già","Buồng","Chín"
"img001142.jpg","Chuối già","Buồng","Chín"
"img001143.jpg","Chuối già","Buồng","Chín"
"img001144.jpg","Chuối già","Buồng","Chín"
"img001145.jpg","Chuối già","Buồng","Chín"
"img001146.jpg","Chuối già","Buồng","Chín"
"img001147.jpg","Chuối già","Buồng","Chín"
"img001148.jpg","Chuối già","Buồng","Xanh"
"img001149.jpg","Chuối già","Buồng","Xanh"
"img001150.jpg","Chuối già","Buồng","Xanh"
"img001151.jpg","Chuối già","Buồng","Xanh"
"img001152.jpg","Chuối già","Buồng","Xanh"
"img001153.jpg","Chuối già","Buồng","Xanh"
"img001154.jpg","Chuối già","Buồng","Xanh"
"img001155.jpg","Chuối già","Buồng","Xanh"
"img001156.jpg","Chuối già","Buồng","Xanh"
"img001157.jpg","Chuối già","Buồng","Xanh"
"img001158.jpg","Chuối già","Buồng","Xanh"
"img001159.jpg","Chuối già","Buồng","Xanh"
"img001160.jpg","Chuối già","Buồng","Xanh"
"img001161.jpg","Chuối già","Buồng","Xanh"
"img001162.jpg","Chuối già","Buồng","Xanh"
"img001163.jpg","Chuối già","Buồng","Xanh"
"img001164.jpg","Chuối già","Buồng","Xanh"
"img001165.jpg","Chuối già","Buồng","Xanh"
"img001166.jpg","Chuối già","Buồng","Xanh"
"img001167.jpg","Chuối già","Buồng","Xanh"
"img001168.jpg","Chuối già","Buồng","Xanh"
"img001169.jpg","Chuối già","Buồng","Xanh"
"img001170.jpg","Chuối già","Buồng","Xanh"
"img001171.jpg","Chuối già","Buồng","Xanh"
"img001172.jpg","Chuối già","Buồng","Xanh"
"img001173.jpg","Chuối già","Buồng","Xanh"
"img001174.jpg","Chuối già","Buồng","Xanh"
"img001175.jpg","Chuối già","Buồng","Xanh"
"img001176.jpg","Chuối già","Buồng","Xanh"
"img001177.jpg","Chuối già","Buồng","Xanh"
"img001178.jpg","Chuối già","Buồng","Xanh"
"img001179.jpg","Chuối già","Buồng","Xanh"
"img001180.jpg","Chuối già","Buồng","Xanh"
"img001181.jpg","Chuối già","Buồng","Xanh"
"img001182.jpg","Chuối già","Buồng","Xanh"
"img001183.jpg","Chuối già","Buồng","Xanh"
"img001184.jpg","Chuối già","Buồng","Xanh"
"img001185.jpg","Chuối già","Buồng","Xanh"
"img001186.jpg","Chuối già","Buồng","Xanh"
"img001187.jpg","Chuối già","Buồng","Xanh"
"img001188.jpg","Chuối già","Buồng","Xanh"
"img001189.jpg","Chuối già","Buồng","Xanh"
"img001190.jpg","Chuối già","Buồng","Xanh"
"img001191.jpg","Chuối già","Buồng","Xanh"
"img001192.jpg","Chuối già","Buồng","Xanh"
"img001193.jpg","Chuối già","Buồng","Xanh"
"img001194.jpg","Chuối già","Buồng","Xanh"
"img001195.jpg","Chuối già","Buồng","Xanh"
"img001196.jpg","Chuối già","Buồng","Xanh"
"img001197.jpg","Chuối già","Buồng","Xanh"
"img001198.jpg","Chuối già","Buồng","Xanh"
"img001199.jpg","Chuối già","Buồng","Xanh"
"img001200.jpg","Chuối già","Buồng","Xanh"
"img001201.jpg","Chuối già","Buồng","Xanh"
"img001202.jpg","Chuối già","Buồng","Xanh"
"img001203.jpg","Chuối già","Buồng","Xanh"
"img001204.jpg","Chuối già","Buồng","Xanh"
"img001205.jpg","Chuối già","Buồng","Xanh"
"img001206.jpg","Chuối già","Buồng","Xanh"
"img001207.jpg","Chuối già","Buồng","Xanh"
"img001208.jpg","Chuối già","Buồng","Xanh"
"img001209.jpg","Chuối già","Buồng","Xanh"
"img001210.jpg","Chuối già","Buồng","Xanh"
"img001211.jpg","Chuối già","Buồng","Xanh"
"img001212.jpg","Chuối già","Buồng","Xanh"
"img001213.jpg","Chuối già","Buồng","Xanh"
"img001214.jpg","Chuối già","Buồng","Xanh"
"img001215.jpg","Chuối già","Buồng","Xanh"
"img001216.jpg","Chuối già","Buồng","Xanh"
"img001217.jpg","Chuối già","Buồng","Xanh"
"img001218.jpg","Chuối già","Buồng","Xanh"
"img001219.jpg","Chuối già","Buồng","Xanh"
"img001220.jpg","Chuối già","Buồng","Xanh"
"img001221.jpg","Chuối già","Buồng","Xanh"
"img001222.jpg","Chuối già","Buồng","Xanh"
"img001223.jpg","Chuối già","Buồng","Xanh"
"img001224.jpg","Chuối già","Buồng","Xanh"
"img001225.jpg","Chuối già","Buồng","Xanh"
"img001226.jpg","Chuối già","Buồng","Xanh"
"img001227.jpg","Chuối già","Buồng","Xanh"
"img001228.jpg","Chuối già","Buồng","Xanh"
"img001229.jpg","Chuối già","Buồng","Xanh"
"img001230.jpg","Chuối già","Buồng","Xanh"
"img001231.jpg","Chuối già","Buồng","Xanh"
"img001232.jpg","Chuối già","Buồng","Xanh"
"img001233.jpg","Chuối già","Buồng","Xanh"
"img001234.jpg","Chuối già","Buồng","Xanh"
"img001235.jpg","Chuối già","Buồng","Xanh"
"img001236.jpg","Chuối già","Buồng","Xanh"
"img001237.jpg","Chuối già","Buồng","Xanh"
"img001238.jpg","Chuối già","Buồng","Xanh"
"img001239.jpg","Chuối già","Buồng","Xanh"
"img001240.jpg","Chuối già","Buồng","Xanh"
"img001241.jpg","Chuối già","Buồng","Xanh"
"img001242.jpg","Chuối già","Buồng","Xanh"
"img001243.jpg","Chuối già","Buồng","Xanh"
"img001244.jpg","Chuối già","Buồng","Xanh"
"img001245.jpg","Chuối già","Buồng","Xanh"
"img001246.jpg","Chuối già","Buồng","Xanh"
"img001247.jpg","Chuối già","Buồng","Xanh"
"img001248.jpg","Chuối già","Buồng","Xanh"
"img001249.jpg","Chuối già","Buồng","Xanh"
"img001250.jpg","Chuối già","Buồng","Xanh"
"img001251.jpg","Chuối già","Buồng","Xanh"
"img001252.jpg","Chuối già","Buồng","Xanh"
"img001253.jpg","Chuối già","Buồng","Xanh"
"img001254.jpg","Chuối già","Buồng","Xanh"
"img001255.jpg","Chuối già","Buồng","Xanh"
"img001256.jpg","Chuối già","Buồng","Xanh"
"img001257.jpg","Chuối già","Buồng","Xanh"
"img001258.jpg","Chuối già","Buồng","Xanh"
"img001259.jpg","Chuối già","Buồng","Xanh"
"img001260.jpg","Chuối già","Buồng","Xanh"
"img001261.jpg","Chuối già","Buồng","Xanh"
"img001262.jpg","Chuối già","Buồng","Xanh"
"img001263.jpg","Chuối già","Buồng","Xanh"
"img001264.jpg","Chuối già","Buồng","Xanh"
"img001265.jpg","Chuối già","Buồng","Xanh"
"img001266.jpg","Chuối già","Buồng","Xanh"
"img001267.jpg","Chuối già","Buồng","Xanh"
"img001268.jpg","Chuối già","Buồng","Xanh"
"img001269.jpg","Chuối già","Buồng","Xanh"
"img001270.jpg","Chuối già","Buồng","Xanh"
"img001271.jpg","Chuối già","Buồng","Xanh"
"img001272.jpg","Chuối già","Buồng","Xanh"
"img001273.jpg","Chuối già","Buồng","Xanh"
"img001274.jpg","Chuối già","Buồng","Xanh"
"img001275.jpg","Chuối già","Buồng","Xanh"
"img001276.jpg","Chuối già","Buồng","Xanh"
"img001277.jpg","Chuối già","Buồng","Xanh"
"img001278.jpg","Chuối già","Buồng","Xanh"
"img001279.jpg","Chuối già","Buồng","Xanh"
"img001280.jpg","Chuối già","Buồng","Xanh"
"img001281.jpg","Chuối già","Buồng","Xanh"
"img001282.jpg","Chuối già","Buồng","Xanh"
"img001283.jpg","Chuối già","Buồng","Xanh"
"img001284.jpg","Chuối già","Buồng","Xanh"
"img001285.jpg","Chuối già","Buồng","Xanh"
"img001286.jpg","Chuối già","Buồng","Xanh"
"img001287.jpg","Chuối già","Buồng","Xanh"
"img001288.jpg","Chuối già","Buồng","Xanh"
"img001289.jpg","Chuối già","Buồng","Xanh"
"img001290.jpg","Chuối già","Buồng","Xanh"
"img001291.jpg","Chuối già","Buồng","Xanh"
"img001292.jpg","Chuối già","Buồng","Xanh"
"img001293.jpg","Chuối già","Buồng","Xanh"
"img001294.jpg","Chuối già","Buồng","Xanh"
"img001295.jpg","Chuối già","Buồng","Xanh"
"img001296.jpg","Chuối già","Buồng","Xanh"
"img001297.jpg","Chuối già","Buồng","Xanh"
"img001298.jpg","Chuối già","Buồng","Xanh"
"img001299.jpg","Chuối già","Buồng","Xanh"
"img001300.jpg","Chuối già","Buồng","Xanh"
"img001301.jpg","Chuối già","Buồng","Xanh"
"img001302.jpg","Chuối già","Buồng","Xanh"
"img001303.jpg","Chuối già","Buồng","Xanh"
"img001304.jpg","Chuối già","Buồng","Xanh"
"img001305.jpg","Chuối già","Buồng","Xanh"
"img001306.jpg","Chuối già","Buồng","Xanh"
"img001307.jpg","Chuối già","Buồng","Xanh"
"img001308.jpg","Chuối già","Buồng","Xanh"
"img001309.jpg","Chuối già","Buồng","Xanh"
"img001310.jpg","Chuối già","Buồng","Xanh"
"img001311.jpg","Chuối già","Buồng","Xanh"
"img001312.jpg","Chuối già","Buồng","Xanh"
"img001313.jpg","Chuối già","Buồng","Xanh"
"img001314.jpg","Chuối già","Buồng","Xanh"
"img001315.jpg","Chuối già","Buồng","Xanh"
"img001316.jpg","Chuối già","Buồng","Xanh"
"img001317.jpg","Chuối già","Buồng","Xanh"
"img001318.jpg","Chuối già","Buồng","Xanh"
"img001319.jpg","Chuối già","Buồng","Xanh"
"img001320.jpg","Chuối già","Buồng","Xanh"
"img001321.jpg","Chuối già","Buồng","Xanh"
"img001322.jpg","Chuối già","Buồng","Xanh"
"img001323.jpg","Chuối già","Buồng","Xanh"
"img001324.jpg","Chuối già","Buồng","Xanh"
"img001325.jpg","Chuối già","Buồng","Xanh"
"img001326.jpg","Chuối già","Buồng","Xanh"
"img001327.jpg","Chuối già","Buồng","Xanh"
"img001328.jpg","Chuối già","Buồng","Xanh"
"img001329.jpg","Chuối già","Buồng","Xanh"
"img001330.jpg","Chuối già","Buồng","Xanh"
"img001331.jpg","Chuối già","Buồng","Xanh"
"img001332.jpg","Chuối già","Buồng","Xanh"
"img001333.jpg","Chuối già","Buồng","Xanh"
"img001334.jpg","Chuối già","Buồng","Xanh"
"img001335.jpg","Chuối già","Buồng","Xanh"
"img001336.jpg","Chuối già","Buồng","Xanh"
"img001337.jpg","Chuối già","Buồng","Xanh"
"img001338.jpg","Chuối già","Buồng","Xanh"
"img001339.jpg","Chuối già","Buồng","Xanh"
"img001340.jpg","Chuối già","Buồng","Xanh"
"img001341.jpg","Chuối già","Buồng","Xanh"
"img001342.jpg","Chuối già","Buồng","Xanh"
"img001343.jpg","Chuối già","Buồng","Xanh"
"img001344.jpg","Chuối già","Buồng","Xanh"
"img001345.jpg","Chuối già","Buồng","Xanh"
"img001346.jpg","Chuối già","Buồng","Xanh"
"img001347.jpg","Chuối già","Buồng","Xanh"
"img001348.jpg","Chuối già","Buồng","Xanh"
"img001349.jpg","Chuối già","Buồng","Xanh"
"img001350.jpg","Chuối già","Buồng","Xanh"
"img001351.jpg","Chuối già","Buồng","Xanh"
"img001352.jpg","Chuối già","Buồng","Xanh"
"img001353.jpg","Chuối già","Buồng","Xanh"
"img001354.jpg","Chuối già","Buồng","Xanh"
"img001355.jpg","Chuối già","Buồng","Xanh"
"img001356.jpg","Chuối già","Buồng","Xanh"
"img001357.jpg","Chuối già","Buồng","Xanh"
"img001358.jpg","Chuối già","Buồng","Xanh"
"img001359.jpg","Chuối già","Buồng","Xanh"
"img001360.jpg","Chuối già","Buồng","Xanh"
"img001361.jpg","Chuối già","Buồng","Xanh"
"img001362.jpg","Chuối già","Buồng","Xanh"
"img001363.jpg","Chuối già","Buồng","Xanh"
"img001364.jpg","Chuối già","Buồng","Xanh"
"img001365.jpg","Chuối già","Buồng","Xanh"
"img001366.jpg","Chuối già","Buồng","Xanh"
"img001367.jpg","Chuối già","Buồng","Xanh"
"img001368.jpg","Chuối già","Buồng","Xanh"
"img001369.jpg","Chuối già","Buồng","Xanh"
"img001370.jpg","Chuối già","Buồng","Xanh"
"img001371.jpg","Chuối già","Buồng","Xanh"
"img001372.jpg","Chuối già","Buồng","Xanh"
"img001373.jpg","Chuối già","Buồng","Xanh"
"img001374.jpg","Chuối già","Buồng","Xanh"
"img001375.jpg","Chuối già","Buồng","Xanh"
"img001376.jpg","Chuối già","Buồng","Xanh"
"img001377.jpg","Chuối già","Buồng","Xanh"
"img001378.jpg","Chuối già","Buồng","Xanh"
"img001379.jpg","Chuối già","Buồng","Xanh"
"img001380.jpg","Chuối già","Buồng","Xanh"
"img001381.jpg","Chuối già","Buồng","Xanh"
"img001382.jpg","Chuối già","Buồng","Xanh"
"img001383.jpg","Chuối già","Buồng","Xanh"
"img001384.jpg","Chuối già","Buồng","Xanh"
"img001385.jpg","Chuối già","Buồng","Xanh"
"img001386.jpg","Chuối già","Buồng","Xanh"
"img001387.jpg","Chuối già","Buồng","Xanh"
"img001388.jpg","Chuối già","Buồng","Xanh"
"img001389.jpg","Chuối già","Buồng","Xanh"
"img001390.jpg","Chuối già","Buồng","Xanh"
"img001391.jpg","Chuối già","Buồng","Xanh"
"img001392.jpg","Chuối già","Buồng","Xanh"
"img001393.jpg","Chuối già","Buồng","Xanh"
"img001394.jpg","Chuối già","Buồng","Xanh"
"img001395.jpg","Chuối già","Buồng","Xanh"
"img001396.jpg","Chuối già","Buồng","Xanh"
"img001397.jpg","Chuối già","Buồng","Xanh"
"img001398.jpg","Chuối già","Buồng","Xanh"
"img001399.jpg","Chuối già","Buồng","Xanh"
"img001400.jpg","Chuối già","Buồng","Xanh"
"img001401.jpg","Chuối già","Buồng","Xanh"
"img001402.jpg","Chuối già","Buồng","Xanh"
"img001403.jpg","Chuối già","Buồng","Xanh"
"img001404.jpg","Chuối già","Buồng","Xanh"
"img001405.jpg","Chuối già","Buồng","Xanh"
"img001406.jpg","Chuối già","Buồng","Xanh"
"img001407.jpg","Chuối già","Buồng","Xanh"
"img001408.jpg","Chuối già","Buồng","Xanh"
"img001409.jpg","Chuối già","Buồng","Xanh"
"img001410.jpg","Chuối già","Buồng","Xanh"
"img001411.jpg","Chuối già","Buồng","Xanh"
"img001412.jpg","Chuối già","Buồng","Xanh"
"img001413.jpg","Chuối già","Buồng","Xanh"
"img001414.jpg","Chuối già","Buồng","Xanh"
"img001415.jpg","Chuối già","Buồng","Xanh"
"img001416.jpg","Chuối già","Buồng","Xanh"
"img001417.jpg","Chuối già","Buồng","Xanh"
"img001418.jpg","Chuối già","Buồng","Xanh"
"img001419.jpg","Chuối già","Buồng","Xanh"
"img001420.jpg","Chuối già","Buồng","Xanh"
"img001421.jpg","Chuối già","Buồng","Xanh"
"img001422.jpg","Chuối già","Buồng","Xanh"
"img001423.jpg","Chuối già","Buồng","Xanh"
"img001424.jpg","Chuối già","Buồng","Xanh"
"img001425.jpg","Chuối già","Buồng","Xanh"
"img001426.jpg","Chuối già","Buồng","Xanh"
"img001427.png","Chuối già","Buồng","Xanh"
"img001428.png","Chuối già","Buồng","Xanh"
"img001429.png","Chuối già","Buồng","Xanh"
"img001430.png","Chuối già","Buồng","Xanh"
"img001431.png","Chuối già","Buồng","Xanh"
"img001432.png","Chuối già","Buồng","Xanh"
"img001433.png","Chuối già","Buồng","Xanh"
"img001434.png","Chuối già","Buồng","Xanh"
"img001435.png","Chuối già","Buồng","Xanh"
"img001436.png","Chuối già","Buồng","Xanh"
"img001437.jpg","Chuối già","Buồng","Xanh"
"img001438.jpg","Chuối già","Buồng","Xanh"
"img001439.jpg","Chuối già","Nải","Chín"
"img001440.jpg","Chuối già","Nải","Chín"
"img001441.jpg","Chuối già","Nải","Chín"
"img001442.jpg","Chuối già","Nải","Chín"
"img001443.jpg","Chuối già","Nải","Chín"
"img001444.jpg","Chuối già","Nải","Chín"
"img001445.jpg","Chuối già","Nải","Chín"
"img001446.jpg","Chuối già","Nải","Chín"
"img001447.jpg","Chuối già","Nải","Chín"
"img001448.jpg","Chuối già","Nải","Chín"
"img001449.jpg","Chuối già","Nải","Chín"
"img001450.jpg","Chuối già","Nải","Chín"
"img001451.jpg","Chuối già","Nải","Chín"
"img001452.jpg","Chuối già","Nải","Chín"
"img001453.jpg","Chuối già","Nải","Chín"
"img001454.jpg","Chuối già","Nải","Chín"
"img001455.jpg","Chuối già","Nải","Chín"
"img001456.jpg","Chuối già","Nải","Chín"
"img001457.jpg","Chuối già","Nải","Chín"
"img001458.jpg","Chuối già","Nải","Chín"
"img001459.jpg","Chuối già","Nải","Chín"
"img001460.jpg","Chuối già","Nải","Chín"
"img001461.jpg","Chuối già","Nải","Chín"
"img001462.jpg","Chuối già","Nải","Chín"
"img001463.jpg","Chuối già","Nải","Chín"
"img001464.jpg","Chuối già","Nải","Chín"
"img001465.jpg","Chuối già","Nải","Chín"
"img001466.jpg","Chuối già","Nải","Chín"
"img001467.jpg","Chuối già","Nải","Chín"
"img001468.jpg","Chuối già","Nải","Chín"
"img001469.jpg","Chuối già","Nải","Chín"
"img001470.jpg","Chuối già","Nải","Chín"
"img001471.jpg","Chuối già","Nải","Chín"
"img001472.jpg","Chuối già","Nải","Chín"
"img001473.jpg","Chuối già","Nải","Chín"
"img001474.jpg","Chuối già","Nải","Chín"
"img001475.jpg","Chuối già","Nải","Chín"
"img001476.jpg","Chuối già","Nải","Chín"
"img001477.jpg","Chuối già","Nải","Chín"
"img001478.jpg","Chuối già","Nải","Chín"
"img001479.jpg","Chuối già","Nải","Chín"
"img001480.jpg","Chuối già","Nải","Chín"
"img001481.jpg","Chuối già","Nải","Chín"
"img001482.jpg","Chuối già","Nải","Chín"
"img001483.jpg","Chuối già","Nải","Chín"
"img001484.jpg","Chuối già","Nải","Chín"
"img001485.jpg","Chuối già","Nải","Chín"
"img001486.jpg","Chuối già","Nải","Chín"
"img001487.jpg","Chuối già","Nải","Chín"
"img001488.jpg","Chuối già","Nải","Chín"
"img001489.jpg","Chuối già","Nải","Chín"
"img001490.jpg","Chuối già","Nải","Chín"
"img001491.jpg","Chuối già","Nải","Chín"
"img001492.jpg","Chuối già","Nải","Chín"
"img001493.jpg","Chuối già","Nải","Chín"
"img001494.jpg","Chuối già","Nải","Chín"
"img001495.jpg","Chuối già","Nải","Chín"
"img001496.jpg","Chuối già","Nải","Chín"
"img001497.jpg","Chuối già","Nải","Chín"
"img001498.jpg","Chuối già","Nải","Chín"
"img001499.jpg","Chuối già","Nải","Chín"
"img001500.jpg","Chuối già","Nải","Chín"
"img001501.jpg","Chuối già","Nải","Chín"
"img001502.jpg","Chuối già","Nải","Chín"
"img001503.jpg","Chuối già","Nải","Chín"
"img001504.jpg","Chuối già","Nải","Chín"
"img001505.jpg","Chuối già","Nải","Chín"
"img001506.jpg","Chuối già","Nải","Chín"
"img001507.jpg","Chuối già","Nải","Chín"
"img001508.jpg","Chuối già","Nải","Chín"
"img001509.jpg","Chuối già","Nải","Chín"
"img001510.jpg","Chuối già","Nải","Chín"
"img001511.jpg","Chuối già","Nải","Chín"
"img001512.jpg","Chuối già","Nải","Chín"
"img001513.jpg","Chuối già","Nải","Chín"
"img001514.jpg","Chuối già","Nải","Chín"
"img001515.jpg","Chuối già","Nải","Chín"
"img001516.jpg","Chuối già","Nải","Chín"
"img001517.jpg","Chuối già","Nải","Chín"
"img001518.jpg","Chuối già","Nải","Chín"
"img001519.jpg","Chuối già","Nải","Chín"
"img001520.jpg","Chuối già","Nải","Chín"
"img001521.jpg","Chuối già","Nải","Chín"
"img001522.jpg","Chuối già","Nải","Chín"
"img001523.jpg","Chuối già","Nải","Chín"
"img001524.jpg","Chuối già","Nải","Chín"
"img001525.jpg","Chuối già","Nải","Chín"
"img001526.jpg","Chuối già","Nải","Chín"
"img001527.jpg","Chuối già","Nải","Chín"
"img001528.jpg","Chuối già","Nải","Chín"
"img001529.jpg","Chuối già","Nải","Chín"
"img001530.jpg","Chuối già","Nải","Chín"
"img001531.jpg","Chuối già","Nải","Chín"
"img001532.jpg","Chuối già","Nải","Chín"
"img001533.jpg","Chuối già","Nải","Chín"
"img001534.jpg","Chuối già","Nải","Chín"
"img001535.jpg","Chuối già","Nải","Chín"
"img001536.jpg","Chuối già","Nải","Chín"
"img001537.jpg","Chuối già","Nải","Chín"
"img001538.jpg","Chuối già","Nải","Chín"
"img001539.jpg","Chuối già","Nải","Chín"
"img001540.jpg","Chuối già","Nải","Chín"
"img001541.jpg","Chuối già","Nải","Chín"
"img001542.jpg","Chuối già","Nải","Chín"
"img001543.jpg","Chuối già","Nải","Chín"
"img001544.jpg","Chuối già","Nải","Chín"
"img001545.jpg","Chuối già","Nải","Chín"
"img001546.jpg","Chuối già","Nải","Chín"
"img001547.jpg","Chuối già","Nải","Chín"
"img001548.jpg","Chuối già","Nải","Chín"
"img001549.jpg","Chuối già","Nải","Chín"
"img001550.jpg","Chuối già","Nải","Chín"
"img001551.jpg","Chuối già","Nải","Chín"
"img001552.jpg","Chuối già","Nải","Chín"
"img001553.jpg","Chuối già","Nải","Chín"
"img001554.jpg","Chuối già","Nải","Chín"
"img001555.jpg","Chuối già","Nải","Chín"
"img001556.jpg","Chuối già","Nải","Chín"
"img001557.jpg","Chuối già","Nải","Chín"
"img001558.jpg","Chuối già","Nải","Chín"
"img001559.jpg","Chuối già","Nải","Chín"
"img001560.jpg","Chuối già","Nải","Chín"
"img001561.jpg","Chuối già","Nải","Chín"
"img001562.jpg","Chuối già","Nải","Chín"
"img001563.jpg","Chuối già","Nải","Chín"
"img001564.jpg","Chuối già","Nải","Chín"
"img001565.jpg","Chuối già","Nải","Chín"
"img001566.jpg","Chuối già","Nải","Chín"
"img001567.jpg","Chuối già","Nải","Chín"
"img001568.png","Chuối già","Nải","Chín"
"img001569.png","Chuối già","Nải","Chín"
"img001570.png","Chuối già","Nải","Chín"
"img001571.jpg","Chuối già","Nải","Chín"
"img001572.jpg","Chuối già","Nải","Xanh"
"img001573.jpg","Chuối già","Nải","Xanh"
"img001574.jpg","Chuối già","Nải","Xanh"
"img001575.jpg","Chuối già","Nải","Xanh"
"img001576.jpg","Chuối già","Nải","Xanh"
"img001577.jpg","Chuối già","Nải","Xanh"
"img001578.jpg","Chuối già","Nải","Xanh"
"img001579.jpg","Chuối già","Nải","Xanh"
"img001580.jpg","Chuối già","Nải","Xanh"
"img001581.jpg","Chuối già","Nải","Xanh"
"img001582.jpg","Chuối già","Nải","Xanh"
"img001583.jpg","Chuối già","Nải","Xanh"
"img001584.jpg","Chuối già","Nải","Xanh"
"img001585.jpg","Chuối già","Nải","Xanh"
"img001586.jpg","Chuối già","Nải","Xanh"
"img001587.jpg","Chuối già","Nải","Xanh"
"img001588.jpg","Chuối già","Nải","Xanh"
"img001589.jpg","Chuối già","Nải","Xanh"
"img001590.jpg","Chuối già","Nải","Xanh"
"img001591.jpg","Chuối già","Nải","Xanh"
"img001592.jpg","Chuối già","Nải","Xanh"
"img001593.jpg","Chuối già","Nải","Xanh"
"img001594.jpg","Chuối già","Nải","Xanh"
"img001595.jpg","Chuối già","Nải","Xanh"
"img001596.jpg","Chuối già","Nải","Xanh"
"img001597.jpg","Chuối già","Nải","Xanh"
"img001598.jpg","Chuối già","Nải","Xanh"
"img001599.jpg","Chuối già","Nải","Xanh"
"img001600.jpg","Chuối già","Nải","Xanh"
"img001601.jpg","Chuối già","Nải","Xanh"
"img001602.jpg","Chuối già","Nải","Xanh"
"img001603.jpg","Chuối già","Nải","Xanh"
"img001604.jpg","Chuối già","Nải","Xanh"
"img001605.jpg","Chuối già","Nải","Xanh"
"img001606.jpg","Chuối già","Nải","Xanh"
"img001607.jpg","Chuối già","Nải","Xanh"
"img001608.jpg","Chuối già","Nải","Xanh"
"img001609.jpg","Chuối già","Nải","Xanh"
"img001610.jpg","Chuối già","Nải","Xanh"
"img001611.jpg","Chuối già","Nải","Xanh"
"img001612.jpg","Chuối già","Nải","Xanh"
"img001613.jpg","Chuối già","Nải","Xanh"
"img001614.jpg","Chuối già","Nải","Xanh"
"img001615.jpg","Chuối già","Nải","Xanh"
"img001616.jpg","Chuối già","Nải","Xanh"
"img001617.jpg","Chuối già","Nải","Xanh"
"img001618.jpg","Chuối già","Nải","Xanh"
"img001619.jpg","Chuối già","Nải","Xanh"
"img001620.jpg","Chuối già","Nải","Xanh"
"img001621.jpg","Chuối già","Nải","Xanh"
"img001622.jpg","Chuối già","Nải","Xanh"
"img001623.jpg","Chuối già","Nải","Xanh"
"img001624.jpg","Chuối già","Nải","Xanh"
"img001625.jpg","Chuối già","Nải","Xanh"
"img001626.jpg","Chuối già","Nải","Xanh"
"img001627.jpg","Chuối già","Nải","Xanh"
"img001628.jpg","Chuối già","Nải","Xanh"
"img001629.jpg","Chuối già","Nải","Xanh"
"img001630.jpg","Chuối già","Nải","Xanh"
"img001631.jpg","Chuối già","Nải","Xanh"
"img001632.jpg","Chuối già","Nải","Xanh"
"img001633.jpg","Chuối già","Nải","Xanh"
"img001634.jpg","Chuối già","Nải","Xanh"
"img001635.jpg","Chuối già","Nải","Xanh"
"img001636.jpg","Chuối già","Nải","Xanh"
"img001637.jpg","Chuối già","Nải","Xanh"
"img001638.jpg","Chuối già","Nải","Xanh"
"img001639.jpg","Chuối già","Nải","Xanh"
"img001640.jpg","Chuối già","Nải","Xanh"
"img001641.jpg","Chuối già","Nải","Xanh"
"img001642.jpg","Chuối già","Nải","Xanh"
"img001643.jpg","Chuối già","Nải","Xanh"
"img001644.jpg","Chuối già","Nải","Xanh"
"img001645.jpg","Chuối già","Nải","Xanh"
"img001646.jpg","Chuối già","Nải","Xanh"
"img001647.jpg","Chuối già","Nải","Xanh"
"img001648.jpg","Chuối già","Nải","Xanh"
"img001649.jpg","Chuối già","Nải","Xanh"
"img001650.jpg","Chuối già","Nải","Xanh"
"img001651.jpg","Chuối già","Nải","Xanh"
"img001652.jpg","Chuối già","Nải","Xanh"
"img001653.jpg","Chuối già","Nải","Xanh"
"img001654.jpg","Chuối già","Nải","Xanh"
"img001655.jpg","Chuối già","Nải","Xanh"
"img001656.jpg","Chuối già","Nải","Xanh"
"img001657.jpg","Chuối già","Nải","Xanh"
"img001658.jpg","Chuối già","Nải","Xanh"
"img001659.jpg","Chuối già","Nải","Xanh"
"img001660.jpg","Chuối già","Nải","Xanh"
"img001661.jpg","Chuối già","Nải","Xanh"
"img001662.jpg","Chuối già","Nải","Xanh"
"img001663.jpg","Chuối già","Nải","Xanh"
"img001664.jpg","Chuối già","Nải","Xanh"
"img001665.jpg","Chuối già","Nải","Xanh"
"img001666.jpg","Chuối già","Nải","Xanh"
"img001667.jpg","Chuối già","Nải","Xanh"
"img001668.jpg","Chuối già","Nải","Xanh"
"img001669.jpg","Chuối già","Trái","Chín"
"img001670.jpg","Chuối già","Trái","Chín"
"img001671.jpg","Chuối già","Trái","Chín"
"img001672.jpg","Chuối già","Trái","Chín"
"img001673.jpg","Chuối già","Trái","Chín"
"img001674.jpg","Chuối già","Trái","Chín"
"img001675.jpg","Chuối già","Trái","Chín"
"img001676.jpg","Chuối già","Trái","Chín"
"img001677.jpg","Chuối già","Trái","Chín"
"img001678.jpg","Chuối già","Trái","Chín"
"img001679.jpg","Chuối già","Trái","Chín"
"img001680.jpg","Chuối già","Trái","Chín"
"img001681.jpg","Chuối già","Trái","Chín"
"img001682.jpg","Chuối già","Trái","Chín"
"img001683.jpg","Chuối già","Trái","Chín"
"img001684.jpg","Chuối già","Trái","Chín"
"img001685.jpg","Chuối già","Trái","Chín"
"img001686.jpg","Chuối già","Trái","Chín"
"img001687.jpg","Chuối già","Trái","Chín"
"img001688.jpg","Chuối già","Trái","Chín"
"img001689.jpg","Chuối già","Trái","Chín"
"img001690.jpg","Chuối già","Trái","Chín"
"img001691.jpg","Chuối già","Trái","Chín"
"img001692.jpg","Chuối già","Trái","Chín"
"img001693.jpg","Chuối già","Trái","Chín"
"img001694.jpg","Chuối già","Trái","Chín"
"img001695.jpg","Chuối già","Trái","Chín"
"img001696.jpg","Chuối già","Trái","Chín"
"img001697.jpg","Chuối già","Trái","Chín"
"img001698.jpg","Chuối già","Trái","Chín"
"img001699.jpg","Chuối già","Trái","Chín"
"img001700.jpg","Chuối già","Trái","Chín"
"img001701.jpg","Chuối già","Trái","Chín"
"img001702.jpg","Chuối già","Trái","Chín"
"img001703.jpg","Chuối già","Trái","Chín"
"img001704.jpg","Chuối già","Trái","Chín"
"img001705.jpg","Chuối già","Trái","Chín"
"img001706.jpg","Chuối già","Trái","Chín"
"img001707.jpg","Chuối già","Trái","Chín"
"img001708.jpg","Chuối già","Trái","Chín"
"img001709.jpg","Chuối già","Trái","Chín"
"img001710.jpg","Chuối già","Trái","Chín"
"img001711.jpg","Chuối già","Trái","Chín"
"img001712.jpg","Chuối già","Trái","Chín"
"img001713.jpg","Chuối già","Trái","Chín"
"img001714.jpg","Chuối già","Trái","Chín"
"img001715.jpg","Chuối già","Trái","Chín"
"img001716.jpg","Chuối già","Trái","Chín"
"img001717.jpg","Chuối già","Trái","Chín"
"img001718.jpg","Chuối già","Trái","Chín"
"img001719.jpg","Chuối già","Trái","Chín"
"img001720.jpg","Chuối già","Trái","Chín"
"img001721.jpg","Chuối già","Trái","Chín"
"img001722.jpg","Chuối già","Trái","Chín"
"img001723.jpg","Chuối già","Trái","Chín"
"img001724.jpg","Chuối già","Trái","Chín"
"img001725.jpg","Chuối già","Trái","Chín"
"img001726.jpg","Chuối già","Trái","Chín"
"img001727.jpg","Chuối già","Trái","Chín"
"img001728.jpg","Chuối già","Trái","Chín"
"img001729.jpg","Chuối già","Trái","Chín"
"img001730.jpg","Chuối già","Trái","Chín"
"img001731.jpg","Chuối già","Trái","Chín"
"img001732.jpg","Chuối già","Trái","Chín"
"img001733.jpg","Chuối già","Trái","Chín"
"img001734.jpg","Chuối già","Trái","Chín"
"img001735.jpg","Chuối già","Trái","Chín"
"img001736.jpg","Chuối già","Trái","Chín"
"img001737.jpg","Chuối già","Trái","Chín"
"img001738.jpg","Chuối già","Trái","Chín"
"img001739.jpg","Chuối già","Trái","Chín"
"img001740.jpg","Chuối già","Trái","Chín"
"img001741.jpg","Chuối già","Trái","Chín"
"img001742.jpg","Chuối già","Trái","Chín"
"img001743.jpg","Chuối già","Trái","Chín"
"img001744.jpg","Chuối già","Trái","Chín"
"img001745.jpg","Chuối già","Trái","Chín"
"img001746.jpg","Chuối già","Trái","Chín"
"img001747.jpg","Chuối già","Trái","Chín"
"img001748.jpg","Chuối già","Trái","Chín"
"img001749.jpg","Chuối già","Trái","Chín"
"img001750.jpg","Chuối già","Trái","Chín"
"img001751.jpg","Chuối già","Trái","Chín"
"img001752.jpg","Chuối già","Trái","Chín"
"img001753.jpg","Chuối già","Trái","Chín"
"img001754.jpg","Chuối già","Trái","Chín"
"img001755.jpg","Chuối già","Trái","Chín"
"img001756.jpg","Chuối già","Trái","Chín"
"img001757.jpg","Chuối già","Trái","Chín"
"img001758.jpg","Chuối già","Trái","Chín"
"img001759.jpg","Chuối già","Trái","Chín"
"img001760.jpg","Chuối già","Trái","Chín"
"img001761.jpg","Chuối già","Trái","Chín"
"img001762.jpg","Chuối già","Trái","Chín"
"img001763.jpg","Chuối già","Trái","Chín"
"img001764.jpg","Chuối già","Trái","Chín"
"img001765.jpg","Chuối già","Trái","Chín"
"img001766.jpg","Chuối già","Trái","Chín"
"img001767.jpg","Chuối già","Trái","Chín"
"img001768.jpg","Chuối già","Trái","Chín"
"img001769.jpg","Chuối già","Trái","Chín"
"img001770.jpg","Chuối già","Trái","Chín"
"img001771.jpg","Chuối già","Trái","Chín"
"img001772.jpg","Chuối già","Trái","Chín"
"img001773.jpg","Chuối già","Trái","Chín"
"img001774.jpg","Chuối già","Trái","Chín"
"img001775.jpg","Chuối già","Trái","Chín"
"img001776.jpg","Chuối già","Trái","Chín"
"img001777.jpg","Chuối già","Trái","Chín"
"img001778.jpg","Chuối già","Trái","Chín"
"img001779.jpg","Chuối già","Trái","Chín"
"img001780.jpg","Chuối già","Trái","Chín"
"img001781.jpg","Chuối già","Trái","Chín"
"img001782.jpg","Chuối già","Trái","Chín"
"img001783.jpg","Chuối già","Trái","Chín"
"img001784.jpg","Chuối già","Trái","Chín"
"img001785.jpg","Chuối già","Trái","Chín"
"img001786.jpg","Chuối già","Trái","Chín"
"img001787.jpg","Chuối già","Trái","Chín"
"img001788.jpg","Chuối già","Trái","Chín"
"img001789.jpg","Chuối già","Trái","Chín"
"img001790.jpg","Chuối già","Trái","Chín"
"img001791.jpg","Chuối già","Trái","Chín"
"img001792.jpg","Chuối già","Trái","Chín"
"img001793.jpg","Chuối già","Trái","Chín"
"img001794.jpg","Chuối già","Trái","Chín"
"img001795.jpg","Chuối già","Trái","Chín"
"img001796.jpg","Chuối già","Trái","Chín"
"img001797.jpg","Chuối già","Trái","Chín"
"img001798.jpg","Chuối già","Trái","Chín"
"img001799.jpg","Chuối già","Trái","Chín"
"img001800.jpg","Chuối già","Trái","Chín"
"img001801.jpg","Chuối già","Trái","Chín"
"img001802.jpg","Chuối già","Trái","Chín"
"img001803.jpg","Chuối già","Trái","Chín"
"img001804.jpg","Chuối già","Trái","Chín"
"img001805.jpg","Chuối già","Trái","Chín"
"img001806.jpg","Chuối già","Trái","Chín"
"img001807.jpg","Chuối già","Trái","Chín"
"img001808.jpg","Chuối già","Trái","Chín"
"img001809.jpg","Chuối già","Trái","Chín"
"img001810.jpg","Chuối già","Trái","Chín"
"img001811.jpg","Chuối già","Trái","Chín"
"img001812.jpg","Chuối già","Trái","Chín"
"img001813.jpg","Chuối già","Trái","Chín"
"img001814.jpg","Chuối già","Trái","Chín"
"img001815.jpg","Chuối già","Trái","Chín"
"img001816.jpg","Chuối già","Trái","Chín"
"img001817.jpg","Chuối già","Trái","Chín"
"img001818.jpg","Chuối già","Trái","Chín"
"img001819.jpg","Chuối già","Trái","Chín"
"img001820.jpg","Chuối già","Trái","Chín"
"img001821.jpg","Chuối già","Trái","Chín"
"img001822.jpg","Chuối già","Trái","Chín"
"img001823.jpg","Chuối già","Trái","Chín"
"img001824.jpg","Chuối già","Trái","Chín"
"img001825.jpg","Chuối già","Trái","Chín"
"img001826.jpg","Chuối già","Trái","Chín"
"img001827.jpg","Chuối già","Trái","Chín"
"img001828.jpg","Chuối già","Trái","Chín"
"img001829.jpg","Chuối già","Trái","Chín"
"img001830.jpg","Chuối già","Trái","Chín"
"img001831.jpg","Chuối già","Trái","Chín"
"img001832.jpg","Chuối già","Trái","Chín"
"img001833.jpg","Chuối già","Trái","Chín"
"img001834.jpg","Chuối già","Trái","Chín"
"img001835.jpg","Chuối già","Trái","Chín"
"img001836.jpg","Chuối già","Trái","Chín"
"img001837.jpg","Chuối già","Trái","Chín"
"img001838.jpg","Chuối già","Trái","Chín"
"img001839.jpg","Chuối già","Trái","Chín"
"img001840.jpg","Chuối già","Trái","Chín"
"img001841.jpg","Chuối già","Trái","Chín"
"img001842.jpg","Chuối già","Trái","Chín"
"img001843.jpg","Chuối già","Trái","Chín"
"img001844.jpg","Chuối già","Trái","Chín"
"img001845.jpg","Chuối già","Trái","Chín"
"img001846.jpg","Chuối già","Trái","Chín"
"img001847.jpg","Chuối già","Trái","Chín"
"img001848.png","Chuối già","Trái","Chín"
"img001849.jpg","Chuối già","Trái","Chín"
"img001850.jpg","Chuối già","Trái","Chín"
"img001851.jpg","Chuối già","Trái","Chín"
"img001852.jpg","Chuối già","Trái","Chín"
"img001853.jpg","Chuối già","Trái","Chín"
"img001854.jpg","Chuối già","Trái","Chín"
"img001855.jpg","Chuối già","Trái","Chín"
"img001856.jpg","Chuối già","Trái","Chín"
"img001857.jpg","Chuối già","Trái","Chín"
"img001858.jpg","Chuối già","Trái","Chín"
"img001859.jpg","Chuối già","Trái","Chín"
"img001860.jpg","Chuối già","Trái","Chín"
"img001861.jpg","Chuối già","Trái","Chín"
"img001862.jpg","Chuối già","Trái","Chín"
"img001863.jpg","Chuối già","Trái","Chín"
"img001864.jpg","Chuối già","Trái","Chín"
"img001865.jpg","Chuối già","Trái","Chín"
"img001866.jpg","Chuối già","Trái","Chín"
"img001867.jpg","Chuối già","Trái","Chín"
"img001868.jpg","Chuối già","Trái","Chín"
"img001869.jpg","Chuối già","Trái","Chín"
"img001870.jpg","Chuối già","Trái","Chín"
"img001871.jpg","Chuối già","Trái","Chín"
"img001872.jpg","Chuối già","Trái","Chín"
"img001873.jpg","Chuối già","Trái","Chín"
"img001874.jpg","Chuối già","Trái","Chín"
"img001875.jpg","Chuối già","Trái","Chín"
"img001876.jpg","Chuối già","Trái","Chín"
"img001877.jpg","Chuối già","Trái","Chín"
"img001878.jpg","Chuối già","Trái","Chín"
"img001879.jpg","Chuối già","Trái","Chín"
"img001880.jpg","Chuối già","Trái","Chín"
"img001881.jpg","Chuối già","Trái","Chín"
"img001882.jpg","Chuối già","Trái","Chín"
"img001883.jpg","Chuối già","Trái","Chín"
"img001884.jpg","Chuối già","Trái","Chín"
"img001885.jpg","Chuối già","Trái","Chín"
"img001886.jpg","Chuối già","Trái","Chín"
"img001887.jpg","Chuối già","Trái","Chín"
"img001888.jpg","Chuối già","Trái","Chín"
"img001889.jpg","Chuối già","Trái","Chín"
"img001890.jpg","Chuối già","Trái","Chín"
"img001891.jpg","Chuối già","Trái","Chín"
"img001892.jpg","Chuối già","Trái","Chín"
"img001893.jpg","Chuối già","Trái","Chín"
"img001894.jpg","Chuối già","Trái","Chín"
"img001895.jpg","Chuối già","Trái","Chín"
"img001896.jpg","Chuối già","Trái","Chín"
"img001897.jpg","Chuối già","Trái","Chín"
"img001898.jpg","Chuối già","Trái","Chín"
"img001899.jpg","Chuối già","Trái","Chín"
"img001900.jpg","Chuối già","Trái","Chín"
"img001901.jpg","Chuối già","Trái","Chín"
"img001902.jpg","Chuối già","Trái","Chín"
"img001903.jpg","Chuối già","Trái","Chín"
"img001904.jpg","Chuối già","Trái","Chín"
"img001905.jpg","Chuối già","Trái","Chín"
"img001906.jpg","Chuối già","Trái","Chín"
"img001907.jpg","Chuối già","Trái","Chín"
"img001908.jpg","Chuối già","Trái","Chín"
"img001909.jpg","Chuối già","Trái","Chín"
"img001910.jpg","Chuối già","Trái","Chín"
"img001911.jpg","Chuối già","Trái","Chín"
"img001912.jpg","Chuối già","Trái","Chín"
"img001913.jpg","Chuối già","Trái","Chín"
"img001914.jpg","Chuối già","Trái","Chín"
"img001915.jpg","Chuối già","Trái","Chín"
"img001916.jpg","Chuối già","Trái","Chín"
"img001917.jpg","Chuối già","Trái","Chín"
"img001918.jpg","Chuối già","Trái","Chín"
"img001919.jpg","Chuối già","Trái","Chín"
"img001920.jpg","Chuối già","Trái","Chín"
"img001921.jpg","Chuối già","Trái","Chín"
"img001922.jpg","Chuối già","Trái","Chín"
"img001923.jpg","Chuối già","Trái","Chín"
"img001924.jpg","Chuối già","Trái","Chín"
"img001925.jpg","Chuối già","Trái","Chín"
"img001926.jpg","Chuối già","Trái","Chín"
"img001927.jpg","Chuối già","Trái","Chín"
"img001928.jpg","Chuối già","Trái","Chín"
"img001929.jpg","Chuối già","Trái","Chín"
"img001930.jpg","Chuối già","Trái","Chín"
"img001931.jpg","Chuối già","Trái","Chín"
"img001932.jpg","Chuối già","Trái","Chín"
"img001933.jpg","Chuối già","Trái","Chín"
"img001934.jpg","Chuối già","Trái","Chín"
"img001935.jpg","Chuối già","Trái","Chín"
"img001936.jpg","Chuối già","Trái","Chín"
"img001937.jpg","Chuối già","Trái","Chín"
"img001938.jpg","Chuối già","Trái","Chín"
"img001939.jpg","Chuối già","Trái","Chín"
"img001940.jpg","Chuối già","Trái","Chín"
"img001941.jpg","Chuối già","Trái","Chín"
"img001942.jpg","Chuối già","Trái","Chín"
"img001943.jpg","Chuối già","Trái","Chín"
"img001944.jpg","Chuối già","Trái","Chín"
"img001945.jpg","Chuối già","Trái","Chín"
"img001946.jpg","Chuối già","Trái","Chín"
"img001947.jpg","Chuối già","Trái","Chín"
"img001948.jpg","Chuối già","Trái","Chín"
"img001949.jpg","Chuối già","Trái","Chín"
"img001950.jpg","Chuối già","Trái","Chín"
"img001951.jpg","Chuối già","Trái","Chín"
"img001952.jpg","Chuối già","Trái","Chín"
"img001953.jpg","Chuối già","Trái","Chín"
"img001954.jpg","Chuối già","Trái","Chín"
"img001955.jpg","Chuối già","Trái","Chín"
"img001956.jpg","Chuối già","Trái","Chín"
"img001957.jpg","Chuối già","Trái","Chín"
"img001958.jpg","Chuối già","Trái","Chín"
"img001959.jpg","Chuối già","Trái","Chín"
"img001960.jpg","Chuối già","Trái","Chín"
"img001961.jpg","Chuối già","Trái","Chín"
"img001962.jpg","Chuối già","Trái","Chín"
"img001963.jpg","Chuối già","Trái","Chín"
"img001964.jpg","Chuối già","Trái","Chín"
"img001965.jpg","Chuối già","Trái","Chín"
"img001966.jpg","Chuối già","Trái","Chín"
"img001967.jpg","Chuối già","Trái","Chín"
"img001968.jpg","Chuối già","Trái","Chín"
"img001969.jpg","Chuối già","Trái","Chín"
"img001970.jpg","Chuối già","Trái","Chín"
"img001971.jpg","Chuối già","Trái","Chín"
"img001972.jpg","Chuối già","Trái","Chín"
"img001973.jpg","Chuối già","Trái","Chín"
"img001974.jpg","Chuối già","Trái","Chín"
"img001975.jpg","Chuối già","Trái","Chín"
"img001976.jpg","Chuối già","Trái","Chín"
"img001977.jpg","Chuối già","Trái","Chín"
"img001978.jpg","Chuối già","Trái","Chín"
"img001979.jpg","Chuối già","Trái","Chín"
"img001980.jpg","Chuối già","Trái","Chín"
"img001981.jpg","Chuối già","Trái","Chín"
"img001982.jpg","Chuối già","Trái","Chín"
"img001983.jpg","Chuối già","Trái","Chín"
"img001984.jpg","Chuối già","Trái","Chín"
"img001985.jpg","Chuối già","Trái","Chín"
"img001986.jpg","Chuối già","Trái","Chín"
"img001987.jpg","Chuối già","Trái","Chín"
"img001988.jpg","Chuối già","Trái","Chín"
"img001989.jpg","Chuối già","Trái","Chín"
"img001990.jpg","Chuối già","Trái","Chín"
"img001991.jpg","Chuối già","Trái","Chín"
"img001992.jpg","Chuối già","Trái","Chín"
"img001993.jpg","Chuối già","Trái","Chín"
"img001994.jpg","Chuối già","Trái","Chín"
"img001995.jpg","Chuối già","Trái","Chín"
"img001996.jpg","Chuối già","Trái","Chín"
"img001997.jpg","Chuối già","Trái","Chín"
"img001998.jpg","Chuối già","Trái","Chín"
"img001999.jpg","Chuối già","Trái","Chín"
"img002000.jpg","Chuối già","Trái","Chín"
"img002001.jpg","Chuối già","Trái","Chín"
"img002002.jpg","Chuối già","Trái","Chín"
"img002003.jpg","Chuối già","Trái","Chín"
"img002004.jpg","Chuối già","Trái","Chín"
"img002005.jpg","Chuối già","Trái","Chín"
"img002006.jpg","Chuối già","Trái","Chín"
"img002007.jpg","Chuối già","Trái","Chín"
"img002008.jpg","Chuối già","Trái","Chín"
"img002009.jpg","Chuối già","Trái","Chín"
"img002010.jpg","Chuối già","Trái","Chín"
"img002011.jpg","Chuối già","Trái","Chín"
"img002012.jpg","Chuối già","Trái","Chín"
"img002013.jpg","Chuối già","Trái","Chín"
"img002014.jpg","Chuối già","Trái","Chín"
"img002015.jpg","Chuối già","Trái","Chín"
"img002016.jpg","Chuối già","Trái","Xanh"
"img002017.jpg","Chuối già","Trái","Xanh"
"img002018.jpg","Chuối già","Trái","Xanh"
"img002019.jpg","Chuối già","Trái","Xanh"
"img002020.jpg","Chuối già","Trái","Xanh"
"img002021.jpg","Chuối già","Trái","Xanh"
"img002022.jpg","Chuối già","Trái","Xanh"
"img002023.jpg","Chuối già","Trái","Xanh"
"img002024.jpg","Chuối già","Trái","Xanh"
"img002025.jpg","Chuối già","Trái","Xanh"
"img002026.jpg","Chuối già","Trái","Xanh"
"img002027.jpg","Chuối già","Trái","Xanh"
"img002028.jpg","Chuối già","Trái","Xanh"
"img002029.jpg","Chuối già","Trái","Xanh"
"img002030.jpg","Chuối già","Trái","Xanh"
"img002031.jpg","Chuối già","Trái","Xanh"
"img002032.jpg","Chuối già","Trái","Xanh"
"img002033.jpg","Chuối già","Trái","Xanh"
"img002034.jpg","Chuối già","Trái","Xanh"
"img002035.jpg","Chuối già","Trái","Xanh"
"img002036.jpg","Chuối già","Trái","Xanh"
"img002037.jpg","Chuối già","Trái","Xanh"
"img002038.jpg","Chuối già","Trái","Xanh"
"img002039.jpg","Chuối già","Trái","Xanh"
"img002040.jpg","Chuối già","Trái","Xanh"
"img002041.jpg","Chuối già","Trái","Xanh"
"img002042.jpg","Chuối già","Trái","Xanh"
"img002043.jpg","Chuối già","Trái","Xanh"
"img002044.jpg","Chuối già","Trái","Xanh"
"img002045.jpg","Chuối già","Trái","Xanh"
"img002046.jpg","Chuối già","Trái","Xanh"
"img002047.jpg","Chuối già","Trái","Xanh"
"img002048.jpg","Chuối già","Trái","Xanh"
"img002049.jpg","Chuối già","Trái","Xanh"
"img002050.jpg","Chuối già","Trái","Xanh"
"img002051.jpg","Chuối già","Trái","Xanh"
"img002052.jpg","Chuối già","Trái","Xanh"
"img002053.jpg","Chuối già","Trái","Xanh"
"img002054.jpg","Chuối già","Trái","Xanh"
"img002055.jpg","Chuối già","Trái","Xanh"
"img002056.jpg","Chuối già","Trái","Xanh"
"img002057.jpg","Chuối già","Trái","Xanh"
"img002058.jpg","Chuối già","Trái","Xanh"
"img002059.jpg","Chuối già","Trái","Xanh"
"img002060.jpg","Chuối già","Trái","Xanh"
"img002061.jpg","Chuối già","Trái","Xanh"
"img002062.jpg","Chuối già","Trái","Xanh"
"img002063.jpg","Chuối già","Trái","Xanh"
"img002064.jpg","Chuối già","Trái","Xanh"
"img002065.jpg","Chuối già","Trái","Xanh"
"img002066.jpg","Chuối già","Trái","Xanh"
"img002067.jpg","Chuối già","Trái","Xanh"
"img002068.jpg","Chuối già","Trái","Xanh"
"img002069.jpg","Chuối già","Trái","Xanh"
"img002070.jpg","Chuối già","Trái","Xanh"
"img002071.jpg","Chuối già","Trái","Xanh"
"img002072.jpg","Chuối già","Trái","Xanh"
"img002073.jpg","Chuối già","Trái","Xanh"
"img002074.jpg","Chuối già","Trái","Xanh"
"img002075.jpg","Chuối già","Trái","Xanh"
"img002076.jpg","Chuối già","Trái","Xanh"
"img002077.jpg","Chuối già","Trái","Xanh"
"img002078.jpg","Chuối già","Trái","Xanh"
"img002079.jpg","Chuối già","Trái","Xanh"
"img002080.jpg","Chuối già","Trái","Xanh"
"img002081.jpg","Chuối già","Trái","Xanh"
"img002082.jpg","Chuối già","Trái","Xanh"
"img002083.jpg","Chuối già","Trái","Xanh"
"img002084.jpg","Chuối già","Trái","Xanh"
"img002085.jpg","Chuối già","Trái","Xanh"
"img002086.jpg","Chuối già","Trái","Xanh"
"img002087.jpg","Chuối già","Trái","Xanh"
"img002088.jpg","Chuối già","Trái","Xanh"
"img002089.jpg","Chuối già","Trái","Xanh"
"img002090.jpg","Chuối già","Trái","Xanh"
"img002091.jpg","Chuối già","Trái","Xanh"
"img002092.jpg","Chuối già","Trái","Xanh"
"img002093.jpg","Chuối già","Trái","Xanh"
"img002094.jpg","Chuối già","Trái","Xanh"
"img002095.jpg","Chuối già","Trái","Xanh"
"img002096.jpg","Chuối già","Trái","Xanh"
"img002097.jpg","Chuối già","Trái","Xanh"
"img002098.jpg","Chuối già","Trái","Xanh"
"img002099.jpg","Chuối già","Trái","Xanh"
"img002100.jpg","Chuối già","Trái","Xanh"
"img002101.jpg","Chuối già","Trái","Xanh"
"img002102.jpg","Chuối già","Trái","Xanh"
"img002103.jpg","Chuối già","Trái","Xanh"
"img002104.jpg","Chuối già","Trái","Xanh"
"img002105.jpg","Chuối già","Trái","Xanh"
"img002106.jpg","Chuối già","Trái","Xanh"
"img002107.jpg","Chuối già","Trái","Xanh"
"img002108.jpg","Chuối già","Trái","Xanh"
"img002109.jpg","Chuối già","Trái","Xanh"
"img002110.jpg","Chuối già","Trái","Xanh"
"img002111.jpg","Chuối già","Trái","Xanh"
"img002112.jpg","Chuối già","Trái","Xanh"
"img002113.jpg","Chuối già","Trái","Xanh"
"img002114.jpg","Chuối già","Trái","Xanh"
"img002115.jpg","Chuối già","Trái","Xanh"
"img002116.jpg","Chuối già","Trái","Xanh"
"img002117.jpg","Chuối già","Trái","Xanh"
"img002118.jpg","Chuối già","Trái","Xanh"
"img002119.jpg","Chuối già","Trái","Xanh"
"img002120.jpg","Chuối già","Trái","Xanh"
"img002121.jpg","Chuối già","Trái","Xanh"
"img002122.jpg","Chuối già","Trái","Xanh"
"img002123.jpg","Chuối già","Trái","Xanh"
"img002124.jpg","Chuối già","Trái","Xanh"
"img002125.jpg","Chuối già","Trái","Xanh"
"img002126.jpg","Chuối già","Trái","Xanh"
"img002127.jpg","Chuối già","Trái","Xanh"
"img002128.jpg","Chuối già","Trái","Xanh"
"img002129.jpg","Chuối già","Trái","Xanh"
"img002130.jpg","Chuối già","Trái","Xanh"
"img002131.jpg","Chuối già","Trái","Xanh"
"img002132.jpg","Chuối già","Trái","Xanh"
"img002133.jpg","Chuối già","Trái","Xanh"
"img002134.jpg","Chuối già","Trái","Xanh"
"img002135.jpg","Chuối già","Trái","Xanh"
"img002136.jpg","Chuối già","Trái","Xanh"
"img002137.jpg","Chuối già","Trái","Xanh"
"img002138.jpg","Chuối già","Trái","Xanh"
"img002139.jpg","Chuối già","Trái","Xanh"
"img002140.jpg","Chuối già","Trái","Xanh"
"img002141.jpg","Chuối già","Trái","Xanh"
"img002142.jpg","Chuối già","Trái","Xanh"
"img002143.jpg","Chuối già","Trái","Xanh"
"img002144.jpg","Chuối già","Trái","Xanh"
"img002145.jpg","Chuối già","Trái","Xanh"
"img002146.jpg","Chuối già","Trái","Xanh"
"img002147.jpg","Chuối già","Trái","Xanh"
"img002148.jpg","Chuối già","Trái","Xanh"
"img002149.jpg","Chuối già","Trái","Xanh"
"img002150.jpg","Chuối già","Trái","Xanh"
"img002151.jpg","Chuối già","Trái","Xanh"
"img002152.jpg","Chuối già","Trái","Xanh"
"img002153.jpg","Chuối già","Trái","Xanh"
"img002154.jpg","Chuối già","Trái","Xanh"
"img002155.jpg","Chuối già","Trái","Xanh"
"img002156.jpg","Chuối già","Trái","Xanh"
"img002157.jpg","Chuối già","Trái","Xanh"
"img002158.jpg","Chuối già","Trái","Xanh"
"img002159.jpg","Chuối già","Trái","Xanh"
"img002160.jpg","Chuối già","Trái","Xanh"
"img002161.jpg","Chuối già","Trái","Xanh"
"img002162.jpg","Chuối già","Trái","Xanh"
"img002163.jpg","Chuối già","Trái","Xanh"
"img002164.jpg","Chuối già","Trái","Xanh"
"img002165.jpg","Chuối già","Trái","Xanh"
"img002166.jpg","Chuối già","Trái","Xanh"
"img002167.jpg","Chuối già","Trái","Xanh"
"img002168.jpg","Chuối già","Trái","Xanh"
"img002169.jpg","Chuối già","Trái","Xanh"
"img002170.jpg","Chuối già","Trái","Xanh"
"img002171.jpg","Chuối già","Trái","Xanh"
"img002172.jpg","Chuối già","Trái","Xanh"
"img002173.jpg","Chuối già","Trái","Xanh"
"img002174.jpg","Chuối già","Trái","Xanh"
"img002175.jpg","Chuối già","Trái","Xanh"
"img002176.jpg","Chuối già","Trái","Xanh"
"img002177.jpg","Chuối già","Trái","Xanh"
"img002178.jpg","Chuối già","Trái","Xanh"
"img002179.jpg","Chuối già","Trái","Xanh"
"img002180.jpg","Chuối già","Trái","Xanh"
"img002181.jpg","Chuối già","Trái","Xanh"
"img002182.jpg","Chuối già","Trái","Xanh"
"img002183.jpg","Chuối già","Trái","Xanh"
"img002184.jpg","Chuối già","Trái","Xanh"
"img002185.jpg","Chuối già","Trái","Xanh"
"img002186.jpg","Chuối già","Trái","Xanh"
"img002187.jpg","Chuối già","Trái","Xanh"
"img002188.jpg","Chuối già","Trái","Xanh"
"img002189.jpg","Chuối già","Trái","Xanh"
"img002190.jpg","Chuối già","Trái","Xanh"
"img002191.jpg","Chuối già","Trái","Xanh"
"img002192.jpg","Chuối già","Trái","Xanh"
"img002193.jpg","Chuối già","Trái","Xanh"
"img002194.jpg","Chuối già","Trái","Xanh"
"img002195.jpg","Chuối già","Trái","Xanh"
"img002196.jpg","Chuối già","Trái","Xanh"
"img002197.jpg","Chuối già","Trái","Xanh"
"img002198.jpg","Chuối già","Trái","Xanh"
"img002199.jpg","Chuối già","Trái","Xanh"
"img002200.jpg","Chuối già","Trái","Xanh"
"img002201.jpg","Chuối già","Trái","Xanh"
"img002202.jpg","Chuối già","Trái","Xanh"
"img002203.jpg","Chuối già","Trái","Xanh"
"img002204.jpg","Chuối già","Trái","Xanh"
"img002205.jpg","Chuối già","Trái","Xanh"
"img002206.jpg","Chuối già","Trái","Xanh"
"img002207.jpg","Chuối già","Trái","Xanh"
"img002208.jpg","Chuối già","Trái","Xanh"
"img002209.jpg","Chuối già","Trái","Xanh"
"img002210.jpg","Chuối già","Trái","Xanh"
"img002211.jpg","Chuối già","Trái","Xanh"
"img002212.jpg","Chuối già","Trái","Xanh"
"img002213.jpg","Chuối già","Trái","Xanh"
"img002214.jpg","Chuối già","Trái","Xanh"
"img002215.jpg","Chuối già","Trái","Xanh"
"img002216.jpg","Chuối già","Trái","Xanh"
"img002217.jpg","Chuối già","Trái","Xanh"
"img002218.jpg","Chuối già","Trái","Xanh"
"img002219.jpg","Chuối già","Trái","Xanh"
"img002220.jpg","Chuối già","Trái","Xanh"
"img002221.jpg","Chuối già","Trái","Xanh"
"img002222.jpg","Chuối già","Trái","Xanh"
"img002223.jpg","Chuối già","Trái","Xanh"
"img002224.jpg","Chuối già","Trái","Xanh"
"img002225.jpg","Chuối già","Trái","Xanh"
"img002226.jpg","Chuối già","Trái","Xanh"
"img002227.jpg","Chuối già","Trái","Xanh"
"img002228.jpg","Chuối già","Trái","Xanh"
"img002229.jpg","Chuối già","Trái","Xanh"
"img002230.jpg","Chuối già","Trái","Xanh"
"img002231.jpg","Chuối già","Trái","Xanh"
"img002232.jpg","Chuối già","Trái","Xanh"
"img002233.jpg","Chuối già","Trái","Xanh"
"img002234.jpg","Chuối già","Trái","Xanh"
"img002235.jpg","Chuối già","Trái","Xanh"
"img002236.jpg","Chuối già","Trái","Xanh"
"img002237.jpg","Chuối già","Trái","Xanh"
"img002238.jpg","Chuối già","Trái","Xanh"
"img002239.jpg","Chuối già","Trái","Xanh"
"img002240.jpg","Chuối già","Trái","Xanh"
"img002241.jpg","Chuối già","Trái","Xanh"
"img002242.jpg","Chuối già","Trái","Xanh"
"img002243.jpg","Chuối già","Trái","Xanh"
"img002244.jpg","Chuối già","Trái","Xanh"
"img002245.jpg","Chuối già","Trái","Xanh"
"img002246.jpg","Chuối già","Trái","Xanh"
"img002247.jpg","Chuối già","Trái","Xanh"
"img002248.jpg","Chuối già","Trái","Xanh"
"img002249.jpg","Chuối già","Trái","Xanh"
"img002250.jpg","Chuối già","Trái","Xanh"
"img002251.jpg","Chuối già","Trái","Xanh"
"img002252.jpg","Chuối già","Trái","Xanh"
"img002253.jpg","Chuối già","Trái","Xanh"
"img002254.jpg","Chuối già","Trái","Xanh"
"img002255.jpg","Chuối già","Trái","Xanh"
"img002256.jpg","Chuối già","Trái","Xanh"
"img002257.jpg","Chuối già","Trái","Xanh"
"img002258.jpg","Chuối già","Trái","Xanh"
"img002259.jpg","Chuối già","Trái","Xanh"
"img002260.jpg","Chuối già","Trái","Xanh"
"img002261.jpg","Chuối già","Trái","Xanh"
"img002262.jpg","Chuối già","Trái","Xanh"
"img002263.jpg","Chuối già","Trái","Xanh"
"img002264.jpg","Chuối già","Trái","Xanh"
"img002265.jpg","Chuối già","Trái","Xanh"
"img002266.jpg","Chuối già","Trái","Xanh"
"img002267.jpg","Chuối già","Trái","Xanh"
"img002268.jpg","Chuối già","Trái","Xanh"
"img002269.jpg","Chuối già","Trái","Xanh"
"img002270.jpg","Chuối già","Trái","Xanh"
"img002271.jpg","Chuối già","Trái","Xanh"
"img002272.jpg","Chuối già","Trái","Xanh"
"img002273.jpg","Chuối già","Trái","Xanh"
"img002274.jpg","Chuối già","Trái","Xanh"
"img002275.jpg","Chuối già","Trái","Xanh"
"img002276.jpg","Chuối già","Trái","Xanh"
"img002277.jpg","Chuối sáp","Buồng","Chín"
"img002278.jpg","Chuối sáp","Buồng","Chín"
"img002279.jpg","Chuối sáp","Buồng","Chín"
"img002280.jpg","Chuối sáp","Buồng","Chín"
"img002281.jpg","Chuối sáp","Buồng","Chín"
"img002282.jpg","Chuối sáp","Buồng","Chín"
"img002283.jpg","Chuối sáp","Buồng","Chín"
"img002284.jpg","Chuối sáp","Buồng","Chín"
"img002285.jpg","Chuối sáp","Buồng","Chín"
"img002286.jpg","Chuối sáp","Buồng","Chín"
"img002287.jpg","Chuối sáp","Buồng","Chín"
"img002288.jpg","Chuối sáp","Buồng","Chín"
"img002289.jpg","Chuối sáp","Buồng","Chín"
"img002290.jpg","Chuối sáp","Buồng","Chín"
"img002291.jpg","Chuối sáp","Buồng","Chín"
"img002292.jpg","Chuối sáp","Buồng","Chín"
"img002293.jpg","Chuối sáp","Buồng","Chín"
"img002294.jpg","Chuối sáp","Buồng","Chín"
"img002295.jpg","Chuối sáp","Buồng","Chín"
"img002296.jpg","Chuối sáp","Buồng","Chín"
"img002297.jpg","Chuối sáp","Buồng","Chín"
"img002298.jpg","Chuối sáp","Buồng","Chín"
"img002299.jpg","Chuối sáp","Buồng","Chín"
"img002300.jpg","Chuối sáp","Buồng","Chín"
"img002301.jpg","Chuối sáp","Buồng","Chín"
"img002302.jpg","Chuối sáp","Buồng","Chín"
"img002303.jpg","Chuối sáp","Buồng","Chín"
"img002304.jpg","Chuối sáp","Buồng","Chín"
"img002305.jpg","Chuối sáp","Buồng","Chín"
"img002306.jpg","Chuối sáp","Buồng","Chín"
"img002307.jpg","Chuối sáp","Buồng","Chín"
"img002308.jpg","Chuối sáp","Buồng","Xanh"
"img002309.jpg","Chuối sáp","Buồng","Xanh"
"img002310.jpg","Chuối sáp","Buồng","Xanh"
"img002311.jpg","Chuối sáp","Buồng","Xanh"
"img002312.jpg","Chuối sáp","Buồng","Xanh"
"img002313.jpg","Chuối sáp","Buồng","Xanh"
"img002314.jpg","Chuối sáp","Buồng","Xanh"
"img002315.jpg","Chuối sáp","Buồng","Xanh"
"img002316.jpg","Chuối sáp","Buồng","Xanh"
"img002317.jpg","Chuối sáp","Buồng","Xanh"
"img002318.jpg","Chuối sáp","Buồng","Xanh"
"img002319.jpg","Chuối sáp","Buồng","Xanh"
"img002320.jpg","Chuối sáp","Buồng","Xanh"
"img002321.jpg","Chuối sáp","Buồng","Xanh"
"img002322.jpg","Chuối sáp","Buồng","Xanh"
"img002323.jpg","Chuối sáp","Buồng","Xanh"
"img002324.jpg","Chuối sáp","Buồng","Xanh"
"img002325.jpg","Chuối sáp","Buồng","Xanh"
"img002326.jpg","Chuối sáp","Buồng","Xanh"
"img002327.jpg","Chuối sáp","Buồng","Xanh"
"img002328.jpg","Chuối sáp","Buồng","Xanh"
"img002329.jpg","Chuối sáp","Buồng","Xanh"
"img002330.jpg","Chuối sáp","Buồng","Xanh"
"img002331.jpg","Chuối sáp","Buồng","Xanh"
"img002332.jpg","Chuối sáp","Buồng","Xanh"
"img002333.jpg","Chuối sáp","Buồng","Xanh"
"img002334.jpg","Chuối sáp","Buồng","Xanh"
"img002335.jpg","Chuối sáp","Buồng","Xanh"
"img002336.jpg","Chuối sáp","Buồng","Xanh"
"img002337.jpg","Chuối sáp","Buồng","Xanh"
"img002338.jpg","Chuối sáp","Buồng","Xanh"
"img002339.jpg","Chuối sáp","Buồng","Xanh"
"img002340.jpg","Chuối sáp","Buồng","Xanh"
"img002341.jpg","Chuối sáp","Buồng","Xanh"
"img002342.jpg","Chuối sáp","Buồng","Xanh"
"img002343.jpg","Chuối sáp","Buồng","Xanh"
"img002344.jpg","Chuối sáp","Buồng","Xanh"
"img002345.jpg","Chuối sáp","Buồng","Xanh"
"img002346.jpg","Chuối sáp","Buồng","Xanh"
"img002347.jpg","Chuối sáp","Buồng","Xanh"
"img002348.jpg","Chuối sáp","Buồng","Xanh"
"img002349.jpg","Chuối sáp","Buồng","Xanh"
"img002350.jpg","Chuối sáp","Buồng","Xanh"
"img002351.jpg","Chuối sáp","Buồng","Xanh"
"img002352.jpg","Chuối sáp","Buồng","Xanh"
"img002353.jpg","Chuối sáp","Buồng","Xanh"
"img002354.jpg","Chuối sáp","Buồng","Xanh"
"img002355.jpg","Chuối sáp","Buồng","Xanh"
"img002356.jpg","Chuối sáp","Buồng","Xanh"
"img002357.jpg","Chuối sáp","Buồng","Xanh"
"img002358.jpg","Chuối sáp","Buồng","Xanh"
"img002359.jpg","Chuối sáp","Buồng","Xanh"
"img002360.jpg","Chuối sáp","Buồng","Xanh"
"img002361.jpg","Chuối sáp","Buồng","Xanh"
"img002362.jpg","Chuối sáp","Buồng","Xanh"
"img002363.jpg","Chuối sáp","Buồng","Xanh"
"img002364.jpg","Chuối sáp","Buồng","Xanh"
"img002365.jpg","Chuối sáp","Buồng","Xanh"
"img002366.jpg","Chuối sáp","Buồng","Xanh"
"img002367.jpg","Chuối sáp","Buồng","Xanh"
"img002368.jpg","Chuối sáp","Buồng","Xanh"
"img002369.jpg","Chuối sáp","Buồng","Xanh"
"img002370.jpg","Chuối sáp","Buồng","Xanh"
"img002371.jpg","Chuối sáp","Buồng","Xanh"
"img002372.jpg","Chuối sáp","Buồng","Xanh"
"img002373.jpg","Chuối sáp","Buồng","Xanh"
"img002374.jpg","Chuối sáp","Buồng","Xanh"
"img002375.jpg","Chuối sáp","Buồng","Xanh"
"img002376.jpg","Chuối sáp","Buồng","Xanh"
"img002377.jpg","Chuối sáp","Buồng","Xanh"
"img002378.jpg","Chuối sáp","Buồng","Xanh"
"img002379.jpg","Chuối sáp","Buồng","Xanh"
"img002380.jpg","Chuối sáp","Buồng","Xanh"
"img002381.jpg","Chuối sáp","Buồng","Xanh"
"img002382.jpg","Chuối sáp","Buồng","Xanh"
"img002383.jpg","Chuối sáp","Buồng","Xanh"
"img002384.jpg","Chuối sáp","Buồng","Xanh"
"img002385.jpg","Chuối sáp","Buồng","Xanh"
"img002386.jpg","Chuối sáp","Buồng","Xanh"
"img002387.jpg","Chuối sáp","Buồng","Xanh"
"img002388.jpg","Chuối sáp","Buồng","Xanh"
"img002389.jpg","Chuối sáp","Buồng","Xanh"
"img002390.jpg","Chuối sáp","Buồng","Xanh"
"img002391.jpg","Chuối sáp","Buồng","Xanh"
"img002392.jpg","Chuối sáp","Buồng","Xanh"
"img002393.jpg","Chuối sáp","Buồng","Xanh"
"img002394.jpg","Chuối sáp","Buồng","Xanh"
"img002395.jpg","Chuối sáp","Buồng","Xanh"
"img002396.jpg","Chuối sáp","Buồng","Xanh"
"img002397.jpg","Chuối sáp","Buồng","Xanh"
"img002398.jpg","Chuối sáp","Buồng","Xanh"
"img002399.jpg","Chuối sáp","Buồng","Xanh"
"img002400.jpg","Chuối sáp","Buồng","Xanh"
"img002401.jpg","Chuối sáp","Buồng","Xanh"
"img002402.jpg","Chuối sáp","Buồng","Xanh"
"img002403.jpg","Chuối sáp","Buồng","Xanh"
"img002404.jpg","Chuối sáp","Buồng","Xanh"
"img002405.png","Chuối sáp","Buồng","Xanh"
"img002406.png","Chuối sáp","Buồng","Xanh"
"img002407.png","Chuối sáp","Buồng","Xanh"
"img002408.png","Chuối sáp","Buồng","Xanh"
"img002409.png","Chuối sáp","Buồng","Xanh"
"img002410.png","Chuối sáp","Buồng","Xanh"
"img002411.jpg","Chuối sáp","Buồng","Xanh"
"img002412.jpg","Chuối sáp","Nải","Chín"
"img002413.jpg","Chuối sáp","Nải","Chín"
"img002414.jpg","Chuối sáp","Nải","Chín"
"img002415.jpg","Chuối sáp","Nải","Chín"
"img002416.jpg","Chuối sáp","Nải","Chín"
"img002417.jpg","Chuối sáp","Nải","Chín"
"img002418.jpg","Chuối sáp","Nải","Chín"
"img002419.jpg","Chuối sáp","Nải","Chín"
"img002420.jpg","Chuối sáp","Nải","Chín"
"img002421.jpg","Chuối sáp","Nải","Chín"
"img002422.jpg","Chuối sáp","Nải","Chín"
"img002423.jpg","Chuối sáp","Nải","Chín"
"img002424.jpg","Chuối sáp","Nải","Chín"
"img002425.jpg","Chuối sáp","Nải","Chín"
"img002426.jpg","Chuối sáp","Nải","Chín"
"img002427.jpg","Chuối sáp","Nải","Chín"
"img002428.jpg","Chuối sáp","Nải","Chín"
"img002429.jpg","Chuối sáp","Nải","Chín"
"img002430.jpg","Chuối sáp","Nải","Chín"
"img002431.jpg","Chuối sáp","Nải","Chín"
"img002432.jpg","Chuối sáp","Nải","Chín"
"img002433.jpg","Chuối sáp","Nải","Chín"
"img002434.jpg","Chuối sáp","Nải","Chín"
"img002435.jpg","Chuối sáp","Nải","Chín"
"img002436.jpg","Chuối sáp","Nải","Chín"
"img002437.jpg","Chuối sáp","Nải","Chín"
"img002438.jpg","Chuối sáp","Nải","Chín"
"img002439.jpg","Chuối sáp","Nải","Chín"
"img002440.jpg","Chuối sáp","Nải","Chín"
"img002441.jpg","Chuối sáp","Nải","Chín"
"img002442.jpg","Chuối sáp","Nải","Chín"
"img002443.jpg","Chuối sáp","Nải","Chín"
"img002444.jpg","Chuối sáp","Nải","Chín"
"img002445.jpg","Chuối sáp","Nải","Chín"
"img002446.jpg","Chuối sáp","Nải","Chín"
"img002447.jpg","Chuối sáp","Nải","Chín"
"img002448.jpg","Chuối sáp","Nải","Chín"
"img002449.jpg","Chuối sáp","Nải","Chín"
"img002450.jpg","Chuối sáp","Nải","Chín"
"img002451.jpg","Chuối sáp","Nải","Chín"
"img002452.jpg","Chuối sáp","Nải","Chín"
"img002453.jpg","Chuối sáp","Nải","Chín"
"img002454.jpg","Chuối sáp","Nải","Chín"
"img002455.jpg","Chuối sáp","Nải","Chín"
"img002456.jpg","Chuối sáp","Nải","Chín"
"img002457.jpg","Chuối sáp","Nải","Chín"
"img002458.jpg","Chuối sáp","Nải","Chín"
"img002459.jpg","Chuối sáp","Nải","Chín"
"img002460.jpg","Chuối sáp","Nải","Chín"
"img002461.jpg","Chuối sáp","Nải","Chín"
"img002462.jpg","Chuối sáp","Nải","Chín"
"img002463.jpg","Chuối sáp","Nải","Chín"
"img002464.jpg","Chuối sáp","Nải","Chín"
"img002465.jpg","Chuối sáp","Nải","Chín"
"img002466.jpg","Chuối sáp","Nải","Chín"
"img002467.jpg","Chuối sáp","Nải","Chín"
"img002468.jpg","Chuối sáp","Nải","Chín"
"img002469.jpg","Chuối sáp","Nải","Chín"
"img002470.jpg","Chuối sáp","Nải","Chín"
"img002471.jpg","Chuối sáp","Nải","Chín"
"img002472.jpg","Chuối sáp","Nải","Chín"
"img002473.jpg","Chuối sáp","Nải","Chín"
"img002474.jpg","Chuối sáp","Nải","Chín"
"img002475.jpg","Chuối sáp","Nải","Chín"
"img002476.jpg","Chuối sáp","Nải","Chín"
"img002477.jpg","Chuối sáp","Nải","Xanh"
"img002478.jpg","Chuối sáp","Nải","Xanh"
"img002479.jpg","Chuối sáp","Nải","Xanh"
"img002480.jpg","Chuối sáp","Nải","Xanh"
"img002481.jpg","Chuối sáp","Nải","Xanh"
"img002482.jpg","Chuối sáp","Nải","Xanh"
"img002483.jpg","Chuối sáp","Nải","Xanh"
"img002484.jpg","Chuối sáp","Nải","Xanh"
"img002485.jpg","Chuối sáp","Nải","Xanh"
"img002486.jpg","Chuối sáp","Nải","Xanh"
"img002487.jpg","Chuối sáp","Nải","Xanh"
"img002488.jpg","Chuối sáp","Nải","Xanh"
"img002489.jpg","Chuối sáp","Nải","Xanh"
"img002490.jpg","Chuối sáp","Nải","Xanh"
"img002491.jpg","Chuối sáp","Nải","Xanh"
"img002492.jpg","Chuối sáp","Nải","Xanh"
"img002493.jpg","Chuối sáp","Nải","Xanh"
"img002494.jpg","Chuối sáp","Nải","Xanh"
"img002495.jpg","Chuối sáp","Nải","Xanh"
"img002496.jpg","Chuối sáp","Nải","Xanh"
"img002497.jpg","Chuối sáp","Nải","Xanh"
"img002498.jpg","Chuối sáp","Nải","Xanh"
"img002499.jpg","Chuối sáp","Nải","Xanh"
"img002500.jpg","Chuối sáp","Nải","Xanh"
"img002501.jpg","Chuối sáp","Nải","Xanh"
"img002502.jpg","Chuối sáp","Nải","Xanh"
"img002503.jpg","Chuối sáp","Nải","Xanh"
"img002504.jpg","Chuối sáp","Nải","Xanh"
"img002505.jpg","Chuối sáp","Nải","Xanh"
"img002506.jpg","Chuối sáp","Nải","Xanh"
"img002507.jpg","Chuối sáp","Nải","Xanh"
"img002508.jpg","Chuối sáp","Nải","Xanh"
"img002509.jpg","Chuối sáp","Nải","Xanh"
"img002510.jpg","Chuối sáp","Nải","Xanh"
"img002511.jpg","Chuối sáp","Nải","Xanh"
"img002512.jpg","Chuối sáp","Nải","Xanh"
"img002513.jpg","Chuối sáp","Nải","Xanh"
"img002514.jpg","Chuối sáp","Nải","Xanh"
"img002515.jpg","Chuối sáp","Nải","Xanh"
"img002516.jpg","Chuối sáp","Nải","Xanh"
"img002517.jpg","Chuối sáp","Nải","Xanh"
"img002518.jpg","Chuối sáp","Nải","Xanh"
"img002519.jpg","Chuối sáp","Nải","Xanh"
"img002520.jpg","Chuối sáp","Nải","Xanh"
"img002521.jpg","Chuối sáp","Nải","Xanh"
"img002522.jpg","Chuối sáp","Nải","Xanh"
"img002523.jpg","Chuối sáp","Nải","Xanh"
"img002524.jpg","Chuối sáp","Nải","Xanh"
"img002525.jpg","Chuối sáp","Nải","Xanh"
"img002526.jpg","Chuối sáp","Nải","Xanh"
"img002527.jpg","Chuối sáp","Nải","Xanh"
"img002528.jpg","Chuối sáp","Nải","Xanh"
"img002529.jpg","Chuối sáp","Nải","Xanh"
"img002530.jpg","Chuối sáp","Nải","Xanh"
"img002531.jpg","Chuối sáp","Nải","Xanh"
"img002532.jpg","Chuối sáp","Nải","Xanh"
"img002533.jpg","Chuối sáp","Nải","Xanh"
"img002534.jpg","Chuối sáp","Nải","Xanh"
"img002535.jpg","Chuối sáp","Nải","Xanh"
"img002536.jpg","Chuối sáp","Nải","Xanh"
"img002537.jpg","Chuối sáp","Nải","Xanh"
"img002538.jpg","Chuối sáp","Nải","Xanh"
"img002539.jpg","Chuối sáp","Nải","Xanh"
"img002540.jpg","Chuối sáp","Nải","Xanh"
"img002541.jpg","Chuối sáp","Nải","Xanh"
"img002542.jpg","Chuối sáp","Nải","Xanh"
"img002543.jpg","Chuối sáp","Nải","Xanh"
"img002544.jpg","Chuối sáp","Nải","Xanh"
"img002545.jpg","Chuối sáp","Nải","Xanh"
"img002546.jpg","Chuối sáp","Nải","Xanh"
"img002547.jpg","Chuối sáp","Nải","Xanh"
"img002548.jpg","Chuối sáp","Nải","Xanh"
"img002549.jpg","Chuối sáp","Nải","Xanh"
"img002550.jpg","Chuối sáp","Nải","Xanh"
"img002551.jpg","Chuối sáp","Nải","Xanh"
"img002552.jpg","Chuối sáp","Nải","Xanh"
"img002553.jpg","Chuối sáp","Nải","Xanh"
"img002554.jpg","Chuối sáp","Nải","Xanh"
"img002555.jpg","Chuối sáp","Nải","Xanh"
"img002556.jpg","Chuối sáp","Nải","Xanh"
"img002557.jpg","Chuối sáp","Nải","Xanh"
"img002558.jpg","Chuối sáp","Nải","Xanh"
"img002559.jpg","Chuối sáp","Nải","Xanh"
"img002560.jpg","Chuối sáp","Nải","Xanh"
"img002561.jpg","Chuối sáp","Nải","Xanh"
"img002562.jpg","Chuối sáp","Nải","Xanh"
"img002563.jpg","Chuối sáp","Nải","Xanh"
"img002564.jpg","Chuối sáp","Trái","Chín"
"img002565.jpg","Chuối sáp","Trái","Chín"
"img002566.jpg","Chuối sáp","Trái","Chín"
"img002567.jpg","Chuối sáp","Trái","Chín"
"img002568.jpg","Chuối sáp","Trái","Chín"
"img002569.jpg","Chuối sáp","Trái","Chín"
"img002570.jpg","Chuối sáp","Trái","Chín"
"img002571.jpg","Chuối sáp","Trái","Chín"
"img002572.jpg","Chuối sáp","Trái","Chín"
"img002573.jpg","Chuối sáp","Trái","Chín"
"img002574.jpg","Chuối sáp","Trái","Chín"
"img002575.jpg","Chuối sáp","Trái","Chín"
"img002576.jpg","Chuối sáp","Trái","Chín"
"img002577.jpg","Chuối sáp","Trái","Chín"
"img002578.jpg","Chuối sáp","Trái","Chín"
"img002579.jpg","Chuối sáp","Trái","Chín"
"img002580.jpg","Chuối sáp","Trái","Chín"
"img002581.jpg","Chuối sáp","Trái","Chín"
"img002582.jpg","Chuối sáp","Trái","Chín"
"img002583.jpg","Chuối sáp","Trái","Chín"
"img002584.jpg","Chuối sáp","Trái","Chín"
"img002585.jpg","Chuối sáp","Trái","Chín"
"img002586.jpg","Chuối sáp","Trái","Chín"
"img002587.jpg","Chuối sáp","Trái","Chín"
"img002588.jpg","Chuối sáp","Trái","Chín"
"img002589.jpg","Chuối sáp","Trái","Chín"
"img002590.jpg","Chuối sáp","Trái","Chín"
"img002591.jpg","Chuối sáp","Trái","Chín"
"img002592.jpg","Chuối sáp","Trái","Chín"
"img002593.jpg","Chuối sáp","Trái","Chín"
"img002594.jpg","Chuối sáp","Trái","Chín"
"img002595.jpg","Chuối sáp","Trái","Chín"
"img002596.jpg","Chuối sáp","Trái","Chín"
"img002597.jpg","Chuối sáp","Trái","Chín"
"img002598.jpg","Chuối sáp","Trái","Chín"
"img002599.jpg","Chuối sáp","Trái","Chín"
"img002600.jpg","Chuối sáp","Trái","Chín"
"img002601.jpg","Chuối sáp","Trái","Chín"
"img002602.jpg","Chuối sáp","Trái","Chín"
"img002603.jpg","Chuối sáp","Trái","Chín"
"img002604.jpg","Chuối sáp","Trái","Chín"
"img002605.jpg","Chuối sáp","Trái","Chín"
"img002606.jpg","Chuối sáp","Trái","Chín"
"img002607.jpg","Chuối sáp","Trái","Chín"
"img002608.jpg","Chuối sáp","Trái","Chín"
"img002609.jpg","Chuối sáp","Trái","Chín"
"img002610.jpg","Chuối sáp","Trái","Chín"
"img002611.jpg","Chuối sáp","Trái","Chín"
"img002612.jpg","Chuối sáp","Trái","Chín"
"img002613.jpg","Chuối sáp","Trái","Chín"
"img002614.jpg","Chuối sáp","Trái","Chín"
"img002615.jpg","Chuối sáp","Trái","Chín"
"img002616.jpg","Chuối sáp","Trái","Chín"
"img002617.jpg","Chuối sáp","Trái","Chín"
"img002618.jpg","Chuối sáp","Trái","Chín"
"img002619.jpg","Chuối sáp","Trái","Chín"
"img002620.jpg","Chuối sáp","Trái","Chín"
"img002621.jpg","Chuối sáp","Trái","Chín"
"img002622.jpg","Chuối sáp","Trái","Chín"
"img002623.jpg","Chuối sáp","Trái","Chín"
"img002624.jpg","Chuối sáp","Trái","Chín"
"img002625.jpg","Chuối sáp","Trái","Chín"
"img002626.jpg","Chuối sáp","Trái","Chín"
"img002627.jpg","Chuối sáp","Trái","Chín"
"img002628.jpg","Chuối sáp","Trái","Chín"
"img002629.jpg","Chuối sáp","Trái","Chín"
"img002630.jpg","Chuối sáp","Trái","Chín"
"img002631.jpg","Chuối sáp","Trái","Chín"
"img002632.jpg","Chuối sáp","Trái","Chín"
"img002633.jpg","Chuối sáp","Trái","Chín"
"img002634.jpg","Chuối sáp","Trái","Chín"
"img002635.jpg","Chuối sáp","Trái","Chín"
"img002636.jpg","Chuối sáp","Trái","Chín"
"img002637.jpg","Chuối sáp","Trái","Chín"
"img002638.jpg","Chuối sáp","Trái","Chín"
"img002639.jpg","Chuối sáp","Trái","Chín"
"img002640.jpg","Chuối sáp","Trái","Chín"
"img002641.jpg","Chuối sáp","Trái","Chín"
"img002642.jpg","Chuối sáp","Trái","Chín"
"img002643.jpg","Chuối sáp","Trái","Chín"
"img002644.jpg","Chuối sáp","Trái","Chín"
"img002645.jpg","Chuối sáp","Trái","Chín"
"img002646.jpg","Chuối sáp","Trái","Chín"
"img002647.jpg","Chuối sáp","Trái","Chín"
"img002648.jpg","Chuối sáp","Trái","Chín"
"img002649.jpg","Chuối sáp","Trái","Chín"
"img002650.jpg","Chuối sáp","Trái","Chín"
"img002651.jpg","Chuối sáp","Trái","Chín"
"img002652.jpg","Chuối sáp","Trái","Chín"
"img002653.jpg","Chuối sáp","Trái","Chín"
"img002654.jpg","Chuối sáp","Trái","Chín"
"img002655.jpg","Chuối sáp","Trái","Chín"
"img002656.jpg","Chuối sáp","Trái","Chín"
"img002657.jpg","Chuối sáp","Trái","Chín"
"img002658.jpg","Chuối sáp","Trái","Chín"
"img002659.jpg","Chuối sáp","Trái","Chín"
"img002660.jpg","Chuối sáp","Trái","Chín"
"img002661.jpg","Chuối sáp","Trái","Chín"
"img002662.jpg","Chuối sáp","Trái","Chín"
"img002663.jpg","Chuối sáp","Trái","Chín"
"img002664.jpg","Chuối sáp","Trái","Chín"
"img002665.jpg","Chuối sáp","Trái","Chín"
"img002666.jpg","Chuối sáp","Trái","Chín"
"img002667.jpg","Chuối sáp","Trái","Chín"
"img002668.jpg","Chuối sáp","Trái","Chín"
"img002669.jpg","Chuối sáp","Trái","Chín"
"img002670.jpg","Chuối sáp","Trái","Chín"
"img002671.jpg","Chuối sáp","Trái","Chín"
"img002672.jpg","Chuối sáp","Trái","Chín"
"img002673.jpg","Chuối sáp","Trái","Chín"
"img002674.jpg","Chuối sáp","Trái","Chín"
"img002675.jpg","Chuối sáp","Trái","Chín"
"img002676.jpg","Chuối sáp","Trái","Chín"
"img002677.jpg","Chuối sáp","Trái","Chín"
"img002678.jpg","Chuối sáp","Trái","Chín"
"img002679.jpg","Chuối sáp","Trái","Chín"
"img002680.jpg","Chuối sáp","Trái","Chín"
"img002681.jpg","Chuối sáp","Trái","Chín"
"img002682.jpg","Chuối sáp","Trái","Chín"
"img002683.jpg","Chuối sáp","Trái","Chín"
"img002684.jpg","Chuối sáp","Trái","Chín"
"img002685.jpg","Chuối sáp","Trái","Chín"
"img002686.jpg","Chuối sáp","Trái","Chín"
"img002687.jpg","Chuối sáp","Trái","Chín"
"img002688.jpg","Chuối sáp","Trái","Chín"
"img002689.jpg","Chuối sáp","Trái","Chín"
"img002690.jpg","Chuối sáp","Trái","Chín"
"img002691.jpg","Chuối sáp","Trái","Chín"
"img002692.jpg","Chuối sáp","Trái","Chín"
"img002693.jpg","Chuối sáp","Trái","Chín"
"img002694.jpg","Chuối sáp","Trái","Chín"
"img002695.jpg","Chuối sáp","Trái","Chín"
"img002696.jpg","Chuối sáp","Trái","Chín"
"img002697.jpg","Chuối sáp","Trái","Chín"
"img002698.jpg","Chuối sáp","Trái","Chín"
"img002699.jpg","Chuối sáp","Trái","Chín"
"img002700.jpg","Chuối sáp","Trái","Chín"
"img002701.jpg","Chuối sáp","Trái","Chín"
"img002702.jpg","Chuối sáp","Trái","Chín"
"img002703.jpg","Chuối sáp","Trái","Chín"
"img002704.jpg","Chuối sáp","Trái","Chín"
"img002705.jpg","Chuối sáp","Trái","Chín"
"img002706.jpg","Chuối sáp","Trái","Chín"
"img002707.jpg","Chuối sáp","Trái","Chín"
"img002708.jpg","Chuối sáp","Trái","Chín"
"img002709.jpg","Chuối sáp","Trái","Chín"
"img002710.jpg","Chuối sáp","Trái","Chín"
"img002711.jpg","Chuối sáp","Trái","Chín"
"img002712.jpg","Chuối sáp","Trái","Chín"
"img002713.jpg","Chuối sáp","Trái","Chín"
"img002714.jpg","Chuối sáp","Trái","Chín"
"img002715.jpg","Chuối sáp","Trái","Chín"
"img002716.jpg","Chuối sáp","Trái","Chín"
"img002717.jpg","Chuối sáp","Trái","Chín"
"img002718.jpg","Chuối sáp","Trái","Chín"
"img002719.jpg","Chuối sáp","Trái","Chín"
"img002720.jpg","Chuối sáp","Trái","Chín"
"img002721.jpg","Chuối sáp","Trái","Chín"
"img002722.jpg","Chuối sáp","Trái","Chín"
"img002723.jpg","Chuối sáp","Trái","Chín"
"img002724.jpg","Chuối sáp","Trái","Chín"
"img002725.jpg","Chuối sáp","Trái","Chín"
"img002726.jpg","Chuối sáp","Trái","Chín"
"img002727.jpg","Chuối sáp","Trái","Chín"
"img002728.jpg","Chuối sáp","Trái","Chín"
"img002729.jpg","Chuối sáp","Trái","Chín"
"img002730.jpg","Chuối sáp","Trái","Chín"
"img002731.jpg","Chuối sáp","Trái","Chín"
"img002732.jpg","Chuối sáp","Trái","Chín"
"img002733.jpg","Chuối sáp","Trái","Chín"
"img002734.jpg","Chuối sáp","Trái","Chín"
"img002735.jpg","Chuối sáp","Trái","Chín"
"img002736.jpg","Chuối sáp","Trái","Chín"
"img002737.jpg","Chuối sáp","Trái","Chín"
"img002738.jpg","Chuối sáp","Trái","Chín"
"img002739.jpg","Chuối sáp","Trái","Chín"
"img002740.jpg","Chuối sáp","Trái","Chín"
"img002741.jpg","Chuối sáp","Trái","Chín"
"img002742.jpg","Chuối sáp","Trái","Chín"
"img002743.jpg","Chuối sáp","Trái","Chín"
"img002744.jpg","Chuối sáp","Trái","Chín"
"img002745.jpg","Chuối sáp","Trái","Chín"
"img002746.jpg","Chuối sáp","Trái","Chín"
"img002747.jpg","Chuối sáp","Trái","Chín"
"img002748.jpg","Chuối sáp","Trái","Chín"
"img002749.jpg","Chuối sáp","Trái","Chín"
"img002750.jpg","Chuối sáp","Trái","Chín"
"img002751.jpg","Chuối sáp","Trái","Chín"
"img002752.jpg","Chuối sáp","Trái","Chín"
"img002753.jpg","Chuối sáp","Trái","Chín"
"img002754.jpg","Chuối sáp","Trái","Chín"
"img002755.jpg","Chuối sáp","Trái","Chín"
"img002756.jpg","Chuối sáp","Trái","Chín"
"img002757.jpg","Chuối sáp","Trái","Chín"
"img002758.jpg","Chuối sáp","Trái","Chín"
"img002759.jpg","Chuối sáp","Trái","Chín"
"img002760.jpg","Chuối sáp","Trái","Chín"
"img002761.jpg","Chuối sáp","Trái","Chín"
"img002762.jpg","Chuối sáp","Trái","Chín"
"img002763.jpg","Chuối sáp","Trái","Chín"
"img002764.jpg","Chuối sáp","Trái","Chín"
"img002765.jpg","Chuối sáp","Trái","Chín"
"img002766.jpg","Chuối sáp","Trái","Chín"
"img002767.jpg","Chuối sáp","Trái","Chín"
"img002768.jpg","Chuối sáp","Trái","Chín"
"img002769.jpg","Chuối sáp","Trái","Chín"
"img002770.jpg","Chuối sáp","Trái","Chín"
"img002771.jpg","Chuối sáp","Trái","Chín"
"img002772.jpg","Chuối sáp","Trái","Chín"
"img002773.jpg","Chuối sáp","Trái","Chín"
"img002774.jpg","Chuối sáp","Trái","Chín"
"img002775.jpg","Chuối sáp","Trái","Chín"
"img002776.jpg","Chuối sáp","Trái","Chín"
"img002777.jpg","Chuối sáp","Trái","Chín"
"img002778.jpg","Chuối sáp","Trái","Chín"
"img002779.jpg","Chuối sáp","Trái","Chín"
"img002780.jpg","Chuối sáp","Trái","Chín"
"img002781.jpg","Chuối sáp","Trái","Chín"
"img002782.jpg","Chuối sáp","Trái","Chín"
"img002783.jpg","Chuối sáp","Trái","Chín"
"img002784.jpg","Chuối sáp","Trái","Chín"
"img002785.jpg","Chuối sáp","Trái","Chín"
"img002786.jpg","Chuối sáp","Trái","Chín"
"img002787.jpg","Chuối sáp","Trái","Chín"
"img002788.jpg","Chuối sáp","Trái","Chín"
"img002789.jpg","Chuối sáp","Trái","Chín"
"img002790.jpg","Chuối sáp","Trái","Chín"
"img002791.jpg","Chuối sáp","Trái","Chín"
"img002792.jpg","Chuối sáp","Trái","Chín"
"img002793.jpg","Chuối sáp","Trái","Chín"
"img002794.jpg","Chuối sáp","Trái","Chín"
"img002795.jpg","Chuối sáp","Trái","Chín"
"img002796.jpg","Chuối sáp","Trái","Chín"
"img002797.jpg","Chuối sáp","Trái","Chín"
"img002798.jpg","Chuối sáp","Trái","Chín"
"img002799.jpg","Chuối sáp","Trái","Chín"
"img002800.jpg","Chuối sáp","Trái","Chín"
"img002801.jpg","Chuối sáp","Trái","Chín"
"img002802.jpg","Chuối sáp","Trái","Chín"
"img002803.jpg","Chuối sáp","Trái","Chín"
"img002804.jpg","Chuối sáp","Trái","Chín"
"img002805.jpg","Chuối sáp","Trái","Chín"
"img002806.jpg","Chuối sáp","Trái","Chín"
"img002807.jpg","Chuối sáp","Trái","Chín"
"img002808.jpg","Chuối sáp","Trái","Chín"
"img002809.jpg","Chuối sáp","Trái","Chín"
"img002810.jpg","Chuối sáp","Trái","Chín"
"img002811.jpg","Chuối sáp","Trái","Chín"
"img002812.jpg","Chuối sáp","Trái","Chín"
"img002813.jpg","Chuối sáp","Trái","Chín"
"img002814.jpg","Chuối sáp","Trái","Chín"
"img002815.jpg","Chuối sáp","Trái","Chín"
"img002816.jpg","Chuối sáp","Trái","Chín"
"img002817.jpg","Chuối sáp","Trái","Chín"
"img002818.jpg","Chuối sáp","Trái","Chín"
"img002819.jpg","Chuối sáp","Trái","Chín"
"img002820.jpg","Chuối sáp","Trái","Chín"
"img002821.jpg","Chuối sáp","Trái","Chín"
"img002822.jpg","Chuối sáp","Trái","Chín"
"img002823.jpg","Chuối sáp","Trái","Chín"
"img002824.jpg","Chuối sáp","Trái","Chín"
"img002825.jpg","Chuối sáp","Trái","Chín"
"img002826.jpg","Chuối sáp","Trái","Chín"
"img002827.jpg","Chuối sáp","Trái","Chín"
"img002828.jpg","Chuối sáp","Trái","Chín"
"img002829.jpg","Chuối sáp","Trái","Chín"
"img002830.jpg","Chuối sáp","Trái","Chín"
"img002831.jpg","Chuối sáp","Trái","Chín"
"img002832.jpg","Chuối sáp","Trái","Chín"
"img002833.jpg","Chuối sáp","Trái","Chín"
"img002834.jpg","Chuối sáp","Trái","Chín"
"img002835.jpg","Chuối sáp","Trái","Chín"
"img002836.jpg","Chuối sáp","Trái","Chín"
"img002837.jpg","Chuối sáp","Trái","Chín"
"img002838.jpg","Chuối sáp","Trái","Chín"
"img002839.jpg","Chuối sáp","Trái","Chín"
"img002840.jpg","Chuối sáp","Trái","Chín"
"img002841.jpg","Chuối sáp","Trái","Chín"
"img002842.jpg","Chuối sáp","Trái","Chín"
"img002843.jpg","Chuối sáp","Trái","Chín"
"img002844.jpg","Chuối sáp","Trái","Chín"
"img002845.jpg","Chuối sáp","Trái","Chín"
"img002846.jpg","Chuối sáp","Trái","Chín"
"img002847.jpg","Chuối sáp","Trái","Chín"
"img002848.jpg","Chuối sáp","Trái","Chín"
"img002849.jpg","Chuối sáp","Trái","Chín"
"img002850.jpg","Chuối sáp","Trái","Chín"
"img002851.jpg","Chuối sáp","Trái","Chín"
"img002852.jpg","Chuối sáp","Trái","Chín"
"img002853.jpg","Chuối sáp","Trái","Chín"
"img002854.jpg","Chuối sáp","Trái","Chín"
"img002855.jpg","Chuối sáp","Trái","Chín"
"img002856.jpg","Chuối sáp","Trái","Chín"
"img002857.jpg","Chuối sáp","Trái","Chín"
"img002858.jpg","Chuối sáp","Trái","Chín"
"img002859.jpg","Chuối sáp","Trái","Chín"
"img002860.jpg","Chuối sáp","Trái","Chín"
"img002861.jpg","Chuối sáp","Trái","Chín"
"img002862.jpg","Chuối sáp","Trái","Chín"
"img002863.jpg","Chuối sáp","Trái","Chín"
"img002864.jpg","Chuối sáp","Trái","Chín"
"img002865.jpg","Chuối sáp","Trái","Chín"
"img002866.jpg","Chuối sáp","Trái","Chín"
"img002867.jpg","Chuối sáp","Trái","Chín"
"img002868.jpg","Chuối sáp","Trái","Chín"
"img002869.jpg","Chuối sáp","Trái","Chín"
"img002870.jpg","Chuối sáp","Trái","Chín"
"img002871.jpg","Chuối sáp","Trái","Chín"
"img002872.jpg","Chuối sáp","Trái","Chín"
"img002873.jpg","Chuối sáp","Trái","Chín"
"img002874.jpg","Chuối sáp","Trái","Chín"
"img002875.jpg","Chuối sáp","Trái","Chín"
"img002876.jpg","Chuối sáp","Trái","Chín"
"img002877.jpg","Chuối sáp","Trái","Chín"
"img002878.jpg","Chuối sáp","Trái","Chín"
"img002879.jpg","Chuối sáp","Trái","Chín"
"img002880.jpg","Chuối sáp","Trái","Chín"
"img002881.jpg","Chuối sáp","Trái","Chín"
"img002882.jpg","Chuối sáp","Trái","Chín"
"img002883.jpg","Chuối sáp","Trái","Chín"
"img002884.jpg","Chuối sáp","Trái","Chín"
"img002885.jpg","Chuối sáp","Trái","Chín"
"img002886.jpg","Chuối sáp","Trái","Chín"
"img002887.jpg","Chuối sáp","Trái","Chín"
"img002888.jpg","Chuối sáp","Trái","Chín"
"img002889.jpg","Chuối sáp","Trái","Chín"
"img002890.jpg","Chuối sáp","Trái","Chín"
"img002891.jpg","Chuối sáp","Trái","Chín"
"img002892.jpg","Chuối sáp","Trái","Chín"
"img002893.jpg","Chuối sáp","Trái","Chín"
"img002894.jpg","Chuối sáp","Trái","Chín"
"img002895.jpg","Chuối sáp","Trái","Chín"
"img002896.jpg","Chuối sáp","Trái","Chín"
"img002897.jpg","Chuối sáp","Trái","Chín"
"img002898.jpg","Chuối sáp","Trái","Chín"
"img002899.jpg","Chuối sáp","Trái","Chín"
"img002900.jpg","Chuối sáp","Trái","Chín"
"img002901.jpg","Chuối sáp","Trái","Chín"
"img002902.jpg","Chuối sáp","Trái","Chín"
"img002903.jpg","Chuối sáp","Trái","Chín"
"img002904.jpg","Chuối sáp","Trái","Chín"
"img002905.jpg","Chuối sáp","Trái","Chín"
"img002906.jpg","Chuối sáp","Trái","Chín"
"img002907.jpg","Chuối sáp","Trái","Chín"
"img002908.jpg","Chuối sáp","Trái","Chín"
"img002909.jpg","Chuối sáp","Trái","Chín"
"img002910.jpg","Chuối sáp","Trái","Chín"
"img002911.jpg","Chuối sáp","Trái","Chín"
"img002912.jpg","Chuối sáp","Trái","Chín"
"img002913.jpg","Chuối sáp","Trái","Chín"
"img002914.jpg","Chuối sáp","Trái","Chín"
"img002915.jpg","Chuối sáp","Trái","Chín"
"img002916.jpg","Chuối sáp","Trái","Chín"
"img002917.jpg","Chuối sáp","Trái","Chín"
"img002918.jpg","Chuối sáp","Trái","Chín"
"img002919.jpg","Chuối sáp","Trái","Chín"
"img002920.jpg","Chuối sáp","Trái","Chín"
"img002921.jpg","Chuối sáp","Trái","Chín"
"img002922.jpg","Chuối sáp","Trái","Chín"
"img002923.jpg","Chuối sáp","Trái","Chín"
"img002924.jpg","Chuối sáp","Trái","Chín"
"img002925.jpg","Chuối sáp","Trái","Chín"
"img002926.jpg","Chuối sáp","Trái","Chín"
"img002927.jpg","Chuối sáp","Trái","Chín"
"img002928.jpg","Chuối sáp","Trái","Chín"
"img002929.jpg","Chuối sáp","Trái","Chín"
"img002930.jpg","Chuối sáp","Trái","Chín"
"img002931.jpg","Chuối sáp","Trái","Chín"
"img002932.jpg","Chuối sáp","Trái","Chín"
"img002933.jpg","Chuối sáp","Trái","Chín"
"img002934.jpg","Chuối sáp","Trái","Chín"
"img002935.jpg","Chuối sáp","Trái","Chín"
"img002936.jpg","Chuối sáp","Trái","Chín"
"img002937.jpg","Chuối sáp","Trái","Chín"
"img002938.jpg","Chuối sáp","Trái","Chín"
"img002939.jpg","Chuối sáp","Trái","Chín"
"img002940.jpg","Chuối sáp","Trái","Chín"
"img002941.jpg","Chuối sáp","Trái","Chín"
"img002942.jpg","Chuối sáp","Trái","Chín"
"img002943.jpg","Chuối sáp","Trái","Chín"
"img002944.jpg","Chuối sáp","Trái","Chín"
"img002945.jpg","Chuối sáp","Trái","Chín"
"img002946.jpg","Chuối sáp","Trái","Chín"
"img002947.jpg","Chuối sáp","Trái","Chín"
"img002948.jpg","Chuối sáp","Trái","Chín"
"img002949.jpg","Chuối sáp","Trái","Chín"
"img002950.jpg","Chuối sáp","Trái","Chín"
"img002951.jpg","Chuối sáp","Trái","Chín"
"img002952.jpg","Chuối sáp","Trái","Chín"
"img002953.jpg","Chuối sáp","Trái","Chín"
"img002954.jpg","Chuối sáp","Trái","Chín"
"img002955.jpg","Chuối sáp","Trái","Chín"
"img002956.jpg","Chuối sáp","Trái","Chín"
"img002957.jpg","Chuối sáp","Trái","Chín"
"img002958.jpg","Chuối sáp","Trái","Chín"
"img002959.jpg","Chuối sáp","Trái","Chín"
"img002960.jpg","Chuối sáp","Trái","Chín"
"img002961.jpg","Chuối sáp","Trái","Xanh"
"img002962.jpg","Chuối sáp","Trái","Xanh"
"img002963.jpg","Chuối sáp","Trái","Xanh"
"img002964.jpg","Chuối sáp","Trái","Xanh"
"img002965.jpg","Chuối sáp","Trái","Xanh"
"img002966.jpg","Chuối sáp","Trái","Xanh"
"img002967.jpg","Chuối sáp","Trái","Xanh"
"img002968.jpg","Chuối sáp","Trái","Xanh"
"img002969.jpg","Chuối sáp","Trái","Xanh"
"img002970.jpg","Chuối sáp","Trái","Xanh"
"img002971.jpg","Chuối sáp","Trái","Xanh"
"img002972.jpg","Chuối sáp","Trái","Xanh"
"img002973.jpg","Chuối sáp","Trái","Xanh"
"img002974.jpg","Chuối sáp","Trái","Xanh"
"img002975.jpg","Chuối sáp","Trái","Xanh"
"img002976.jpg","Chuối sáp","Trái","Xanh"
"img002977.jpg","Chuối sáp","Trái","Xanh"
"img002978.jpg","Chuối sáp","Trái","Xanh"
"img002979.jpg","Chuối sáp","Trái","Xanh"
"img002980.jpg","Chuối sáp","Trái","Xanh"
"img002981.jpg","Chuối sáp","Trái","Xanh"
"img002982.jpg","Chuối sáp","Trái","Xanh"
"img002983.jpg","Chuối sáp","Trái","Xanh"
"img002984.jpg","Chuối sáp","Trái","Xanh"
"img002985.jpg","Chuối sáp","Trái","Xanh"
"img002986.jpg","Chuối sáp","Trái","Xanh"
"img002987.jpg","Chuối sáp","Trái","Xanh"
"img002988.jpg","Chuối sáp","Trái","Xanh"
"img002989.jpg","Chuối sáp","Trái","Xanh"
"img002990.jpg","Chuối sáp","Trái","Xanh"
"img002991.jpg","Chuối sáp","Trái","Xanh"
"img002992.jpg","Chuối sáp","Trái","Xanh"
"img002993.jpg","Chuối sáp","Trái","Xanh"
"img002994.jpg","Chuối sáp","Trái","Xanh"
"img002995.jpg","Chuối sáp","Trái","Xanh"
"img002996.jpg","Chuối sáp","Trái","Xanh"
"img002997.jpg","Chuối sáp","Trái","Xanh"
"img002998.jpg","Chuối sáp","Trái","Xanh"
"img002999.jpg","Chuối sáp","Trái","Xanh"
"img003000.jpg","Chuối sáp","Trái","Xanh"
"img003001.jpg","Chuối sáp","Trái","Xanh"
"img003002.jpg","Chuối sáp","Trái","Xanh"
"img003003.jpg","Chuối sáp","Trái","Xanh"
"img003004.jpg","Chuối sáp","Trái","Xanh"
"img003005.jpg","Chuối sáp","Trái","Xanh"
"img003006.jpg","Chuối sáp","Trái","Xanh"
"img003007.jpg","Chuối sáp","Trái","Xanh"
"img003008.jpg","Chuối sáp","Trái","Xanh"
"img003009.jpg","Chuối sáp","Trái","Xanh"
"img003010.jpg","Chuối sáp","Trái","Xanh"
"img003011.jpg","Chuối sáp","Trái","Xanh"
"img003012.jpg","Chuối sáp","Trái","Xanh"
"img003013.jpg","Chuối sáp","Trái","Xanh"
"img003014.jpg","Chuối sáp","Trái","Xanh"
"img003015.jpg","Chuối sáp","Trái","Xanh"
"img003016.jpg","Chuối sáp","Trái","Xanh"
"img003017.jpg","Chuối sáp","Trái","Xanh"
"img003018.jpg","Chuối sáp","Trái","Xanh"
"img003019.jpg","Chuối sáp","Trái","Xanh"
"img003020.jpg","Chuối sáp","Trái","Xanh"
"img003021.jpg","Chuối sáp","Trái","Xanh"
"img003022.jpg","Chuối sáp","Trái","Xanh"
"img003023.jpg","Chuối sáp","Trái","Xanh"
"img003024.jpg","Chuối sáp","Trái","Xanh"
"img003025.jpg","Chuối sáp","Trái","Xanh"
"img003026.jpg","Chuối sáp","Trái","Xanh"
"img003027.jpg","Chuối sáp","Trái","Xanh"
"img003028.jpg","Chuối sáp","Trái","Xanh"
"img003029.jpg","Chuối sáp","Trái","Xanh"
"img003030.jpg","Chuối sáp","Trái","Xanh"
"img003031.jpg","Chuối sáp","Trái","Xanh"
"img003032.jpg","Chuối sáp","Trái","Xanh"
"img003033.jpg","Chuối sáp","Trái","Xanh"
"img003034.jpg","Chuối sáp","Trái","Xanh"
"img003035.jpg","Chuối sáp","Trái","Xanh"
"img003036.jpg","Chuối sáp","Trái","Xanh"
"img003037.jpg","Chuối sáp","Trái","Xanh"
"img003038.jpg","Chuối sáp","Trái","Xanh"
"img003039.jpg","Chuối sáp","Trái","Xanh"
"img003040.jpg","Chuối sáp","Trái","Xanh"
"img003041.jpg","Chuối sáp","Trái","Xanh"
"img003042.jpg","Chuối sáp","Trái","Xanh"
"img003043.jpg","Chuối sáp","Trái","Xanh"
"img003044.jpg","Chuối sáp","Trái","Xanh"
"img003045.jpg","Chuối sáp","Trái","Xanh"
"img003046.jpg","Chuối sáp","Trái","Xanh"
"img003047.jpg","Chuối sáp","Trái","Xanh"
"img003048.jpg","Chuối sáp","Trái","Xanh"
"img003049.jpg","Chuối sáp","Trái","Xanh"
"img003050.jpg","Chuối sáp","Trái","Xanh"
"img003051.jpg","Chuối sáp","Trái","Xanh"
"img003052.jpg","Chuối sáp","Trái","Xanh"
"img003053.jpg","Chuối sáp","Trái","Xanh"
"img003054.jpg","Chuối sáp","Trái","Xanh"
"img003055.jpg","Chuối sáp","Trái","Xanh"
"img003056.jpg","Chuối sáp","Trái","Xanh"
"img003057.jpg","Chuối sáp","Trái","Xanh"
"img003058.jpg","Chuối sáp","Trái","Xanh"
"img003059.jpg","Chuối sáp","Trái","Xanh"
"img003060.jpg","Chuối sáp","Trái","Xanh"
"img003061.jpg","Chuối sáp","Trái","Xanh"
"img003062.jpg","Chuối sáp","Trái","Xanh"
"img003063.jpg","Chuối sáp","Trái","Xanh"
"img003064.jpg","Chuối sáp","Trái","Xanh"
"img003065.jpg","Chuối sáp","Trái","Xanh"
"img003066.jpg","Chuối sáp","Trái","Xanh"
"img003067.jpg","Chuối sáp","Trái","Xanh"
"img003068.jpg","Chuối sáp","Trái","Xanh"
"img003069.jpg","Chuối sáp","Trái","Xanh"
"img003070.jpg","Chuối sáp","Trái","Xanh"
"img003071.jpg","Chuối sáp","Trái","Xanh"
"img003072.jpg","Chuối sáp","Trái","Xanh"
"img003073.jpg","Chuối sáp","Trái","Xanh"
"img003074.jpg","Chuối sáp","Trái","Xanh"
"img003075.jpg","Chuối sáp","Trái","Xanh"
"img003076.jpg","Chuối sáp","Trái","Xanh"
"img003077.jpg","Chuối sáp","Trái","Xanh"
"img003078.jpg","Chuối sáp","Trái","Xanh"
"img003079.jpg","Chuối sáp","Trái","Xanh"
"img003080.jpg","Chuối sáp","Trái","Xanh"
"img003081.jpg","Chuối sáp","Trái","Xanh"
"img003082.jpg","Chuối sáp","Trái","Xanh"
"img003083.jpg","Chuối sáp","Trái","Xanh"
"img003084.jpg","Chuối sáp","Trái","Xanh"
"img003085.jpg","Chuối sáp","Trái","Xanh"
"img003086.jpg","Chuối sáp","Trái","Xanh"
"img003087.jpg","Chuối sáp","Trái","Xanh"
"img003088.jpg","Chuối sáp","Trái","Xanh"
"img003089.jpg","Chuối sáp","Trái","Xanh"
"img003090.jpg","Chuối sáp","Trái","Xanh"
"img003091.jpg","Chuối sáp","Trái","Xanh"
"img003092.jpg","Chuối sáp","Trái","Xanh"
"img003093.jpg","Chuối sáp","Trái","Xanh"
"img003094.jpg","Chuối sáp","Trái","Xanh"
"img003095.jpg","Chuối sáp","Trái","Xanh"
"img003096.jpg","Chuối sáp","Trái","Xanh"
"img003097.jpg","Chuối sáp","Trái","Xanh"
"img003098.jpg","Chuối sáp","Trái","Xanh"
"img003099.jpg","Chuối sáp","Trái","Xanh"
"img003100.jpg","Chuối sáp","Trái","Xanh"
"img003101.jpg","Chuối sáp","Trái","Xanh"
"img003102.jpg","Chuối sáp","Trái","Xanh"
"img003103.jpg","Chuối sáp","Trái","Xanh"
"img003104.jpg","Chuối sáp","Trái","Xanh"
"img003105.jpg","Chuối sáp","Trái","Xanh"
"img003106.jpg","Chuối sáp","Trái","Xanh"
"img003107.jpg","Chuối sáp","Trái","Xanh"
"img003108.jpg","Chuối sáp","Trái","Xanh"
"img003109.jpg","Chuối sáp","Trái","Xanh"
"img003110.jpg","Chuối sáp","Trái","Xanh"
"img003111.jpg","Chuối sáp","Trái","Xanh"
"img003112.jpg","Chuối sáp","Trái","Xanh"
"img003113.jpg","Chuối sáp","Trái","Xanh"
"img003114.jpg","Chuối sáp","Trái","Xanh"
"img003115.jpg","Chuối sáp","Trái","Xanh"
"img003116.jpg","Chuối sáp","Trái","Xanh"
"img003117.jpg","Chuối sáp","Trái","Xanh"
"img003118.jpg","Chuối sáp","Trái","Xanh"
"img003119.jpg","Chuối sáp","Trái","Xanh"
"img003120.jpg","Chuối sáp","Trái","Xanh"
"img003121.jpg","Chuối sáp","Trái","Xanh"
"img003122.jpg","Chuối sáp","Trái","Xanh"
"img003123.jpg","Chuối sáp","Trái","Xanh"
"img003124.jpg","Chuối sáp","Trái","Xanh"
"img003125.jpg","Chuối sáp","Trái","Xanh"
"img003126.jpg","Chuối sáp","Trái","Xanh"
"img003127.jpg","Chuối sáp","Trái","Xanh"
"img003128.jpg","Chuối sáp","Trái","Xanh"
"img003129.jpg","Chuối sáp","Trái","Xanh"
"img003130.jpg","Chuối sáp","Trái","Xanh"
"img003131.jpg","Chuối sáp","Trái","Xanh"
"img003132.jpg","Chuối sáp","Trái","Xanh"
"img003133.jpg","Chuối sáp","Trái","Xanh"
"img003134.jpg","Chuối sáp","Trái","Xanh"
"img003135.jpg","Chuối sáp","Trái","Xanh"
"img003136.jpg","Chuối sáp","Trái","Xanh"
"img003137.jpg","Chuối sáp","Trái","Xanh"
"img003138.jpg","Chuối sáp","Trái","Xanh"
"img003139.jpg","Chuối sáp","Trái","Xanh"
"img003140.jpg","Chuối sáp","Trái","Xanh"
"img003141.jpg","Chuối sáp","Trái","Xanh"
"img003142.jpg","Chuối sáp","Trái","Xanh"
"img003143.jpg","Chuối sáp","Trái","Xanh"
"img003144.jpg","Chuối sáp","Trái","Xanh"
"img003145.jpg","Chuối sáp","Trái","Xanh"
"img003146.jpg","Chuối sáp","Trái","Xanh"
"img003147.jpg","Chuối sáp","Trái","Xanh"
"img003148.jpg","Chuối sáp","Trái","Xanh"
"img003149.jpg","Chuối sáp","Trái","Xanh"
"img003150.jpg","Chuối sáp","Trái","Xanh"
"img003151.jpg","Chuối sáp","Trái","Xanh"
"img003152.jpg","Chuối sáp","Trái","Xanh"
"img003153.jpg","Chuối sáp","Trái","Xanh"
"img003154.jpg","Chuối sáp","Trái","Xanh"
"img003155.jpg","Chuối sáp","Trái","Xanh"
"img003156.jpg","Chuối sáp","Trái","Xanh"
"img003157.jpg","Chuối sáp","Trái","Xanh"
"img003158.jpg","Chuối sáp","Trái","Xanh"
"img003159.jpg","Chuối sáp","Trái","Xanh"
"img003160.jpg","Chuối sáp","Trái","Xanh"
"img003161.jpg","Chuối sáp","Trái","Xanh"
"img003162.jpg","Chuối sáp","Trái","Xanh"
"img003163.jpg","Chuối sáp","Trái","Xanh"
"img003164.jpg","Chuối sáp","Trái","Xanh"
"img003165.jpg","Chuối sáp","Trái","Xanh"
"img003166.jpg","Chuối sáp","Trái","Xanh"
"img003167.jpg","Chuối sáp","Trái","Xanh"
"img003168.jpg","Chuối sáp","Trái","Xanh"
"img003169.jpg","Chuối sáp","Trái","Xanh"
"img003170.jpg","Chuối sáp","Trái","Xanh"
"img003171.jpg","Chuối sáp","Trái","Xanh"
"img003172.jpg","Chuối sáp","Trái","Xanh"
"img003173.jpg","Chuối sáp","Trái","Xanh"
"img003174.jpg","Chuối sáp","Trái","Xanh"
"img003175.jpg","Chuối sáp","Trái","Xanh"
"img003176.jpg","Chuối sáp","Trái","Xanh"
"img003177.jpg","Chuối sáp","Trái","Xanh"
"img003178.jpg","Chuối sáp","Trái","Xanh"
"img003179.jpg","Chuối sáp","Trái","Xanh"
"img003180.jpg","Chuối sáp","Trái","Xanh"
"img003181.jpg","Chuối sáp","Trái","Xanh"
"img003182.jpg","Chuối sáp","Trái","Xanh"
"img003183.jpg","Chuối sáp","Trái","Xanh"
"img003184.jpg","Chuối sáp","Trái","Xanh"
"img003185.jpg","Chuối sáp","Trái","Xanh"
"img003186.jpg","Chuối sáp","Trái","Xanh"
"img003187.jpg","Chuối sáp","Trái","Xanh"
"img003188.jpg","Chuối sáp","Trái","Xanh"
"img003189.jpg","Chuối sáp","Trái","Xanh"
"img003190.jpg","Chuối sáp","Trái","Xanh"
"img003191.jpg","Chuối sáp","Trái","Xanh"
"img003192.jpg","Chuối sáp","Trái","Xanh"
"img003193.jpg","Chuối sáp","Trái","Xanh"
"img003194.jpg","Chuối sáp","Trái","Xanh"
"img003195.jpg","Chuối sáp","Trái","Xanh"
"img003196.jpg","Chuối sáp","Trái","Xanh"
"img003197.jpg","Chuối sáp","Trái","Xanh"
"img003198.jpg","Chuối sáp","Trái","Xanh"
"img003199.jpg","Chuối sáp","Trái","Xanh"
"img003200.jpg","Chuối sáp","Trái","Xanh"
"img003201.jpg","Chuối sáp","Trái","Xanh"
"img003202.jpg","Chuối sáp","Trái","Xanh"
"img003203.jpg","Chuối sáp","Trái","Xanh"
"img003204.jpg","Chuối sáp","Trái","Xanh"
"img003205.jpg","Chuối sáp","Trái","Xanh"
"img003206.jpg","Chuối sáp","Trái","Xanh"
"img003207.jpg","Chuối sáp","Trái","Xanh"
"img003208.jpg","Chuối sáp","Trái","Xanh"
"img003209.jpg","Chuối sáp","Trái","Xanh"
"img003210.jpg","Chuối sáp","Trái","Xanh"
"img003211.jpg","Chuối sáp","Trái","Xanh"
"img003212.jpg","Chuối sáp","Trái","Xanh"
"img003213.jpg","Chuối sáp","Trái","Xanh"
"img003214.jpg","Chuối sáp","Trái","Xanh"
"img003215.jpg","Chuối sáp","Trái","Xanh"
"img003216.jpg","Chuối sáp","Trái","Xanh"
"img003217.jpg","Chuối sáp","Trái","Xanh"
"img003218.jpg","Chuối sáp","Trái","Xanh"
"img003219.jpg","Chuối sáp","Trái","Xanh"
"img003220.jpg","Chuối sáp","Trái","Xanh"
"img003221.jpg","Chuối sáp","Trái","Xanh"
"img003222.jpg","Chuối sáp","Trái","Xanh"
"img003223.jpg","Chuối sáp","Trái","Xanh"
"img003224.jpg","Chuối sáp","Trái","Xanh"
"img003225.jpg","Chuối sáp","Trái","Xanh"
"img003226.jpg","Chuối sáp","Trái","Xanh"
"img003227.jpg","Chuối sáp","Trái","Xanh"
"img003228.jpg","Chuối sáp","Trái","Xanh"
"img003229.jpg","Chuối sáp","Trái","Xanh"
"img003230.jpg","Chuối sáp","Trái","Xanh"
"img003231.jpg","Chuối sáp","Trái","Xanh"
"img003232.jpg","Chuối sáp","Trái","Xanh"
"img003233.jpg","Chuối sáp","Trái","Xanh"
"img003234.jpg","Chuối sáp","Trái","Xanh"
"img003235.jpg","Chuối sáp","Trái","Xanh"
"img003236.jpg","Chuối sáp","Trái","Xanh"
"img003237.jpg","Chuối sáp","Trái","Xanh"
"img003238.jpg","Chuối sáp","Trái","Xanh"
"img003239.jpg","Chuối sáp","Trái","Xanh"
"img003240.jpg","Chuối sáp","Trái","Xanh"
"img003241.jpg","Chuối sáp","Trái","Xanh"
"img003242.jpg","Chuối sáp","Trái","Xanh"
"img003243.jpg","Chuối sáp","Trái","Xanh"
"img003244.jpg","Chuối sáp","Trái","Xanh"
"img003245.jpg","Chuối sáp","Trái","Xanh"
"img003246.jpg","Chuối sáp","Trái","Xanh"
"img003247.jpg","Chuối sáp","Trái","Xanh"
"img003248.jpg","Chuối sáp","Trái","Xanh"
"img003249.jpg","Chuối sáp","Trái","Xanh"
"img003250.jpg","Chuối sáp","Trái","Xanh"
"img003251.jpg","Chuối sáp","Trái","Xanh"
"img003252.jpg","Chuối sáp","Trái","Xanh"
"img003253.jpg","Chuối sáp","Trái","Xanh"
"img003254.jpg","Chuối sáp","Trái","Xanh"
"img003255.jpg","Chuối sáp","Trái","Xanh"
"img003256.jpg","Chuối sáp","Trái","Xanh"
"img003257.jpg","Chuối sáp","Trái","Xanh"
"img003258.jpg","Chuối sáp","Trái","Xanh"
"img003259.jpg","Chuối sáp","Trái","Xanh"
"img003260.jpg","Chuối sáp","Trái","Xanh"
"img003261.jpg","Chuối sáp","Trái","Xanh"
"img003262.jpg","Chuối sáp","Trái","Xanh"
"img003263.jpg","Chuối sáp","Trái","Xanh"
"img003264.jpg","Chuối sáp","Trái","Xanh"
"img003265.jpg","Chuối sáp","Trái","Xanh"
"img003266.jpg","Chuối sáp","Trái","Xanh"
"img003267.jpg","Chuối sáp","Trái","Xanh"
"img003268.jpg","Chuối sáp","Trái","Xanh"
"img003269.jpg","Chuối sáp","Trái","Xanh"
"img003270.jpg","Chuối sáp","Trái","Xanh"
"img003271.jpg","Chuối sáp","Trái","Xanh"
"img003272.jpg","Chuối sáp","Trái","Xanh"
"img003273.jpg","Chuối sáp","Trái","Xanh"
"img003274.jpg","Chuối sáp","Trái","Xanh"
"img003275.jpg","Chuối sáp","Trái","Xanh"
"img003276.jpg","Chuối sáp","Trái","Xanh"
"img003277.jpg","Chuối sáp","Trái","Xanh"
"img003278.jpg","Chuối sáp","Trái","Xanh"
"img003279.jpg","Chuối sáp","Trái","Xanh"
"img003280.jpg","Chuối sáp","Trái","Xanh"
"img003281.jpg","Chuối sáp","Trái","Xanh"
"img003282.jpg","Chuối sáp","Trái","Xanh"
"img003283.jpg","Chuối sáp","Trái","Xanh"
"img003284.jpg","Chuối sáp","Trái","Xanh"
"img003285.jpg","Chuối sáp","Trái","Xanh"
"img003286.jpg","Chuối sáp","Trái","Xanh"
"img003287.jpg","Chuối sáp","Trái","Xanh"
"img003288.jpg","Chuối sáp","Trái","Xanh"
"img003289.jpg","Chuối sáp","Trái","Xanh"
"img003290.jpg","Chuối sáp","Trái","Xanh"
"img003291.jpg","Chuối sáp","Trái","Xanh"
"img003292.jpg","Chuối sáp","Trái","Xanh"
"img003293.jpg","Chuối sáp","Trái","Xanh"
"img003294.jpg","Chuối sáp","Trái","Xanh"
"img003295.jpg","Chuối sáp","Trái","Xanh"
"img003296.jpg","Chuối sáp","Trái","Xanh"
"img003297.jpg","Chuối sáp","Trái","Xanh"
"img003298.jpg","Chuối sáp","Trái","Xanh"
"img003299.jpg","Chuối sáp","Trái","Xanh"
"img003300.jpg","Chuối sáp","Trái","Xanh"
"img003301.jpg","Chuối sáp","Trái","Xanh"
"img003302.jpg","Chuối sáp","Trái","Xanh"
"img003303.jpg","Chuối sáp","Trái","Xanh"
"img003304.jpg","Chuối sáp","Trái","Xanh"
"img003305.jpg","Chuối sáp","Trái","Xanh"
"img003306.jpg","Chuối sáp","Trái","Xanh"
"img003307.jpg","Chuối sáp","Trái","Xanh"
"img003308.jpg","Chuối sáp","Trái","Xanh"
"img003309.jpg","Chuối sáp","Trái","Xanh"
"img003310.jpg","Chuối sáp","Trái","Xanh"
"img003311.jpg","Chuối sáp","Trái","Xanh"
"img003312.jpg","Chuối sáp","Trái","Xanh"
"img003313.jpg","Chuối sáp","Trái","Xanh"
"img003314.jpg","Chuối sáp","Trái","Xanh"
"img003315.jpg","Chuối sáp","Trái","Xanh"
"img003316.jpg","Chuối sáp","Trái","Xanh"
"img003317.jpg","Chuối sáp","Trái","Xanh"
"img003318.jpg","Chuối sáp","Trái","Xanh"
"img003319.jpg","Chuối sáp","Trái","Xanh"
"img003320.jpg","Chuối sáp","Trái","Xanh"
"img003321.jpg","Chuối sáp","Trái","Xanh"
"img003322.jpg","Chuối sáp","Trái","Xanh"
"img003323.jpg","Chuối sáp","Trái","Xanh"
"img003324.jpg","Chuối sáp","Trái","Xanh"
"img003325.jpg","Chuối sáp","Trái","Xanh"
"img003326.jpg","Chuối sáp","Trái","Xanh"
"img003327.jpg","Chuối sáp","Trái","Xanh"
"img003328.jpg","Chuối sáp","Trái","Xanh"
"img003329.jpg","Chuối sáp","Trái","Xanh"
"img003330.jpg","Chuối sáp","Trái","Xanh"
"img003331.jpg","Chuối sáp","Trái","Xanh"
"img003332.jpg","Chuối sáp","Trái","Xanh"
"img003333.jpg","Chuối sáp","Trái","Xanh"
"img003334.jpg","Chuối sáp","Trái","Xanh"
"img003335.jpg","Chuối sáp","Trái","Xanh"
"img003336.jpg","Chuối sáp","Trái","Xanh"
"img003337.jpg","Chuối sáp","Trái","Xanh"
"img003338.jpg","Chuối sáp","Trái","Xanh"
"img003339.jpg","Chuối sáp","Trái","Xanh"
"img003340.jpg","Chuối sáp","Trái","Xanh"
"img003341.jpg","Chuối sáp","Trái","Xanh"
"img003342.jpg","Chuối sáp","Trái","Xanh"
"img003343.jpg","Chuối sáp","Trái","Xanh"
"img003344.jpg","Chuối sáp","Trái","Xanh"
"img003345.jpg","Chuối sáp","Trái","Xanh"
"img003346.jpg","Chuối sáp","Trái","Xanh"
"img003347.jpg","Chuối sáp","Trái","Xanh"
"img003348.jpg","Chuối sáp","Trái","Xanh"
"img003349.jpg","Chuối sáp","Trái","Xanh"
"img003350.jpg","Chuối sáp","Trái","Xanh"
"img003351.jpg","Chuối sáp","Trái","Xanh"
"img003352.jpg","Chuối sáp","Trái","Xanh"
"img003353.jpg","Chuối sáp","Trái","Xanh"
"img003354.jpg","Chuối sáp","Trái","Xanh"
"img003355.jpg","Chuối sáp","Trái","Xanh"
"img003356.jpg","Chuối sáp","Trái","Xanh"
"img003357.jpg","Chuối sáp","Trái","Xanh"
"img003358.jpg","Chuối sáp","Trái","Xanh"
"img003359.jpg","Chuối sáp","Trái","Xanh"
"img003360.jpg","Chuối sáp","Trái","Xanh"
"img003361.jpg","Chuối sáp","Trái","Xanh"
"img003362.jpg","Chuối sáp","Trái","Xanh"
"img003363.jpg","Chuối sáp","Trái","Xanh"
"img003364.jpg","Chuối sáp","Trái","Xanh"
"img003365.jpg","Chuối sáp","Trái","Xanh"
"img003366.jpg","Chuối sáp","Trái","Xanh"
"img003367.jpg","Chuối sáp","Trái","Xanh"
"img003368.jpg","Chuối sáp","Trái","Xanh"
"img003369.jpg","Chuối sáp","Trái","Xanh"
"img003370.jpg","Chuối sáp","Trái","Xanh"
"img003371.jpg","Chuối sáp","Trái","Xanh"
"img003372.jpg","Chuối sáp","Trái","Xanh"
"img003373.jpg","Chuối sáp","Trái","Xanh"
"img003374.jpg","Chuối sáp","Trái","Xanh"
"img003375.jpg","Chuối sáp","Trái","Xanh"
"img003376.jpg","Chuối sáp","Trái","Xanh"
"img003377.jpg","Chuối sáp","Trái","Xanh"
"img003378.jpg","Chuối sáp","Trái","Xanh"
"img003379.jpg","Chuối sáp","Trái","Xanh"
"img003380.jpg","Chuối sáp","Trái","Xanh"
"img003381.jpg","Chuối sáp","Trái","Xanh"
"img003382.jpg","Chuối sáp","Trái","Xanh"
"img003383.jpg","Chuối sáp","Trái","Xanh"
"img003384.jpg","Chuối sáp","Trái","Xanh"
"img003385.jpg","Chuối sáp","Trái","Xanh"
"img003386.jpg","Chuối sáp","Trái","Xanh"
"img003387.jpg","Chuối sáp","Trái","Xanh"
"img003388.jpg","Chuối sáp","Trái","Xanh"
"img003389.jpg","Chuối sáp","Trái","Xanh"
"img003390.jpg","Chuối sáp","Trái","Xanh"
"img003391.jpg","Chuối sáp","Trái","Xanh"
"img003392.jpg","Chuối sáp","Trái","Xanh"
"img003393.jpg","Chuối sáp","Trái","Xanh"
"img003394.jpg","Chuối sáp","Trái","Xanh"
"img003395.jpg","Chuối sáp","Trái","Xanh"
"img003396.jpg","Chuối sáp","Trái","Xanh"
"img003397.jpg","Chuối sáp","Trái","Xanh"
"img003398.jpg","Chuối sáp","Trái","Xanh"
"img003399.jpg","Chuối sáp","Trái","Xanh"
"img003400.jpg","Chuối sáp","Trái","Xanh"
"img003401.jpg","Chuối sáp","Trái","Xanh"
"img003402.jpg","Chuối sáp","Trái","Xanh"
"img003403.jpg","Chuối sáp","Trái","Xanh"
"img003404.jpg","Chuối sáp","Trái","Xanh"
"img003405.jpg","Chuối sáp","Trái","Xanh"
"img003406.jpg","Chuối sáp","Trái","Xanh"
"img003407.jpg","Chuối sáp","Trái","Xanh"
"img003408.jpg","Chuối sáp","Trái","Xanh"
"img003409.jpg","Chuối sáp","Trái","Xanh"
"img003410.jpg","Chuối sáp","Trái","Xanh"
"img003411.jpg","Chuối sáp","Trái","Xanh"
"img003412.jpg","Chuối sáp","Trái","Xanh"
"img003413.jpg","Chuối sáp","Trái","Xanh"
"img003414.jpg","Chuối sáp","Trái","Xanh"
"img003415.jpg","Chuối sáp","Trái","Xanh"
"img003416.jpg","Chuối sáp","Trái","Xanh"
"img003417.jpg","Chuối sáp","Trái","Xanh"
"img003418.jpg","Chuối sáp","Trái","Xanh"
"img003419.jpg","Chuối sáp","Trái","Xanh"
"img003420.jpg","Chuối sáp","Trái","Xanh"
"img003421.jpg","Chuối sáp","Trái","Xanh"
"img003422.jpg","Chuối sáp","Trái","Xanh"
"img003423.jpg","Chuối sáp","Trái","Xanh"
"img003424.jpg","Chuối sáp","Trái","Xanh"
"img003425.jpg","Chuối sáp","Trái","Xanh"
"img003426.jpg","Chuối sáp","Trái","Xanh"
"img003427.jpg","Chuối sáp","Trái","Xanh"
"img003428.jpg","Chuối sáp","Trái","Xanh"
"img003429.jpg","Chuối sáp","Trái","Xanh"
"img003430.jpg","Chuối sáp","Trái","Xanh"
"img003431.jpg","Chuối sáp","Trái","Xanh"
"img003432.jpg","Chuối sáp","Trái","Xanh"
"img003433.jpg","Chuối sáp","Trái","Xanh"
"img003434.jpg","Chuối sáp","Trái","Xanh"
"img003435.jpg","Chuối sáp","Trái","Xanh"
"img003436.jpg","Chuối sáp","Trái","Xanh"
"img003437.jpg","Chuối sáp","Trái","Xanh"
"img003438.jpg","Chuối sáp","Trái","Xanh"
"img003439.jpg","Chuối sáp","Trái","Xanh"
"img003440.jpg","Chuối sáp","Trái","Xanh"
"img003441.jpg","Chuối sáp","Trái","Xanh"
"img003442.jpg","Chuối sáp","Trái","Xanh"
"img003443.jpg","Chuối sáp","Trái","Xanh"
"img003444.jpg","Chuối sáp","Trái","Xanh"
"img003445.jpg","Chuối sáp","Trái","Xanh"
"img003446.jpg","Chuối sáp","Trái","Xanh"
"img003447.jpg","Chuối sáp","Trái","Xanh"
"img003448.jpg","Chuối sáp","Trái","Xanh"
"img003449.jpg","Chuối sáp","Trái","Xanh"
"img003450.jpg","Chuối sáp","Trái","Xanh"
"img003451.jpg","Chuối sáp","Trái","Xanh"
"img003452.jpg","Chuối sáp","Trái","Xanh"
"img003453.jpg","Chuối sáp","Trái","Xanh"
"img003454.jpg","Chuối sáp","Trái","Xanh"
"img003455.jpg","Chuối sáp","Trái","Xanh"
"img003456.jpg","Chuối sáp","Trái","Xanh"
"img003457.jpg","Chuối sáp","Trái","Xanh"
"img003458.jpg","Chuối sáp","Trái","Xanh"
"img003459.jpg","Chuối sáp","Trái","Xanh"
"img003460.jpg","Chuối sáp","Trái","Xanh"
"img003461.jpg","Chuối sáp","Trái","Xanh"
"img003462.jpg","Chuối sáp","Trái","Xanh"
"img003463.jpg","Chuối sáp","Trái","Xanh"
"img003464.jpg","Chuối sáp","Trái","Xanh"
"img003465.jpg","Chuối sáp","Trái","Xanh"
"img003466.jpg","Chuối sáp","Trái","Xanh"
"img003467.jpg","Chuối sáp","Trái","Xanh"
"img003468.jpg","Chuối sáp","Trái","Xanh"
"img003469.jpg","Chuối sáp","Trái","Xanh"
"img003470.jpg","Chuối sáp","Trái","Xanh"
"img003471.jpg","Chuối sáp","Trái","Xanh"
"img003472.jpg","Chuối sáp","Trái","Xanh"
"img003473.jpg","Chuối sáp","Trái","Xanh"
"img003474.jpg","Chuối sáp","Trái","Xanh"
"img003475.jpg","Chuối sáp","Trái","Xanh"
"img003476.jpg","Chuối sáp","Trái","Xanh"
"img003477.jpg","Chuối sáp","Trái","Xanh"
"img003478.jpg","Chuối sáp","Trái","Xanh"
"img003479.jpg","Chuối sáp","Trái","Xanh"
"img003480.jpg","Chuối sáp","Trái","Xanh"
"img003481.jpg","Chuối sáp","Trái","Xanh"
"img003482.jpg","Chuối sáp","Trái","Xanh"
"img003483.jpg","Chuối sáp","Trái","Xanh"
"img003484.jpg","Chuối sáp","Trái","Xanh"
"img003485.jpg","Chuối sáp","Trái","Xanh"
"img003486.jpg","Chuối sáp","Trái","Xanh"
"img003487.jpg","Chuối sáp","Trái","Xanh"
"img003488.jpg","Chuối sáp","Trái","Xanh"
"img003489.jpg","Chuối sáp","Trái","Xanh"
"img003490.jpg","Chuối sáp","Trái","Xanh"
"img003491.jpg","Chuối sáp","Trái","Xanh"
"img003492.jpg","Chuối sáp","Trái","Xanh"
"img003493.jpg","Chuối sáp","Trái","Xanh"
"img003494.jpg","Chuối sáp","Trái","Xanh"
"img003495.jpg","Chuối sáp","Trái","Xanh"
"img003496.jpg","Chuối sáp","Trái","Xanh"
"img003497.jpg","Chuối sáp","Trái","Xanh"
"img003498.jpg","Chuối sáp","Trái","Xanh"
"img003499.jpg","Chuối sáp","Trái","Xanh"
"img003500.jpg","Chuối sáp","Trái","Xanh"
"img003501.jpg","Chuối sáp","Trái","Xanh"
"img003502.jpg","Chuối sáp","Trái","Xanh"
"img003503.jpg","Chuối sáp","Trái","Xanh"
"img003504.jpg","Chuối sáp","Trái","Xanh"
"img003505.jpg","Chuối sáp","Trái","Xanh"
"img003506.jpg","Chuối sáp","Trái","Xanh"
"img003507.jpg","Chuối sáp","Trái","Xanh"
"img003508.jpg","Chuối sáp","Trái","Xanh"
"img003509.jpg","Chuối sáp","Trái","Xanh"
"img003510.jpg","Chuối sáp","Trái","Xanh"
"img003511.jpg","Chuối sáp","Trái","Xanh"
"img003512.jpg","Chuối sáp","Trái","Xanh"
"img003513.jpg","Chuối sáp","Trái","Xanh"
"img003514.jpg","Chuối sáp","Trái","Xanh"
"img003515.jpg","Chuối sáp","Trái","Xanh"
"img003516.jpg","Chuối sáp","Trái","Xanh"
"img003517.jpg","Chuối sáp","Trái","Xanh"
"img003518.jpg","Chuối sáp","Trái","Xanh"
"img003519.jpg","Chuối sáp","Trái","Xanh"
"img003520.jpg","Chuối táo quạ","Buồng","Chín"
"img003521.jpg","Chuối táo quạ","Buồng","Chín"
"img003522.jpg","Chuối táo quạ","Buồng","Chín"
"img003523.jpg","Chuối táo quạ","Buồng","Chín"
"img003524.jpg","Chuối táo quạ","Buồng","Chín"
"img003525.jpg","Chuối táo quạ","Buồng","Chín"
"img003526.jpg","Chuối táo quạ","Buồng","Chín"
"img003527.jpg","Chuối táo quạ","Buồng","Chín"
"img003528.jpg","Chuối táo quạ","Buồng","Chín"
"img003529.jpg","Chuối táo quạ","Buồng","Chín"
"img003530.jpg","Chuối táo quạ","Buồng","Chín"
"img003531.jpg","Chuối táo quạ","Buồng","Xanh"
"img003532.jpg","Chuối táo quạ","Buồng","Xanh"
"img003533.jpg","Chuối táo quạ","Buồng","Xanh"
"img003534.jpg","Chuối táo quạ","Buồng","Xanh"
"img003535.jpg","Chuối táo quạ","Buồng","Xanh"
"img003536.jpg","Chuối táo quạ","Buồng","Xanh"
"img003537.jpg","Chuối táo quạ","Buồng","Xanh"
"img003538.jpg","Chuối táo quạ","Buồng","Xanh"
"img003539.jpg","Chuối táo quạ","Buồng","Xanh"
"img003540.jpg","Chuối táo quạ","Buồng","Xanh"
"img003541.jpg","Chuối táo quạ","Buồng","Xanh"
"img003542.jpg","Chuối táo quạ","Buồng","Xanh"
"img003543.jpg","Chuối táo quạ","Buồng","Xanh"
"img003544.jpg","Chuối táo quạ","Buồng","Xanh"
"img003545.jpg","Chuối táo quạ","Buồng","Xanh"
"img003546.jpg","Chuối táo quạ","Buồng","Xanh"
"img003547.jpg","Chuối táo quạ","Buồng","Xanh"
"img003548.jpg","Chuối táo quạ","Buồng","Xanh"
"img003549.jpg","Chuối táo quạ","Buồng","Xanh"
"img003550.jpg","Chuối táo quạ","Buồng","Xanh"
"img003551.jpg","Chuối táo quạ","Buồng","Xanh"
"img003552.jpg","Chuối táo quạ","Buồng","Xanh"
"img003553.jpg","Chuối táo quạ","Buồng","Xanh"
"img003554.jpg","Chuối táo quạ","Buồng","Xanh"
"img003555.jpg","Chuối táo quạ","Buồng","Xanh"
"img003556.jpg","Chuối táo quạ","Buồng","Xanh"
"img003557.jpg","Chuối táo quạ","Buồng","Xanh"
"img003558.jpg","Chuối táo quạ","Buồng","Xanh"
"img003559.jpg","Chuối táo quạ","Buồng","Xanh"
"img003560.jpg","Chuối táo quạ","Buồng","Xanh"
"img003561.jpg","Chuối táo quạ","Buồng","Xanh"
"img003562.jpg","Chuối táo quạ","Buồng","Xanh"
"img003563.jpg","Chuối táo quạ","Buồng","Xanh"
"img003564.jpg","Chuối táo quạ","Buồng","Xanh"
"img003565.jpg","Chuối táo quạ","Buồng","Xanh"
"img003566.jpg","Chuối táo quạ","Buồng","Xanh"
"img003567.jpg","Chuối táo quạ","Buồng","Xanh"
"img003568.jpg","Chuối táo quạ","Buồng","Xanh"
"img003569.jpg","Chuối táo quạ","Buồng","Xanh"
"img003570.jpg","Chuối táo quạ","Buồng","Xanh"
"img003571.jpg","Chuối táo quạ","Buồng","Xanh"
"img003572.jpg","Chuối táo quạ","Buồng","Xanh"
"img003573.jpg","Chuối táo quạ","Buồng","Xanh"
"img003574.jpg","Chuối táo quạ","Buồng","Xanh"
"img003575.jpg","Chuối táo quạ","Buồng","Xanh"
"img003576.jpg","Chuối táo quạ","Buồng","Xanh"
"img003577.jpg","Chuối táo quạ","Buồng","Xanh"
"img003578.jpg","Chuối táo quạ","Buồng","Xanh"
"img003579.jpg","Chuối táo quạ","Buồng","Xanh"
"img003580.jpg","Chuối táo quạ","Buồng","Xanh"
"img003581.jpg","Chuối táo quạ","Buồng","Xanh"
"img003582.jpg","Chuối táo quạ","Buồng","Xanh"
"img003583.jpg","Chuối táo quạ","Buồng","Xanh"
"img003584.jpg","Chuối táo quạ","Buồng","Xanh"
"img003585.jpg","Chuối táo quạ","Buồng","Xanh"
"img003586.jpg","Chuối táo quạ","Buồng","Xanh"
"img003587.jpg","Chuối táo quạ","Buồng","Xanh"
"img003588.jpg","Chuối táo quạ","Buồng","Xanh"
"img003589.jpg","Chuối táo quạ","Buồng","Xanh"
"img003590.jpg","Chuối táo quạ","Buồng","Xanh"
"img003591.jpg","Chuối táo quạ","Buồng","Xanh"
"img003592.jpg","Chuối táo quạ","Buồng","Xanh"
"img003593.jpg","Chuối táo quạ","Buồng","Xanh"
"img003594.jpg","Chuối táo quạ","Buồng","Xanh"
"img003595.jpg","Chuối táo quạ","Buồng","Xanh"
"img003596.jpg","Chuối táo quạ","Buồng","Xanh"
"img003597.jpg","Chuối táo quạ","Buồng","Xanh"
"img003598.jpg","Chuối táo quạ","Buồng","Xanh"
"img003599.jpg","Chuối táo quạ","Buồng","Xanh"
"img003600.jpg","Chuối táo quạ","Buồng","Xanh"
"img003601.jpg","Chuối táo quạ","Buồng","Xanh"
"img003602.jpg","Chuối táo quạ","Buồng","Xanh"
"img003603.jpg","Chuối táo quạ","Buồng","Xanh"
"img003604.jpg","Chuối táo quạ","Buồng","Xanh"
"img003605.jpg","Chuối táo quạ","Buồng","Xanh"
"img003606.jpg","Chuối táo quạ","Buồng","Xanh"
"img003607.jpg","Chuối táo quạ","Buồng","Xanh"
"img003608.jpg","Chuối táo quạ","Buồng","Xanh"
"img003609.jpg","Chuối táo quạ","Buồng","Xanh"
"img003610.jpg","Chuối táo quạ","Buồng","Xanh"
"img003611.jpg","Chuối táo quạ","Buồng","Xanh"
"img003612.jpg","Chuối táo quạ","Buồng","Xanh"
"img003613.jpg","Chuối táo quạ","Buồng","Xanh"
"img003614.jpg","Chuối táo quạ","Buồng","Xanh"
"img003615.jpg","Chuối táo quạ","Buồng","Xanh"
"img003616.jpg","Chuối táo quạ","Buồng","Xanh"
"img003617.jpg","Chuối táo quạ","Buồng","Xanh"
"img003618.jpg","Chuối táo quạ","Buồng","Xanh"
"img003619.png","Chuối táo quạ","Buồng","Xanh"
"img003620.png","Chuối táo quạ","Buồng","Xanh"
"img003621.png","Chuối táo quạ","Buồng","Xanh"
"img003622.jpg","Chuối táo quạ","Nải","Chín"
"img003623.jpg","Chuối táo quạ","Nải","Chín"
"img003624.jpg","Chuối táo quạ","Nải","Chín"
"img003625.jpg","Chuối táo quạ","Nải","Chín"
"img003626.jpg","Chuối táo quạ","Nải","Chín"
"img003627.jpg","Chuối táo quạ","Nải","Chín"
"img003628.jpg","Chuối táo quạ","Nải","Chín"
"img003629.jpg","Chuối táo quạ","Nải","Chín"
"img003630.jpg","Chuối táo quạ","Nải","Chín"
"img003631.jpg","Chuối táo quạ","Nải","Chín"
"img003632.jpg","Chuối táo quạ","Nải","Chín"
"img003633.jpg","Chuối táo quạ","Nải","Chín"
"img003634.jpg","Chuối táo quạ","Nải","Chín"
"img003635.jpg","Chuối táo quạ","Nải","Chín"
"img003636.jpg","Chuối táo quạ","Nải","Chín"
"img003637.jpg","Chuối táo quạ","Nải","Chín"
"img003638.jpg","Chuối táo quạ","Nải","Chín"
"img003639.jpg","Chuối táo quạ","Nải","Chín"
"img003640.jpg","Chuối táo quạ","Nải","Chín"
"img003641.jpg","Chuối táo quạ","Nải","Chín"
"img003642.jpg","Chuối táo quạ","Nải","Chín"
"img003643.jpg","Chuối táo quạ","Nải","Chín"
"img003644.jpg","Chuối táo quạ","Nải","Chín"
"img003645.jpg","Chuối táo quạ","Nải","Chín"
"img003646.jpg","Chuối táo quạ","Nải","Chín"
"img003647.jpg","Chuối táo quạ","Nải","Chín"
"img003648.jpg","Chuối táo quạ","Nải","Chín"
"img003649.jpg","Chuối táo quạ","Nải","Chín"
"img003650.jpg","Chuối táo quạ","Nải","Chín"
"img003651.jpg","Chuối táo quạ","Nải","Chín"
"img003652.jpg","Chuối táo quạ","Nải","Chín"
"img003653.jpg","Chuối táo quạ","Nải","Chín"
"img003654.jpg","Chuối táo quạ","Nải","Chín"
"img003655.jpg","Chuối táo quạ","Nải","Chín"
"img003656.jpg","Chuối táo quạ","Nải","Chín"
"img003657.jpg","Chuối táo quạ","Nải","Chín"
"img003658.jpg","Chuối táo quạ","Nải","Chín"
"img003659.jpg","Chuối táo quạ","Nải","Chín"
"img003660.jpg","Chuối táo quạ","Nải","Chín"
"img003661.jpg","Chuối táo quạ","Nải","Chín"
"img003662.jpg","Chuối táo quạ","Nải","Chín"
"img003663.jpg","Chuối táo quạ","Nải","Chín"
"img003664.jpg","Chuối táo quạ","Nải","Chín"
"img003665.jpg","Chuối táo quạ","Nải","Chín"
"img003666.jpg","Chuối táo quạ","Nải","Chín"
"img003667.jpg","Chuối táo quạ","Nải","Chín"
"img003668.jpg","Chuối táo quạ","Nải","Chín"
"img003669.jpg","Chuối táo quạ","Nải","Chín"
"img003670.jpg","Chuối táo quạ","Nải","Chín"
"img003671.jpg","Chuối táo quạ","Nải","Chín"
"img003672.jpg","Chuối táo quạ","Nải","Chín"
"img003673.jpg","Chuối táo quạ","Nải","Chín"
"img003674.jpg","Chuối táo quạ","Nải","Chín"
"img003675.jpg","Chuối táo quạ","Nải","Xanh"
"img003676.jpg","Chuối táo quạ","Nải","Xanh"
"img003677.jpg","Chuối táo quạ","Nải","Xanh"
"img003678.jpg","Chuối táo quạ","Nải","Xanh"
"img003679.jpg","Chuối táo quạ","Nải","Xanh"
"img003680.jpg","Chuối táo quạ","Nải","Xanh"
"img003681.jpg","Chuối táo quạ","Nải","Xanh"
"img003682.jpg","Chuối táo quạ","Nải","Xanh"
"img003683.jpg","Chuối táo quạ","Nải","Xanh"
"img003684.jpg","Chuối táo quạ","Nải","Xanh"
"img003685.jpg","Chuối táo quạ","Nải","Xanh"
"img003686.jpg","Chuối táo quạ","Nải","Xanh"
"img003687.jpg","Chuối táo quạ","Nải","Xanh"
"img003688.jpg","Chuối táo quạ","Nải","Xanh"
"img003689.jpg","Chuối táo quạ","Nải","Xanh"
"img003690.jpg","Chuối táo quạ","Nải","Xanh"
"img003691.jpg","Chuối táo quạ","Nải","Xanh"
"img003692.jpg","Chuối táo quạ","Nải","Xanh"
"img003693.jpg","Chuối táo quạ","Nải","Xanh"
"img003694.jpg","Chuối táo quạ","Nải","Xanh"
"img003695.jpg","Chuối táo quạ","Nải","Xanh"
"img003696.jpg","Chuối táo quạ","Nải","Xanh"
"img003697.jpg","Chuối táo quạ","Nải","Xanh"
"img003698.jpg","Chuối táo quạ","Nải","Xanh"
"img003699.jpg","Chuối táo quạ","Nải","Xanh"
"img003700.jpg","Chuối táo quạ","Nải","Xanh"
"img003701.jpg","Chuối táo quạ","Nải","Xanh"
"img003702.jpg","Chuối táo quạ","Nải","Xanh"
"img003703.jpg","Chuối táo quạ","Nải","Xanh"
"img003704.jpg","Chuối táo quạ","Nải","Xanh"
"img003705.jpg","Chuối táo quạ","Nải","Xanh"
"img003706.jpg","Chuối táo quạ","Nải","Xanh"
"img003707.jpg","Chuối táo quạ","Nải","Xanh"
"img003708.jpg","Chuối táo quạ","Nải","Xanh"
"img003709.jpg","Chuối táo quạ","Nải","Xanh"
"img003710.jpg","Chuối táo quạ","Nải","Xanh"
"img003711.jpg","Chuối táo quạ","Nải","Xanh"
"img003712.jpg","Chuối táo quạ","Nải","Xanh"
"img003713.jpg","Chuối táo quạ","Nải","Xanh"
"img003714.jpg","Chuối táo quạ","Nải","Xanh"
"img003715.jpg","Chuối táo quạ","Nải","Xanh"
"img003716.jpg","Chuối táo quạ","Nải","Xanh"
"img003717.jpg","Chuối táo quạ","Nải","Xanh"
"img003718.jpg","Chuối táo quạ","Nải","Xanh"
"img003719.jpg","Chuối táo quạ","Nải","Xanh"
"img003720.jpg","Chuối táo quạ","Nải","Xanh"
"img003721.jpg","Chuối táo quạ","Nải","Xanh"
"img003722.jpg","Chuối táo quạ","Nải","Xanh"
"img003723.jpg","Chuối táo quạ","Nải","Xanh"
"img003724.jpg","Chuối táo quạ","Nải","Xanh"
"img003725.jpg","Chuối táo quạ","Nải","Xanh"
"img003726.jpg","Chuối táo quạ","Nải","Xanh"
"img003727.jpg","Chuối táo quạ","Nải","Xanh"
"img003728.jpg","Chuối táo quạ","Nải","Xanh"
"img003729.jpg","Chuối táo quạ","Nải","Xanh"
"img003730.jpg","Chuối táo quạ","Nải","Xanh"
"img003731.jpg","Chuối táo quạ","Nải","Xanh"
"img003732.jpg","Chuối táo quạ","Nải","Xanh"
"img003733.jpg","Chuối táo quạ","Nải","Xanh"
"img003734.jpg","Chuối táo quạ","Trái","Chín"
"img003735.jpg","Chuối táo quạ","Trái","Chín"
"img003736.jpg","Chuối táo quạ","Trái","Chín"
"img003737.jpg","Chuối táo quạ","Trái","Chín"
"img003738.jpg","Chuối táo quạ","Trái","Chín"
"img003739.jpg","Chuối táo quạ","Trái","Chín"
"img003740.jpg","Chuối táo quạ","Trái","Chín"
"img003741.jpg","Chuối táo quạ","Trái","Chín"
"img003742.jpg","Chuối táo quạ","Trái","Chín"
"img003743.jpg","Chuối táo quạ","Trái","Chín"
"img003744.jpg","Chuối táo quạ","Trái","Chín"
"img003745.jpg","Chuối táo quạ","Trái","Chín"
"img003746.jpg","Chuối táo quạ","Trái","Chín"
"img003747.jpg","Chuối táo quạ","Trái","Chín"
"img003748.jpg","Chuối táo quạ","Trái","Chín"
"img003749.jpg","Chuối táo quạ","Trái","Chín"
"img003750.jpg","Chuối táo quạ","Trái","Chín"
"img003751.jpg","Chuối táo quạ","Trái","Chín"
"img003752.jpg","Chuối táo quạ","Trái","Chín"
"img003753.jpg","Chuối táo quạ","Trái","Chín"
"img003754.jpg","Chuối táo quạ","Trái","Chín"
"img003755.jpg","Chuối táo quạ","Trái","Chín"
"img003756.jpg","Chuối táo quạ","Trái","Chín"
"img003757.jpg","Chuối táo quạ","Trái","Chín"
"img003758.jpg","Chuối táo quạ","Trái","Chín"
"img003759.jpg","Chuối táo quạ","Trái","Chín"
"img003760.jpg","Chuối táo quạ","Trái","Chín"
"img003761.jpg","Chuối táo quạ","Trái","Chín"
"img003762.jpg","Chuối táo quạ","Trái","Chín"
"img003763.jpg","Chuối táo quạ","Trái","Chín"
"img003764.jpg","Chuối táo quạ","Trái","Chín"
"img003765.jpg","Chuối táo quạ","Trái","Chín"
"img003766.jpg","Chuối táo quạ","Trái","Chín"
"img003767.jpg","Chuối táo quạ","Trái","Chín"
"img003768.jpg","Chuối táo quạ","Trái","Chín"
"img003769.jpg","Chuối táo quạ","Trái","Chín"
"img003770.jpg","Chuối táo quạ","Trái","Chín"
"img003771.jpg","Chuối táo quạ","Trái","Chín"
"img003772.jpg","Chuối táo quạ","Trái","Chín"
"img003773.jpg","Chuối táo quạ","Trái","Chín"
"img003774.jpg","Chuối táo quạ","Trái","Chín"
"img003775.jpg","Chuối táo quạ","Trái","Chín"
"img003776.jpg","Chuối táo quạ","Trái","Chín"
"img003777.jpg","Chuối táo quạ","Trái","Chín"
"img003778.jpg","Chuối táo quạ","Trái","Xanh"
"img003779.jpg","Chuối táo quạ","Trái","Xanh"
"img003780.jpg","Chuối táo quạ","Trái","Xanh"
"img003781.jpg","Chuối táo quạ","Trái","Xanh"
"img003782.jpg","Chuối táo quạ","Trái","Xanh"
"img003783.jpg","Chuối táo quạ","Trái","Xanh"
"img003784.jpg","Chuối táo quạ","Trái","Xanh"
"img003785.jpg","Chuối táo quạ","Trái","Xanh"
"img003786.jpg","Chuối táo quạ","Trái","Xanh"
"img003787.jpg","Chuối táo quạ","Trái","Xanh"
"img003788.jpg","Chuối táo quạ","Trái","Xanh"
"img003789.jpg","Chuối táo quạ","Trái","Xanh"
"img003790.jpg","Chuối táo quạ","Trái","Xanh"
"img003791.jpg","Chuối táo quạ","Trái","Xanh"
"img003792.jpg","Chuối táo quạ","Trái","Xanh"
"img003793.jpg","Chuối táo quạ","Trái","Xanh"
"img003794.jpg","Chuối táo quạ","Trái","Xanh"
"img003795.jpg","Chuối táo quạ","Trái","Xanh"
"img003796.jpg","Chuối táo quạ","Trái","Xanh"
"img003797.jpg","Chuối táo quạ","Trái","Xanh"
"img003798.jpg","Chuối táo quạ","Trái","Xanh"
"img003799.jpg","Chuối táo quạ","Trái","Xanh"
"img003800.jpg","Chuối táo quạ","Trái","Xanh"
"img003801.jpg","Chuối táo quạ","Trái","Xanh"
"img003802.jpg","Chuối táo quạ","Trái","Xanh"
"img003803.jpg","Chuối táo quạ","Trái","Xanh"
"img003804.jpg","Chuối táo quạ","Trái","Xanh"
"img003805.jpg","Chuối táo quạ","Trái","Xanh"
"img003806.jpg","Chuối táo quạ","Trái","Xanh"
"img003807.jpg","Chuối táo quạ","Trái","Xanh"
"img003808.jpg","Chuối táo quạ","Trái","Xanh"
"img003809.jpg","Chuối táo quạ","Trái","Xanh"
"img003810.jpg","Chuối táo quạ","Trái","Xanh"
"img003811.jpg","Chuối táo quạ","Trái","Xanh"
"img003812.jpg","Chuối táo quạ","Trái","Xanh"
"img003813.jpg","Chuối táo quạ","Trái","Xanh"
"img003814.jpg","Chuối táo quạ","Trái","Xanh"
"img003815.jpg","Chuối táo quạ","Trái","Xanh"
"img003816.jpg","Chuối táo quạ","Trái","Xanh"
"img003817.jpg","Chuối táo quạ","Trái","Xanh"
"img003818.jpg","Chuối táo quạ","Trái","Xanh"
"img003819.jpg","Chuối táo quạ","Trái","Xanh"
"img003820.jpg","Chuối xiêm","Buồng","Chín"
"img003821.jpg","Chuối xiêm","Buồng","Chín"
"img003822.jpg","Chuối xiêm","Buồng","Chín"
"img003823.jpg","Chuối xiêm","Buồng","Chín"
"img003824.jpg","Chuối xiêm","Buồng","Chín"
"img003825.jpg","Chuối xiêm","Buồng","Chín"
"img003826.jpg","Chuối xiêm","Buồng","Chín"
"img003827.jpg","Chuối xiêm","Buồng","Chín"
"img003828.jpg","Chuối xiêm","Buồng","Chín"
"img003829.jpg","Chuối xiêm","Buồng","Chín"
"img003830.jpg","Chuối xiêm","Buồng","Chín"
"img003831.jpg","Chuối xiêm","Buồng","Chín"
"img003832.jpg","Chuối xiêm","Buồng","Chín"
"img003833.jpg","Chuối xiêm","Buồng","Chín"
"img003834.jpg","Chuối xiêm","Buồng","Chín"
"img003835.jpg","Chuối xiêm","Buồng","Chín"
"img003836.jpg","Chuối xiêm","Buồng","Chín"
"img003837.jpg","Chuối xiêm","Buồng","Chín"
"img003838.jpg","Chuối xiêm","Buồng","Chín"
"img003839.jpg","Chuối xiêm","Buồng","Chín"
"img003840.jpg","Chuối xiêm","Buồng","Chín"
"img003841.jpg","Chuối xiêm","Buồng","Chín"
"img003842.jpg","Chuối xiêm","Buồng","Chín"
"img003843.jpg","Chuối xiêm","Buồng","Chín"
"img003844.jpg","Chuối xiêm","Buồng","Chín"
"img003845.jpg","Chuối xiêm","Buồng","Chín"
"img003846.jpg","Chuối xiêm","Buồng","Chín"
"img003847.jpg","Chuối xiêm","Buồng","Chín"
"img003848.jpg","Chuối xiêm","Buồng","Chín"
"img003849.jpg","Chuối xiêm","Buồng","Chín"
"img003850.jpg","Chuối xiêm","Buồng","Chín"
"img003851.jpg","Chuối xiêm","Buồng","Chín"
"img003852.jpg","Chuối xiêm","Buồng","Chín"
"img003853.jpg","Chuối xiêm","Buồng","Chín"
"img003854.jpg","Chuối xiêm","Buồng","Chín"
"img003855.jpg","Chuối xiêm","Buồng","Chín"
"img003856.jpg","Chuối xiêm","Buồng","Chín"
"img003857.jpg","Chuối xiêm","Buồng","Chín"
"img003858.jpg","Chuối xiêm","Buồng","Chín"
"img003859.jpg","Chuối xiêm","Buồng","Chín"
"img003860.jpg","Chuối xiêm","Buồng","Chín"
"img003861.jpg","Chuối xiêm","Buồng","Chín"
"img003862.jpg","Chuối xiêm","Buồng","Chín"
"img003863.jpg","Chuối xiêm","Buồng","Chín"
"img003864.jpg","Chuối xiêm","Buồng","Chín"
"img003865.jpg","Chuối xiêm","Buồng","Chín"
"img003866.jpg","Chuối xiêm","Buồng","Chín"
"img003867.jpg","Chuối xiêm","Buồng","Chín"
"img003868.jpg","Chuối xiêm","Buồng","Chín"
"img003869.jpg","Chuối xiêm","Buồng","Chín"
"img003870.jpg","Chuối xiêm","Buồng","Chín"
"img003871.jpg","Chuối xiêm","Buồng","Chín"
"img003872.jpg","Chuối xiêm","Buồng","Chín"
"img003873.jpg","Chuối xiêm","Buồng","Chín"
"img003874.jpg","Chuối xiêm","Buồng","Chín"
"img003875.jpg","Chuối xiêm","Buồng","Chín"
"img003876.jpg","Chuối xiêm","Buồng","Chín"
"img003877.jpg","Chuối xiêm","Buồng","Chín"
"img003878.jpg","Chuối xiêm","Buồng","Chín"
"img003879.jpg","Chuối xiêm","Buồng","Chín"
"img003880.jpg","Chuối xiêm","Buồng","Chín"
"img003881.jpg","Chuối xiêm","Buồng","Chín"
"img003882.jpg","Chuối xiêm","Buồng","Chín"
"img003883.jpg","Chuối xiêm","Buồng","Chín"
"img003884.jpg","Chuối xiêm","Buồng","Chín"
"img003885.jpg","Chuối xiêm","Buồng","Chín"
"img003886.jpg","Chuối xiêm","Buồng","Chín"
"img003887.jpg","Chuối xiêm","Buồng","Chín"
"img003888.jpg","Chuối xiêm","Buồng","Chín"
"img003889.jpg","Chuối xiêm","Buồng","Chín"
"img003890.jpg","Chuối xiêm","Buồng","Chín"
"img003891.jpg","Chuối xiêm","Buồng","Chín"
"img003892.jpg","Chuối xiêm","Buồng","Chín"
"img003893.jpg","Chuối xiêm","Buồng","Chín"
"img003894.jpg","Chuối xiêm","Buồng","Chín"
"img003895.jpg","Chuối xiêm","Buồng","Chín"
"img003896.jpg","Chuối xiêm","Buồng","Chín"
"img003897.jpg","Chuối xiêm","Buồng","Xanh"
"img003898.jpg","Chuối xiêm","Buồng","Xanh"
"img003899.jpg","Chuối xiêm","Buồng","Xanh"
"img003900.jpg","Chuối xiêm","Buồng","Xanh"
"img003901.jpg","Chuối xiêm","Buồng","Xanh"
"img003902.jpg","Chuối xiêm","Buồng","Xanh"
"img003903.jpg","Chuối xiêm","Buồng","Xanh"
"img003904.jpg","Chuối xiêm","Buồng","Xanh"
"img003905.jpg","Chuối xiêm","Buồng","Xanh"
"img003906.jpg","Chuối xiêm","Buồng","Xanh"
"img003907.jpg","Chuối xiêm","Buồng","Xanh"
"img003908.jpg","Chuối xiêm","Buồng","Xanh"
"img003909.jpg","Chuối xiêm","Buồng","Xanh"
"img003910.jpg","Chuối xiêm","Buồng","Xanh"
"img003911.jpg","Chuối xiêm","Buồng","Xanh"
"img003912.jpg","Chuối xiêm","Buồng","Xanh"
"img003913.jpg","Chuối xiêm","Buồng","Xanh"
"img003914.jpg","Chuối xiêm","Buồng","Xanh"
"img003915.jpg","Chuối xiêm","Buồng","Xanh"
"img003916.jpg","Chuối xiêm","Buồng","Xanh"
"img003917.jpg","Chuối xiêm","Buồng","Xanh"
"img003918.jpg","Chuối xiêm","Buồng","Xanh"
"img003919.jpg","Chuối xiêm","Buồng","Xanh"
"img003920.jpg","Chuối xiêm","Buồng","Xanh"
"img003921.jpg","Chuối xiêm","Buồng","Xanh"
"img003922.jpg","Chuối xiêm","Buồng","Xanh"
"img003923.jpg","Chuối xiêm","Buồng","Xanh"
"img003924.jpg","Chuối xiêm","Buồng","Xanh"
"img003925.jpg","Chuối xiêm","Buồng","Xanh"
"img003926.jpg","Chuối xiêm","Buồng","Xanh"
"img003927.jpg","Chuối xiêm","Buồng","Xanh"
"img003928.jpg","Chuối xiêm","Buồng","Xanh"
"img003929.jpg","Chuối xiêm","Buồng","Xanh"
"img003930.jpg","Chuối xiêm","Buồng","Xanh"
"img003931.jpg","Chuối xiêm","Buồng","Xanh"
"img003932.jpg","Chuối xiêm","Buồng","Xanh"
"img003933.jpg","Chuối xiêm","Buồng","Xanh"
"img003934.jpg","Chuối xiêm","Buồng","Xanh"
"img003935.jpg","Chuối xiêm","Buồng","Xanh"
"img003936.jpg","Chuối xiêm","Buồng","Xanh"
"img003937.jpg","Chuối xiêm","Buồng","Xanh"
"img003938.jpg","Chuối xiêm","Buồng","Xanh"
"img003939.jpg","Chuối xiêm","Buồng","Xanh"
"img003940.jpg","Chuối xiêm","Buồng","Xanh"
"img003941.jpg","Chuối xiêm","Buồng","Xanh"
"img003942.jpg","Chuối xiêm","Buồng","Xanh"
"img003943.jpg","Chuối xiêm","Buồng","Xanh"
"img003944.jpg","Chuối xiêm","Buồng","Xanh"
"img003945.jpg","Chuối xiêm","Buồng","Xanh"
"img003946.jpg","Chuối xiêm","Buồng","Xanh"
"img003947.jpg","Chuối xiêm","Buồng","Xanh"
"img003948.jpg","Chuối xiêm","Buồng","Xanh"
"img003949.jpg","Chuối xiêm","Buồng","Xanh"
"img003950.jpg","Chuối xiêm","Buồng","Xanh"
"img003951.jpg","Chuối xiêm","Buồng","Xanh"
"img003952.jpg","Chuối xiêm","Buồng","Xanh"
"img003953.jpg","Chuối xiêm","Buồng","Xanh"
"img003954.jpg","Chuối xiêm","Buồng","Xanh"
"img003955.jpg","Chuối xiêm","Buồng","Xanh"
"img003956.jpg","Chuối xiêm","Buồng","Xanh"
"img003957.jpg","Chuối xiêm","Buồng","Xanh"
"img003958.jpg","Chuối xiêm","Buồng","Xanh"
"img003959.jpg","Chuối xiêm","Buồng","Xanh"
"img003960.jpg","Chuối xiêm","Buồng","Xanh"
"img003961.jpg","Chuối xiêm","Buồng","Xanh"
"img003962.jpg","Chuối xiêm","Buồng","Xanh"
"img003963.jpg","Chuối xiêm","Buồng","Xanh"
"img003964.jpg","Chuối xiêm","Buồng","Xanh"
"img003965.jpg","Chuối xiêm","Buồng","Xanh"
"img003966.jpg","Chuối xiêm","Buồng","Xanh"
"img003967.jpg","Chuối xiêm","Buồng","Xanh"
"img003968.jpg","Chuối xiêm","Buồng","Xanh"
"img003969.jpg","Chuối xiêm","Buồng","Xanh"
"img003970.jpg","Chuối xiêm","Buồng","Xanh"
"img003971.jpg","Chuối xiêm","Buồng","Xanh"
"img003972.jpg","Chuối xiêm","Buồng","Xanh"
"img003973.jpg","Chuối xiêm","Buồng","Xanh"
"img003974.jpg","Chuối xiêm","Buồng","Xanh"
"img003975.jpg","Chuối xiêm","Buồng","Xanh"
"img003976.jpg","Chuối xiêm","Buồng","Xanh"
"img003977.jpg","Chuối xiêm","Buồng","Xanh"
"img003978.jpg","Chuối xiêm","Buồng","Xanh"
"img003979.jpg","Chuối xiêm","Buồng","Xanh"
"img003980.jpg","Chuối xiêm","Buồng","Xanh"
"img003981.jpg","Chuối xiêm","Buồng","Xanh"
"img003982.jpg","Chuối xiêm","Buồng","Xanh"
"img003983.jpg","Chuối xiêm","Buồng","Xanh"
"img003984.jpg","Chuối xiêm","Buồng","Xanh"
"img003985.jpg","Chuối xiêm","Buồng","Xanh"
"img003986.jpg","Chuối xiêm","Buồng","Xanh"
"img003987.jpg","Chuối xiêm","Buồng","Xanh"
"img003988.jpg","Chuối xiêm","Buồng","Xanh"
"img003989.jpg","Chuối xiêm","Buồng","Xanh"
"img003990.jpg","Chuối xiêm","Buồng","Xanh"
"img003991.jpg","Chuối xiêm","Buồng","Xanh"
"img003992.jpg","Chuối xiêm","Buồng","Xanh"
"img003993.jpg","Chuối xiêm","Buồng","Xanh"
"img003994.jpg","Chuối xiêm","Buồng","Xanh"
"img003995.jpg","Chuối xiêm","Buồng","Xanh"
"img003996.jpg","Chuối xiêm","Buồng","Xanh"
"img003997.jpg","Chuối xiêm","Buồng","Xanh"
"img003998.jpg","Chuối xiêm","Buồng","Xanh"
"img003999.jpg","Chuối xiêm","Buồng","Xanh"
"img004000.jpg","Chuối xiêm","Buồng","Xanh"
"img004001.jpg","Chuối xiêm","Buồng","Xanh"
"img004002.jpg","Chuối xiêm","Buồng","Xanh"
"img004003.jpg","Chuối xiêm","Buồng","Xanh"
"img004004.jpg","Chuối xiêm","Buồng","Xanh"
"img004005.jpg","Chuối xiêm","Buồng","Xanh"
"img004006.jpg","Chuối xiêm","Buồng","Xanh"
"img004007.jpg","Chuối xiêm","Buồng","Xanh"
"img004008.jpg","Chuối xiêm","Buồng","Xanh"
"img004009.jpg","Chuối xiêm","Buồng","Xanh"
"img004010.jpg","Chuối xiêm","Buồng","Xanh"
"img004011.jpg","Chuối xiêm","Buồng","Xanh"
"img004012.jpg","Chuối xiêm","Buồng","Xanh"
"img004013.jpg","Chuối xiêm","Buồng","Xanh"
"img004014.jpg","Chuối xiêm","Buồng","Xanh"
"img004015.jpg","Chuối xiêm","Buồng","Xanh"
"img004016.jpg","Chuối xiêm","Buồng","Xanh"
"img004017.jpg","Chuối xiêm","Buồng","Xanh"
"img004018.jpg","Chuối xiêm","Buồng","Xanh"
"img004019.jpg","Chuối xiêm","Buồng","Xanh"
"img004020.jpg","Chuối xiêm","Buồng","Xanh"
"img004021.jpg","Chuối xiêm","Buồng","Xanh"
"img004022.jpg","Chuối xiêm","Buồng","Xanh"
"img004023.jpg","Chuối xiêm","Buồng","Xanh"
"img004024.jpg","Chuối xiêm","Buồng","Xanh"
"img004025.jpg","Chuối xiêm","Buồng","Xanh"
"img004026.jpg","Chuối xiêm","Buồng","Xanh"
"img004027.jpg","Chuối xiêm","Buồng","Xanh"
"img004028.jpg","Chuối xiêm","Buồng","Xanh"
"img004029.jpg","Chuối xiêm","Buồng","Xanh"
"img004030.jpg","Chuối xiêm","Buồng","Xanh"
"img004031.jpg","Chuối xiêm","Buồng","Xanh"
"img004032.jpg","Chuối xiêm","Buồng","Xanh"
"img004033.jpg","Chuối xiêm","Buồng","Xanh"
"img004034.jpg","Chuối xiêm","Buồng","Xanh"
"img004035.jpg","Chuối xiêm","Buồng","Xanh"
"img004036.jpg","Chuối xiêm","Buồng","Xanh"
"img004037.jpg","Chuối xiêm","Buồng","Xanh"
"img004038.jpg","Chuối xiêm","Buồng","Xanh"
"img004039.jpg","Chuối xiêm","Buồng","Xanh"
"img004040.jpg","Chuối xiêm","Buồng","Xanh"
"img004041.jpg","Chuối xiêm","Buồng","Xanh"
"img004042.jpg","Chuối xiêm","Buồng","Xanh"
"img004043.jpg","Chuối xiêm","Buồng","Xanh"
"img004044.jpg","Chuối xiêm","Buồng","Xanh"
"img004045.jpg","Chuối xiêm","Buồng","Xanh"
"img004046.jpg","Chuối xiêm","Buồng","Xanh"
"img004047.jpg","Chuối xiêm","Buồng","Xanh"
"img004048.jpg","Chuối xiêm","Buồng","Xanh"
"img004049.jpg","Chuối xiêm","Buồng","Xanh"
"img004050.jpg","Chuối xiêm","Buồng","Xanh"
"img004051.jpg","Chuối xiêm","Buồng","Xanh"
"img004052.jpg","Chuối xiêm","Buồng","Xanh"
"img004053.jpg","Chuối xiêm","Buồng","Xanh"
"img004054.jpg","Chuối xiêm","Buồng","Xanh"
"img004055.jpg","Chuối xiêm","Buồng","Xanh"
"img004056.jpg","Chuối xiêm","Buồng","Xanh"
"img004057.jpg","Chuối xiêm","Buồng","Xanh"
"img004058.jpg","Chuối xiêm","Buồng","Xanh"
"img004059.jpg","Chuối xiêm","Buồng","Xanh"
"img004060.jpg","Chuối xiêm","Buồng","Xanh"
"img004061.jpg","Chuối xiêm","Buồng","Xanh"
"img004062.jpg","Chuối xiêm","Buồng","Xanh"
"img004063.jpg","Chuối xiêm","Buồng","Xanh"
"img004064.jpg","Chuối xiêm","Buồng","Xanh"
"img004065.jpg","Chuối xiêm","Buồng","Xanh"
"img004066.jpg","Chuối xiêm","Buồng","Xanh"
"img004067.jpg","Chuối xiêm","Buồng","Xanh"
"img004068.jpg","Chuối xiêm","Buồng","Xanh"
"img004069.jpg","Chuối xiêm","Buồng","Xanh"
"img004070.jpg","Chuối xiêm","Buồng","Xanh"
"img004071.jpg","Chuối xiêm","Buồng","Xanh"
"img004072.jpg","Chuối xiêm","Buồng","Xanh"
"img004073.jpg","Chuối xiêm","Buồng","Xanh"
"img004074.jpg","Chuối xiêm","Buồng","Xanh"
"img004075.jpg","Chuối xiêm","Buồng","Xanh"
"img004076.jpg","Chuối xiêm","Buồng","Xanh"
"img004077.jpg","Chuối xiêm","Buồng","Xanh"
"img004078.jpg","Chuối xiêm","Buồng","Xanh"
"img004079.jpg","Chuối xiêm","Buồng","Xanh"
"img004080.jpg","Chuối xiêm","Buồng","Xanh"
"img004081.jpg","Chuối xiêm","Buồng","Xanh"
"img004082.jpg","Chuối xiêm","Buồng","Xanh"
"img004083.jpg","Chuối xiêm","Buồng","Xanh"
"img004084.jpg","Chuối xiêm","Buồng","Xanh"
"img004085.jpg","Chuối xiêm","Buồng","Xanh"
"img004086.jpg","Chuối xiêm","Buồng","Xanh"
"img004087.jpg","Chuối xiêm","Buồng","Xanh"
"img004088.jpg","Chuối xiêm","Buồng","Xanh"
"img004089.jpg","Chuối xiêm","Buồng","Xanh"
"img004090.jpg","Chuối xiêm","Buồng","Xanh"
"img004091.jpg","Chuối xiêm","Buồng","Xanh"
"img004092.jpg","Chuối xiêm","Buồng","Xanh"
"img004093.jpg","Chuối xiêm","Buồng","Xanh"
"img004094.jpg","Chuối xiêm","Buồng","Xanh"
"img004095.jpg","Chuối xiêm","Buồng","Xanh"
"img004096.jpg","Chuối xiêm","Buồng","Xanh"
"img004097.jpg","Chuối xiêm","Buồng","Xanh"
"img004098.jpg","Chuối xiêm","Buồng","Xanh"
"img004099.jpg","Chuối xiêm","Buồng","Xanh"
"img004100.jpg","Chuối xiêm","Buồng","Xanh"
"img004101.jpg","Chuối xiêm","Buồng","Xanh"
"img004102.jpg","Chuối xiêm","Buồng","Xanh"
"img004103.jpg","Chuối xiêm","Buồng","Xanh"
"img004104.jpg","Chuối xiêm","Buồng","Xanh"
"img004105.jpg","Chuối xiêm","Buồng","Xanh"
"img004106.jpg","Chuối xiêm","Buồng","Xanh"
"img004107.jpg","Chuối xiêm","Buồng","Xanh"
"img004108.jpg","Chuối xiêm","Buồng","Xanh"
"img004109.jpg","Chuối xiêm","Buồng","Xanh"
"img004110.jpg","Chuối xiêm","Buồng","Xanh"
"img004111.jpg","Chuối xiêm","Buồng","Xanh"
"img004112.jpg","Chuối xiêm","Buồng","Xanh"
"img004113.jpg","Chuối xiêm","Buồng","Xanh"
"img004114.jpg","Chuối xiêm","Buồng","Xanh"
"img004115.jpg","Chuối xiêm","Buồng","Xanh"
"img004116.jpg","Chuối xiêm","Buồng","Xanh"
"img004117.jpg","Chuối xiêm","Buồng","Xanh"
"img004118.jpg","Chuối xiêm","Buồng","Xanh"
"img004119.jpg","Chuối xiêm","Buồng","Xanh"
"img004120.jpg","Chuối xiêm","Buồng","Xanh"
"img004121.jpg","Chuối xiêm","Buồng","Xanh"
"img004122.jpg","Chuối xiêm","Buồng","Xanh"
"img004123.jpg","Chuối xiêm","Buồng","Xanh"
"img004124.jpg","Chuối xiêm","Buồng","Xanh"
"img004125.jpg","Chuối xiêm","Buồng","Xanh"
"img004126.jpg","Chuối xiêm","Buồng","Xanh"
"img004127.jpg","Chuối xiêm","Buồng","Xanh"
"img004128.jpg","Chuối xiêm","Buồng","Xanh"
"img004129.jpg","Chuối xiêm","Buồng","Xanh"
"img004130.jpg","Chuối xiêm","Buồng","Xanh"
"img004131.jpg","Chuối xiêm","Buồng","Xanh"
"img004132.jpg","Chuối xiêm","Buồng","Xanh"
"img004133.jpg","Chuối xiêm","Buồng","Xanh"
"img004134.jpg","Chuối xiêm","Buồng","Xanh"
"img004135.jpg","Chuối xiêm","Buồng","Xanh"
"img004136.jpg","Chuối xiêm","Buồng","Xanh"
"img004137.jpg","Chuối xiêm","Buồng","Xanh"
"img004138.jpg","Chuối xiêm","Buồng","Xanh"
"img004139.jpg","Chuối xiêm","Buồng","Xanh"
"img004140.jpg","Chuối xiêm","Buồng","Xanh"
"img004141.png","Chuối xiêm","Buồng","Xanh"
"img004142.png","Chuối xiêm","Buồng","Xanh"
"img004143.png","Chuối xiêm","Buồng","Xanh"
"img004144.png","Chuối xiêm","Buồng","Xanh"
"img004145.png","Chuối xiêm","Buồng","Xanh"
"img004146.png","Chuối xiêm","Buồng","Xanh"
"img004147.png","Chuối xiêm","Buồng","Xanh"
"img004148.png","Chuối xiêm","Buồng","Xanh"
"img004149.png","Chuối xiêm","Buồng","Xanh"
"img004150.png","Chuối xiêm","Buồng","Xanh"
"img004151.png","Chuối xiêm","Buồng","Xanh"
"img004152.png","Chuối xiêm","Buồng","Xanh"
"img004153.png","Chuối xiêm","Buồng","Xanh"
"img004154.png","Chuối xiêm","Buồng","Xanh"
"img004155.jpg","Chuối xiêm","Buồng","Xanh"
"img004156.jpg","Chuối xiêm","Nải","Chín"
"img004157.jpg","Chuối xiêm","Nải","Chín"
"img004158.jpg","Chuối xiêm","Nải","Chín"
"img004159.jpg","Chuối xiêm","Nải","Chín"
"img004160.jpg","Chuối xiêm","Nải","Chín"
"img004161.jpg","Chuối xiêm","Nải","Chín"
"img004162.jpg","Chuối xiêm","Nải","Chín"
"img004163.jpg","Chuối xiêm","Nải","Chín"
"img004164.jpg","Chuối xiêm","Nải","Chín"
"img004165.jpg","Chuối xiêm","Nải","Chín"
"img004166.jpg","Chuối xiêm","Nải","Chín"
"img004167.jpg","Chuối xiêm","Nải","Chín"
"img004168.jpg","Chuối xiêm","Nải","Chín"
"img004169.jpg","Chuối xiêm","Nải","Chín"
"img004170.jpg","Chuối xiêm","Nải","Chín"
"img004171.jpg","Chuối xiêm","Nải","Chín"
"img004172.jpg","Chuối xiêm","Nải","Chín"
"img004173.jpg","Chuối xiêm","Nải","Chín"
"img004174.jpg","Chuối xiêm","Nải","Chín"
"img004175.jpg","Chuối xiêm","Nải","Chín"
"img004176.jpg","Chuối xiêm","Nải","Chín"
"img004177.jpg","Chuối xiêm","Nải","Chín"
"img004178.jpg","Chuối xiêm","Nải","Chín"
"img004179.jpg","Chuối xiêm","Nải","Chín"
"img004180.jpg","Chuối xiêm","Nải","Chín"
"img004181.jpg","Chuối xiêm","Nải","Chín"
"img004182.jpg","Chuối xiêm","Nải","Chín"
"img004183.jpg","Chuối xiêm","Nải","Chín"
"img004184.jpg","Chuối xiêm","Nải","Chín"
"img004185.jpg","Chuối xiêm","Nải","Chín"
"img004186.jpg","Chuối xiêm","Nải","Chín"
"img004187.jpg","Chuối xiêm","Nải","Chín"
"img004188.jpg","Chuối xiêm","Nải","Chín"
"img004189.jpg","Chuối xiêm","Nải","Chín"
"img004190.jpg","Chuối xiêm","Nải","Chín"
"img004191.jpg","Chuối xiêm","Nải","Chín"
"img004192.jpg","Chuối xiêm","Nải","Chín"
"img004193.jpg","Chuối xiêm","Nải","Chín"
"img004194.jpg","Chuối xiêm","Nải","Chín"
"img004195.jpg","Chuối xiêm","Nải","Chín"
"img004196.jpg","Chuối xiêm","Nải","Chín"
"img004197.jpg","Chuối xiêm","Nải","Chín"
"img004198.jpg","Chuối xiêm","Nải","Chín"
"img004199.jpg","Chuối xiêm","Nải","Chín"
"img004200.jpg","Chuối xiêm","Nải","Chín"
"img004201.jpg","Chuối xiêm","Nải","Chín"
"img004202.jpg","Chuối xiêm","Nải","Chín"
"img004203.jpg","Chuối xiêm","Nải","Chín"
"img004204.jpg","Chuối xiêm","Nải","Chín"
"img004205.jpg","Chuối xiêm","Nải","Chín"
"img004206.jpg","Chuối xiêm","Nải","Chín"
"img004207.jpg","Chuối xiêm","Nải","Chín"
"img004208.jpg","Chuối xiêm","Nải","Chín"
"img004209.jpg","Chuối xiêm","Nải","Chín"
"img004210.jpg","Chuối xiêm","Nải","Chín"
"img004211.jpg","Chuối xiêm","Nải","Chín"
"img004212.jpg","Chuối xiêm","Nải","Chín"
"img004213.jpg","Chuối xiêm","Nải","Chín"
"img004214.jpg","Chuối xiêm","Nải","Chín"
"img004215.jpg","Chuối xiêm","Nải","Chín"
"img004216.jpg","Chuối xiêm","Nải","Chín"
"img004217.jpg","Chuối xiêm","Nải","Chín"
"img004218.jpg","Chuối xiêm","Nải","Chín"
"img004219.jpg","Chuối xiêm","Nải","Chín"
"img004220.jpg","Chuối xiêm","Nải","Chín"
"img004221.jpg","Chuối xiêm","Nải","Chín"
"img004222.jpg","Chuối xiêm","Nải","Chín"
"img004223.jpg","Chuối xiêm","Nải","Chín"
"img004224.jpg","Chuối xiêm","Nải","Chín"
"img004225.jpg","Chuối xiêm","Nải","Chín"
"img004226.jpg","Chuối xiêm","Nải","Chín"
"img004227.jpg","Chuối xiêm","Nải","Chín"
"img004228.jpg","Chuối xiêm","Nải","Chín"
"img004229.jpg","Chuối xiêm","Nải","Chín"
"img004230.jpg","Chuối xiêm","Nải","Chín"
"img004231.jpg","Chuối xiêm","Nải","Chín"
"img004232.jpg","Chuối xiêm","Nải","Chín"
"img004233.jpg","Chuối xiêm","Nải","Chín"
"img004234.jpg","Chuối xiêm","Nải","Chín"
"img004235.jpg","Chuối xiêm","Nải","Chín"
"img004236.jpg","Chuối xiêm","Nải","Chín"
"img004237.jpg","Chuối xiêm","Nải","Chín"
"img004238.jpg","Chuối xiêm","Nải","Chín"
"img004239.jpg","Chuối xiêm","Nải","Chín"
"img004240.jpg","Chuối xiêm","Nải","Chín"
"img004241.jpg","Chuối xiêm","Nải","Chín"
"img004242.jpg","Chuối xiêm","Nải","Chín"
"img004243.jpg","Chuối xiêm","Nải","Chín"
"img004244.jpg","Chuối xiêm","Nải","Chín"
"img004245.jpg","Chuối xiêm","Nải","Chín"
"img004246.jpg","Chuối xiêm","Nải","Chín"
"img004247.jpg","Chuối xiêm","Nải","Chín"
"img004248.jpg","Chuối xiêm","Nải","Chín"
"img004249.jpg","Chuối xiêm","Nải","Chín"
"img004250.jpg","Chuối xiêm","Nải","Chín"
"img004251.png","Chuối xiêm","Nải","Chín"
"img004252.png","Chuối xiêm","Nải","Chín"
"img004253.png","Chuối xiêm","Nải","Chín"
"img004254.jpg","Chuối xiêm","Nải","Xanh"
"img004255.jpg","Chuối xiêm","Nải","Xanh"
"img004256.jpg","Chuối xiêm","Nải","Xanh"
"img004257.jpg","Chuối xiêm","Nải","Xanh"
"img004258.jpg","Chuối xiêm","Nải","Xanh"
"img004259.jpg","Chuối xiêm","Nải","Xanh"
"img004260.jpg","Chuối xiêm","Nải","Xanh"
"img004261.jpg","Chuối xiêm","Nải","Xanh"
"img004262.jpg","Chuối xiêm","Nải","Xanh"
"img004263.jpg","Chuối xiêm","Nải","Xanh"
"img004264.jpg","Chuối xiêm","Nải","Xanh"
"img004265.jpg","Chuối xiêm","Nải","Xanh"
"img004266.jpg","Chuối xiêm","Nải","Xanh"
"img004267.jpg","Chuối xiêm","Nải","Xanh"
"img004268.jpg","Chuối xiêm","Nải","Xanh"
"img004269.jpg","Chuối xiêm","Nải","Xanh"
"img004270.jpg","Chuối xiêm","Nải","Xanh"
"img004271.jpg","Chuối xiêm","Nải","Xanh"
"img004272.jpg","Chuối xiêm","Nải","Xanh"
"img004273.jpg","Chuối xiêm","Nải","Xanh"
"img004274.jpg","Chuối xiêm","Nải","Xanh"
"img004275.jpg","Chuối xiêm","Nải","Xanh"
"img004276.jpg","Chuối xiêm","Nải","Xanh"
"img004277.jpg","Chuối xiêm","Nải","Xanh"
"img004278.jpg","Chuối xiêm","Nải","Xanh"
"img004279.jpg","Chuối xiêm","Nải","Xanh"
"img004280.jpg","Chuối xiêm","Nải","Xanh"
"img004281.jpg","Chuối xiêm","Nải","Xanh"
"img004282.jpg","Chuối xiêm","Nải","Xanh"
"img004283.jpg","Chuối xiêm","Nải","Xanh"
"img004284.jpg","Chuối xiêm","Nải","Xanh"
"img004285.jpg","Chuối xiêm","Nải","Xanh"
"img004286.jpg","Chuối xiêm","Nải","Xanh"
"img004287.jpg","Chuối xiêm","Nải","Xanh"
"img004288.jpg","Chuối xiêm","Nải","Xanh"
"img004289.jpg","Chuối xiêm","Nải","Xanh"
"img004290.jpg","Chuối xiêm","Nải","Xanh"
"img004291.jpg","Chuối xiêm","Trái","Chín"
"img004292.jpg","Chuối xiêm","Trái","Chín"
"img004293.jpg","Chuối xiêm","Trái","Chín"
"img004294.jpg","Chuối xiêm","Trái","Chín"
"img004295.jpg","Chuối xiêm","Trái","Chín"
"img004296.jpg","Chuối xiêm","Trái","Chín"
"img004297.jpg","Chuối xiêm","Trái","Chín"
"img004298.jpg","Chuối xiêm","Trái","Chín"
"img004299.jpg","Chuối xiêm","Trái","Chín"
"img004300.jpg","Chuối xiêm","Trái","Chín"
"img004301.jpg","Chuối xiêm","Trái","Chín"
"img004302.jpg","Chuối xiêm","Trái","Chín"
"img004303.jpg","Chuối xiêm","Trái","Chín"
"img004304.jpg","Chuối xiêm","Trái","Chín"
"img004305.jpg","Chuối xiêm","Trái","Chín"
"img004306.jpg","Chuối xiêm","Trái","Chín"
"img004307.jpg","Chuối xiêm","Trái","Chín"
"img004308.jpg","Chuối xiêm","Trái","Chín"
"img004309.jpg","Chuối xiêm","Trái","Chín"
"img004310.jpg","Chuối xiêm","Trái","Chín"
"img004311.jpg","Chuối xiêm","Trái","Chín"
"img004312.jpg","Chuối xiêm","Trái","Chín"
"img004313.jpg","Chuối xiêm","Trái","Chín"
"img004314.jpg","Chuối xiêm","Trái","Chín"
"img004315.jpg","Chuối xiêm","Trái","Chín"
"img004316.jpg","Chuối xiêm","Trái","Chín"
"img004317.jpg","Chuối xiêm","Trái","Chín"
"img004318.jpg","Chuối xiêm","Trái","Chín"
"img004319.jpg","Chuối xiêm","Trái","Chín"
"img004320.jpg","Chuối xiêm","Trái","Chín"
"img004321.jpg","Chuối xiêm","Trái","Chín"
"img004322.jpg","Chuối xiêm","Trái","Chín"
"img004323.jpg","Chuối xiêm","Trái","Chín"
"img004324.jpg","Chuối xiêm","Trái","Chín"
"img004325.jpg","Chuối xiêm","Trái","Chín"
"img004326.jpg","Chuối xiêm","Trái","Chín"
"img004327.jpg","Chuối xiêm","Trái","Chín"
"img004328.jpg","Chuối xiêm","Trái","Chín"
"img004329.jpg","Chuối xiêm","Trái","Chín"
"img004330.jpg","Chuối xiêm","Trái","Chín"
"img004331.jpg","Chuối xiêm","Trái","Chín"
"img004332.jpg","Chuối xiêm","Trái","Chín"
"img004333.jpg","Chuối xiêm","Trái","Chín"
"img004334.jpg","Chuối xiêm","Trái","Chín"
"img004335.jpg","Chuối xiêm","Trái","Chín"
"img004336.jpg","Chuối xiêm","Trái","Chín"
"img004337.jpg","Chuối xiêm","Trái","Chín"
"img004338.jpg","Chuối xiêm","Trái","Chín"
"img004339.jpg","Chuối xiêm","Trái","Chín"
"img004340.jpg","Chuối xiêm","Trái","Chín"
"img004341.jpg","Chuối xiêm","Trái","Chín"
"img004342.jpg","Chuối xiêm","Trái","Chín"
"img004343.jpg","Chuối xiêm","Trái","Chín"
"img004344.jpg","Chuối xiêm","Trái","Chín"
"img004345.jpg","Chuối xiêm","Trái","Chín"
"img004346.jpg","Chuối xiêm","Trái","Chín"
"img004347.jpg","Chuối xiêm","Trái","Chín"
"img004348.jpg","Chuối xiêm","Trái","Chín"
"img004349.jpg","Chuối xiêm","Trái","Chín"
"img004350.jpg","Chuối xiêm","Trái","Chín"
"img004351.jpg","Chuối xiêm","Trái","Chín"
"img004352.jpg","Chuối xiêm","Trái","Chín"
"img004353.jpg","Chuối xiêm","Trái","Chín"
"img004354.jpg","Chuối xiêm","Trái","Chín"
"img004355.jpg","Chuối xiêm","Trái","Chín"
"img004356.jpg","Chuối xiêm","Trái","Chín"
"img004357.jpg","Chuối xiêm","Trái","Chín"
"img004358.jpg","Chuối xiêm","Trái","Chín"
"img004359.jpg","Chuối xiêm","Trái","Chín"
"img004360.jpg","Chuối xiêm","Trái","Chín"
"img004361.jpg","Chuối xiêm","Trái","Chín"
"img004362.jpg","Chuối xiêm","Trái","Chín"
"img004363.jpg","Chuối xiêm","Trái","Chín"
"img004364.jpg","Chuối xiêm","Trái","Chín"
"img004365.jpg","Chuối xiêm","Trái","Chín"
"img004366.jpg","Chuối xiêm","Trái","Chín"
"img004367.jpg","Chuối xiêm","Trái","Chín"
"img004368.jpg","Chuối xiêm","Trái","Chín"
"img004369.jpg","Chuối xiêm","Trái","Chín"
"img004370.jpg","Chuối xiêm","Trái","Chín"
"img004371.jpg","Chuối xiêm","Trái","Chín"
"img004372.jpg","Chuối xiêm","Trái","Chín"
"img004373.jpg","Chuối xiêm","Trái","Chín"
"img004374.jpg","Chuối xiêm","Trái","Chín"
"img004375.jpg","Chuối xiêm","Trái","Chín"
"img004376.jpg","Chuối xiêm","Trái","Chín"
"img004377.jpg","Chuối xiêm","Trái","Chín"
"img004378.jpg","Chuối xiêm","Trái","Chín"
"img004379.jpg","Chuối xiêm","Trái","Chín"
"img004380.jpg","Chuối xiêm","Trái","Chín"
"img004381.jpg","Chuối xiêm","Trái","Chín"
"img004382.jpg","Chuối xiêm","Trái","Chín"
"img004383.jpg","Chuối xiêm","Trái","Chín"
"img004384.jpg","Chuối xiêm","Trái","Chín"
"img004385.jpg","Chuối xiêm","Trái","Chín"
"img004386.jpg","Chuối xiêm","Trái","Chín"
"img004387.jpg","Chuối xiêm","Trái","Chín"
"img004388.jpg","Chuối xiêm","Trái","Chín"
"img004389.jpg","Chuối xiêm","Trái","Chín"
"img004390.jpg","Chuối xiêm","Trái","Chín"
"img004391.jpg","Chuối xiêm","Trái","Chín"
"img004392.jpg","Chuối xiêm","Trái","Chín"
"img004393.jpg","Chuối xiêm","Trái","Chín"
"img004394.jpg","Chuối xiêm","Trái","Chín"
"img004395.jpg","Chuối xiêm","Trái","Chín"
"img004396.jpg","Chuối xiêm","Trái","Chín"
"img004397.jpg","Chuối xiêm","Trái","Chín"
"img004398.jpg","Chuối xiêm","Trái","Chín"
"img004399.jpg","Chuối xiêm","Trái","Chín"
"img004400.jpg","Chuối xiêm","Trái","Chín"
"img004401.jpg","Chuối xiêm","Trái","Chín"
"img004402.jpg","Chuối xiêm","Trái","Chín"
"img004403.jpg","Chuối xiêm","Trái","Chín"
"img004404.jpg","Chuối xiêm","Trái","Chín"
"img004405.jpg","Chuối xiêm","Trái","Chín"
"img004406.jpg","Chuối xiêm","Trái","Chín"
"img004407.jpg","Chuối xiêm","Trái","Chín"
"img004408.jpg","Chuối xiêm","Trái","Chín"
"img004409.jpg","Chuối xiêm","Trái","Chín"
"img004410.jpg","Chuối xiêm","Trái","Chín"
"img004411.jpg","Chuối xiêm","Trái","Chín"
"img004412.jpg","Chuối xiêm","Trái","Chín"
"img004413.jpg","Chuối xiêm","Trái","Chín"
"img004414.jpg","Chuối xiêm","Trái","Chín"
"img004415.jpg","Chuối xiêm","Trái","Chín"
"img004416.jpg","Chuối xiêm","Trái","Chín"
"img004417.jpg","Chuối xiêm","Trái","Chín"
"img004418.jpg","Chuối xiêm","Trái","Chín"
"img004419.jpg","Chuối xiêm","Trái","Chín"
"img004420.jpg","Chuối xiêm","Trái","Chín"
"img004421.jpg","Chuối xiêm","Trái","Chín"
"img004422.jpg","Chuối xiêm","Trái","Chín"
"img004423.jpg","Chuối xiêm","Trái","Chín"
"img004424.jpg","Chuối xiêm","Trái","Chín"
"img004425.jpg","Chuối xiêm","Trái","Chín"
"img004426.jpg","Chuối xiêm","Trái","Chín"
"img004427.jpg","Chuối xiêm","Trái","Chín"
"img004428.jpg","Chuối xiêm","Trái","Chín"
"img004429.jpg","Chuối xiêm","Trái","Chín"
"img004430.jpg","Chuối xiêm","Trái","Chín"
"img004431.jpg","Chuối xiêm","Trái","Chín"
"img004432.jpg","Chuối xiêm","Trái","Chín"
"img004433.jpg","Chuối xiêm","Trái","Chín"
"img004434.jpg","Chuối xiêm","Trái","Chín"
"img004435.jpg","Chuối xiêm","Trái","Chín"
"img004436.jpg","Chuối xiêm","Trái","Chín"
"img004437.jpg","Chuối xiêm","Trái","Chín"
"img004438.jpg","Chuối xiêm","Trái","Chín"
"img004439.jpg","Chuối xiêm","Trái","Chín"
"img004440.jpg","Chuối xiêm","Trái","Chín"
"img004441.jpg","Chuối xiêm","Trái","Chín"
"img004442.jpg","Chuối xiêm","Trái","Chín"
"img004443.jpg","Chuối xiêm","Trái","Chín"
"img004444.jpg","Chuối xiêm","Trái","Chín"
"img004445.jpg","Chuối xiêm","Trái","Chín"
"img004446.jpg","Chuối xiêm","Trái","Chín"
"img004447.jpg","Chuối xiêm","Trái","Chín"
"img004448.jpg","Chuối xiêm","Trái","Chín"
"img004449.jpg","Chuối xiêm","Trái","Chín"
"img004450.jpg","Chuối xiêm","Trái","Chín"
"img004451.jpg","Chuối xiêm","Trái","Chín"
"img004452.jpg","Chuối xiêm","Trái","Chín"
"img004453.jpg","Chuối xiêm","Trái","Chín"
"img004454.jpg","Chuối xiêm","Trái","Chín"
"img004455.jpg","Chuối xiêm","Trái","Chín"
"img004456.jpg","Chuối xiêm","Trái","Chín"
"img004457.jpg","Chuối xiêm","Trái","Chín"
"img004458.jpg","Chuối xiêm","Trái","Chín"
"img004459.jpg","Chuối xiêm","Trái","Chín"
"img004460.jpg","Chuối xiêm","Trái","Chín"
"img004461.jpg","Chuối xiêm","Trái","Chín"
"img004462.jpg","Chuối xiêm","Trái","Chín"
"img004463.jpg","Chuối xiêm","Trái","Chín"
"img004464.jpg","Chuối xiêm","Trái","Chín"
"img004465.jpg","Chuối xiêm","Trái","Chín"
"img004466.jpg","Chuối xiêm","Trái","Chín"
"img004467.jpg","Chuối xiêm","Trái","Chín"
"img004468.jpg","Chuối xiêm","Trái","Chín"
"img004469.jpg","Chuối xiêm","Trái","Chín"
"img004470.jpg","Chuối xiêm","Trái","Chín"
"img004471.jpg","Chuối xiêm","Trái","Chín"
"img004472.jpg","Chuối xiêm","Trái","Chín"
"img004473.jpg","Chuối xiêm","Trái","Chín"
"img004474.jpg","Chuối xiêm","Trái","Chín"
"img004475.jpg","Chuối xiêm","Trái","Chín"
"img004476.jpg","Chuối xiêm","Trái","Chín"
"img004477.jpg","Chuối xiêm","Trái","Chín"
"img004478.jpg","Chuối xiêm","Trái","Chín"
"img004479.jpg","Chuối xiêm","Trái","Chín"
"img004480.jpg","Chuối xiêm","Trái","Chín"
"img004481.jpg","Chuối xiêm","Trái","Chín"
"img004482.jpg","Chuối xiêm","Trái","Chín"
"img004483.jpg","Chuối xiêm","Trái","Chín"
"img004484.jpg","Chuối xiêm","Trái","Chín"
"img004485.jpg","Chuối xiêm","Trái","Chín"
"img004486.jpg","Chuối xiêm","Trái","Chín"
"img004487.jpg","Chuối xiêm","Trái","Chín"
"img004488.jpg","Chuối xiêm","Trái","Chín"
"img004489.jpg","Chuối xiêm","Trái","Chín"
"img004490.jpg","Chuối xiêm","Trái","Chín"
"img004491.jpg","Chuối xiêm","Trái","Chín"
"img004492.jpg","Chuối xiêm","Trái","Chín"
"img004493.jpg","Chuối xiêm","Trái","Chín"
"img004494.jpg","Chuối xiêm","Trái","Chín"
"img004495.jpg","Chuối xiêm","Trái","Chín"
"img004496.jpg","Chuối xiêm","Trái","Chín"
"img004497.jpg","Chuối xiêm","Trái","Chín"
"img004498.jpg","Chuối xiêm","Trái","Chín"
"img004499.jpg","Chuối xiêm","Trái","Chín"
"img004500.jpg","Chuối xiêm","Trái","Chín"
"img004501.jpg","Chuối xiêm","Trái","Chín"
"img004502.jpg","Chuối xiêm","Trái","Chín"
"img004503.jpg","Chuối xiêm","Trái","Chín"
"img004504.jpg","Chuối xiêm","Trái","Chín"
"img004505.jpg","Chuối xiêm","Trái","Chín"
"img004506.jpg","Chuối xiêm","Trái","Chín"
"img004507.jpg","Chuối xiêm","Trái","Chín"
"img004508.jpg","Chuối xiêm","Trái","Chín"
"img004509.jpg","Chuối xiêm","Trái","Chín"
"img004510.jpg","Chuối xiêm","Trái","Chín"
"img004511.jpg","Chuối xiêm","Trái","Chín"
"img004512.jpg","Chuối xiêm","Trái","Chín"
"img004513.jpg","Chuối xiêm","Trái","Chín"
"img004514.jpg","Chuối xiêm","Trái","Chín"
"img004515.jpg","Chuối xiêm","Trái","Chín"
"img004516.jpg","Chuối xiêm","Trái","Chín"
"img004517.jpg","Chuối xiêm","Trái","Chín"
"img004518.jpg","Chuối xiêm","Trái","Chín"
"img004519.jpg","Chuối xiêm","Trái","Chín"
"img004520.jpg","Chuối xiêm","Trái","Chín"
"img004521.jpg","Chuối xiêm","Trái","Chín"
"img004522.jpg","Chuối xiêm","Trái","Chín"
"img004523.jpg","Chuối xiêm","Trái","Chín"
"img004524.jpg","Chuối xiêm","Trái","Chín"
"img004525.jpg","Chuối xiêm","Trái","Chín"
"img004526.jpg","Chuối xiêm","Trái","Chín"
"img004527.jpg","Chuối xiêm","Trái","Chín"
"img004528.jpg","Chuối xiêm","Trái","Chín"
"img004529.jpg","Chuối xiêm","Trái","Chín"
"img004530.jpg","Chuối xiêm","Trái","Chín"
"img004531.jpg","Chuối xiêm","Trái","Chín"
"img004532.jpg","Chuối xiêm","Trái","Chín"
"img004533.jpg","Chuối xiêm","Trái","Chín"
"img004534.jpg","Chuối xiêm","Trái","Chín"
"img004535.jpg","Chuối xiêm","Trái","Chín"
"img004536.jpg","Chuối xiêm","Trái","Chín"
"img004537.jpg","Chuối xiêm","Trái","Chín"
"img004538.jpg","Chuối xiêm","Trái","Chín"
"img004539.jpg","Chuối xiêm","Trái","Chín"
"img004540.jpg","Chuối xiêm","Trái","Chín"
"img004541.jpg","Chuối xiêm","Trái","Chín"
"img004542.jpg","Chuối xiêm","Trái","Chín"
"img004543.jpg","Chuối xiêm","Trái","Chín"
"img004544.jpg","Chuối xiêm","Trái","Chín"
"img004545.jpg","Chuối xiêm","Trái","Chín"
"img004546.jpg","Chuối xiêm","Trái","Chín"
"img004547.jpg","Chuối xiêm","Trái","Chín"
"img004548.jpg","Chuối xiêm","Trái","Chín"
"img004549.jpg","Chuối xiêm","Trái","Chín"
"img004550.jpg","Chuối xiêm","Trái","Chín"
"img004551.jpg","Chuối xiêm","Trái","Chín"
"img004552.jpg","Chuối xiêm","Trái","Chín"
"img004553.jpg","Chuối xiêm","Trái","Chín"
"img004554.jpg","Chuối xiêm","Trái","Chín"
"img004555.jpg","Chuối xiêm","Trái","Chín"
"img004556.jpg","Chuối xiêm","Trái","Chín"
"img004557.jpg","Chuối xiêm","Trái","Chín"
"img004558.jpg","Chuối xiêm","Trái","Chín"
"img004559.jpg","Chuối xiêm","Trái","Chín"
"img004560.jpg","Chuối xiêm","Trái","Chín"
"img004561.jpg","Chuối xiêm","Trái","Chín"
"img004562.jpg","Chuối xiêm","Trái","Chín"
"img004563.jpg","Chuối xiêm","Trái","Chín"
"img004564.jpg","Chuối xiêm","Trái","Chín"
"img004565.jpg","Chuối xiêm","Trái","Chín"
"img004566.jpg","Chuối xiêm","Trái","Chín"
"img004567.jpg","Chuối xiêm","Trái","Chín"
"img004568.jpg","Chuối xiêm","Trái","Chín"
"img004569.jpg","Chuối xiêm","Trái","Chín"
"img004570.jpg","Chuối xiêm","Trái","Chín"
"img004571.jpg","Chuối xiêm","Trái","Chín"
"img004572.jpg","Chuối xiêm","Trái","Chín"
"img004573.jpg","Chuối xiêm","Trái","Chín"
"img004574.jpg","Chuối xiêm","Trái","Chín"
"img004575.jpg","Chuối xiêm","Trái","Chín"
"img004576.jpg","Chuối xiêm","Trái","Chín"
"img004577.jpg","Chuối xiêm","Trái","Chín"
"img004578.jpg","Chuối xiêm","Trái","Chín"
"img004579.jpg","Chuối xiêm","Trái","Chín"
"img004580.jpg","Chuối xiêm","Trái","Chín"
"img004581.jpg","Chuối xiêm","Trái","Chín"
"img004582.jpg","Chuối xiêm","Trái","Chín"
"img004583.jpg","Chuối xiêm","Trái","Chín"
"img004584.jpg","Chuối xiêm","Trái","Chín"
"img004585.jpg","Chuối xiêm","Trái","Chín"
"img004586.jpg","Chuối xiêm","Trái","Chín"
"img004587.jpg","Chuối xiêm","Trái","Chín"
"img004588.jpg","Chuối xiêm","Trái","Chín"
"img004589.jpg","Chuối xiêm","Trái","Chín"
"img004590.jpg","Chuối xiêm","Trái","Chín"
"img004591.jpg","Chuối xiêm","Trái","Chín"
"img004592.jpg","Chuối xiêm","Trái","Chín"
"img004593.jpg","Chuối xiêm","Trái","Chín"
"img004594.jpg","Chuối xiêm","Trái","Chín"
"img004595.jpg","Chuối xiêm","Trái","Chín"
"img004596.jpg","Chuối xiêm","Trái","Chín"
"img004597.jpg","Chuối xiêm","Trái","Chín"
"img004598.jpg","Chuối xiêm","Trái","Chín"
"img004599.jpg","Chuối xiêm","Trái","Chín"
"img004600.jpg","Chuối xiêm","Trái","Chín"
"img004601.jpg","Chuối xiêm","Trái","Chín"
"img004602.jpg","Chuối xiêm","Trái","Chín"
"img004603.jpg","Chuối xiêm","Trái","Chín"
"img004604.jpg","Chuối xiêm","Trái","Chín"
"img004605.jpg","Chuối xiêm","Trái","Chín"
"img004606.jpg","Chuối xiêm","Trái","Chín"
"img004607.jpg","Chuối xiêm","Trái","Chín"
"img004608.jpg","Chuối xiêm","Trái","Chín"
"img004609.jpg","Chuối xiêm","Trái","Chín"
"img004610.jpg","Chuối xiêm","Trái","Chín"
"img004611.jpg","Chuối xiêm","Trái","Chín"
"img004612.jpg","Chuối xiêm","Trái","Chín"
"img004613.jpg","Chuối xiêm","Trái","Chín"
"img004614.jpg","Chuối xiêm","Trái","Chín"
"img004615.jpg","Chuối xiêm","Trái","Chín"
"img004616.jpg","Chuối xiêm","Trái","Chín"
"img004617.jpg","Chuối xiêm","Trái","Chín"
"img004618.jpg","Chuối xiêm","Trái","Chín"
"img004619.jpg","Chuối xiêm","Trái","Chín"
"img004620.jpg","Chuối xiêm","Trái","Chín"
"img004621.jpg","Chuối xiêm","Trái","Chín"
"img004622.jpg","Chuối xiêm","Trái","Chín"
"img004623.jpg","Chuối xiêm","Trái","Chín"
"img004624.jpg","Chuối xiêm","Trái","Chín"
"img004625.jpg","Chuối xiêm","Trái","Chín"
"img004626.jpg","Chuối xiêm","Trái","Chín"
"img004627.jpg","Chuối xiêm","Trái","Chín"
"img004628.jpg","Chuối xiêm","Trái","Chín"
"img004629.jpg","Chuối xiêm","Trái","Chín"
"img004630.jpg","Chuối xiêm","Trái","Chín"
"img004631.jpg","Chuối xiêm","Trái","Chín"
"img004632.jpg","Chuối xiêm","Trái","Chín"
"img004633.jpg","Chuối xiêm","Trái","Chín"
"img004634.jpg","Chuối xiêm","Trái","Chín"
"img004635.jpg","Chuối xiêm","Trái","Chín"
"img004636.jpg","Chuối xiêm","Trái","Chín"
"img004637.jpg","Chuối xiêm","Trái","Chín"
"img004638.jpg","Chuối xiêm","Trái","Chín"
"img004639.jpg","Chuối xiêm","Trái","Chín"
"img004640.jpg","Chuối xiêm","Trái","Chín"
"img004641.jpg","Chuối xiêm","Trái","Chín"
"img004642.jpg","Chuối xiêm","Trái","Chín"
"img004643.jpg","Chuối xiêm","Trái","Chín"
"img004644.jpg","Chuối xiêm","Trái","Xanh"
"img004645.jpg","Chuối xiêm","Trái","Xanh"
"img004646.jpg","Chuối xiêm","Trái","Xanh"
"img004647.jpg","Chuối xiêm","Trái","Xanh"
"img004648.jpg","Chuối xiêm","Trái","Xanh"
"img004649.jpg","Chuối xiêm","Trái","Xanh"
"img004650.jpg","Chuối xiêm","Trái","Xanh"
"img004651.jpg","Chuối xiêm","Trái","Xanh"
"img004652.jpg","Chuối xiêm","Trái","Xanh"
"img004653.jpg","Chuối xiêm","Trái","Xanh"
"img004654.jpg","Chuối xiêm","Trái","Xanh"
"img004655.jpg","Chuối xiêm","Trái","Xanh"
"img004656.jpg","Chuối xiêm","Trái","Xanh"
"img004657.jpg","Chuối xiêm","Trái","Xanh"
"img004658.jpg","Chuối xiêm","Trái","Xanh"
"img004659.jpg","Chuối xiêm","Trái","Xanh"
"img004660.jpg","Chuối xiêm","Trái","Xanh"
"img004661.jpg","Chuối xiêm","Trái","Xanh"
"img004662.jpg","Chuối xiêm","Trái","Xanh"
"img004663.jpg","Chuối xiêm","Trái","Xanh"
"img004664.jpg","Chuối xiêm","Trái","Xanh"
"img004665.jpg","Chuối xiêm","Trái","Xanh"
"img004666.jpg","Chuối xiêm","Trái","Xanh"
"img004667.jpg","Chuối xiêm","Trái","Xanh"
"img004668.jpg","Chuối xiêm","Trái","Xanh"
"img004669.jpg","Chuối xiêm","Trái","Xanh"
"img004670.jpg","Chuối xiêm","Trái","Xanh"
"img004671.jpg","Chuối xiêm","Trái","Xanh"
"img004672.jpg","Chuối xiêm","Trái","Xanh"
"img004673.jpg","Chuối xiêm","Trái","Xanh"
"img004674.jpg","Chuối xiêm","Trái","Xanh"
"img004675.jpg","Chuối xiêm","Trái","Xanh"
"img004676.jpg","Chuối xiêm","Trái","Xanh"
"img004677.jpg","Chuối xiêm","Trái","Xanh"
"img004678.jpg","Chuối xiêm","Trái","Xanh"
"img004679.jpg","Chuối xiêm","Trái","Xanh"
"img004680.jpg","Chuối xiêm","Trái","Xanh"
"img004681.jpg","Chuối xiêm","Trái","Xanh"
"img004682.jpg","Chuối xiêm","Trái","Xanh"
"img004683.jpg","Chuối xiêm","Trái","Xanh"
"img004684.jpg","Chuối xiêm","Trái","Xanh"
"img004685.jpg","Chuối xiêm","Trái","Xanh"
"img004686.jpg","Chuối xiêm","Trái","Xanh"
"img004687.jpg","Chuối xiêm","Trái","Xanh"
"img004688.jpg","Chuối xiêm","Trái","Xanh"
"img004689.jpg","Chuối xiêm","Trái","Xanh"
"img004690.jpg","Chuối xiêm","Trái","Xanh"
"img004691.jpg","Chuối xiêm","Trái","Xanh"
"img004692.jpg","Chuối xiêm","Trái","Xanh"
"img004693.jpg","Chuối xiêm","Trái","Xanh"
"img004694.jpg","Chuối xiêm","Trái","Xanh"
"img004695.jpg","Chuối xiêm","Trái","Xanh"
"img004696.jpg","Chuối xiêm","Trái","Xanh"
"img004697.jpg","Chuối xiêm","Trái","Xanh"
"img004698.jpg","Chuối xiêm","Trái","Xanh"
"img004699.jpg","Chuối xiêm","Trái","Xanh"
"img004700.jpg","Chuối xiêm","Trái","Xanh"
"img004701.jpg","Chuối xiêm","Trái","Xanh"
"img004702.jpg","Chuối xiêm","Trái","Xanh"
"img004703.jpg","Chuối xiêm","Trái","Xanh"
"img004704.jpg","Chuối xiêm","Trái","Xanh"
"img004705.jpg","Chuối xiêm","Trái","Xanh"
"img004706.jpg","Chuối xiêm","Trái","Xanh"
"img004707.jpg","Chuối xiêm","Trái","Xanh"
"img004708.jpg","Chuối xiêm","Trái","Xanh"
"img004709.jpg","Chuối xiêm","Trái","Xanh"
"img004710.jpg","Chuối xiêm","Trái","Xanh"
"img004711.jpg","Chuối xiêm","Trái","Xanh"
"img004712.jpg","Chuối xiêm","Trái","Xanh"
"img004713.jpg","Chuối xiêm","Trái","Xanh"
"img004714.jpg","Chuối xiêm","Trái","Xanh"
"img004715.jpg","Chuối xiêm","Trái","Xanh"
"img004716.jpg","Chuối xiêm","Trái","Xanh"
"img004717.jpg","Chuối xiêm","Trái","Xanh"
"img004718.jpg","Chuối xiêm","Trái","Xanh"
"img004719.jpg","Chuối xiêm","Trái","Xanh"
"img004720.jpg","Chuối xiêm","Trái","Xanh"
"img004721.jpg","Chuối xiêm","Trái","Xanh"
"img004722.jpg","Chuối xiêm","Trái","Xanh"
"img004723.jpg","Chuối xiêm","Trái","Xanh"
"img004724.jpg","Chuối xiêm","Trái","Xanh"
"img004725.jpg","Chuối xiêm","Trái","Xanh"
"img004726.jpg","Chuối xiêm","Trái","Xanh"
"img004727.jpg","Chuối xiêm","Trái","Xanh"
"img004728.jpg","Chuối xiêm","Trái","Xanh"
"img004729.jpg","Chuối xiêm","Trái","Xanh"
"img004730.jpg","Chuối xiêm","Trái","Xanh"
"img004731.jpg","Chuối xiêm","Trái","Xanh"
"img004732.jpg","Chuối xiêm","Trái","Xanh"
"img004733.jpg","Chuối xiêm","Trái","Xanh"
"img004734.jpg","Chuối xiêm","Trái","Xanh"
"img004735.jpg","Chuối xiêm","Trái","Xanh"
"img004736.jpg","Chuối xiêm","Trái","Xanh"
"img004737.jpg","Chuối xiêm","Trái","Xanh"
"img004738.jpg","Chuối xiêm","Trái","Xanh"
"img004739.jpg","Chuối xiêm","Trái","Xanh"
"img004740.jpg","Chuối xiêm","Trái","Xanh"
"img004741.jpg","Chuối xiêm","Trái","Xanh"
"img004742.jpg","Chuối xiêm","Trái","Xanh"
"img004743.jpg","Chuối xiêm","Trái","Xanh"
"img004744.jpg","Chuối xiêm","Trái","Xanh"
"img004745.jpg","Chuối xiêm","Trái","Xanh"
"img004746.jpg","Chuối xiêm","Trái","Xanh"
"img004747.jpg","Chuối xiêm","Trái","Xanh"
"img004748.jpg","Chuối xiêm","Trái","Xanh"
"img004749.jpg","Chuối xiêm","Trái","Xanh"
"img004750.jpg","Chuối xiêm","Trái","Xanh"
"img004751.jpg","Chuối xiêm","Trái","Xanh"
"img004752.jpg","Chuối xiêm","Trái","Xanh"
"img004753.jpg","Chuối xiêm","Trái","Xanh"
"img004754.jpg","Chuối xiêm","Trái","Xanh"
"img004755.jpg","Chuối xiêm","Trái","Xanh"
"img004756.jpg","Chuối xiêm","Trái","Xanh"
"img004757.jpg","Chuối xiêm","Trái","Xanh"
"img004758.jpg","Chuối xiêm","Trái","Xanh"
"img004759.jpg","Chuối xiêm","Trái","Xanh"
"img004760.jpg","Chuối xiêm","Trái","Xanh"
"img004761.jpg","Chuối xiêm","Trái","Xanh"
"img004762.jpg","Chuối xiêm","Trái","Xanh"
"img004763.jpg","Chuối xiêm","Trái","Xanh"
"img004764.jpg","Chuối xiêm","Trái","Xanh"
"img004765.jpg","Chuối xiêm","Trái","Xanh"
"img004766.jpg","Chuối xiêm","Trái","Xanh"
"img004767.jpg","Chuối xiêm","Trái","Xanh"
"img004768.jpg","Chuối xiêm","Trái","Xanh"
"img004769.jpg","Chuối xiêm","Trái","Xanh"
"img004770.jpg","Chuối xiêm","Trái","Xanh"
"img004771.jpg","Chuối xiêm","Trái","Xanh"
"img004772.jpg","Chuối xiêm","Trái","Xanh"
"img004773.jpg","Chuối xiêm","Trái","Xanh"
"img004774.jpg","Chuối xiêm","Trái","Xanh"
"img004775.jpg","Chuối xiêm","Trái","Xanh"
"img004776.jpg","Chuối xiêm","Trái","Xanh"
"img004777.jpg","Chuối xiêm","Trái","Xanh"
"img004778.jpg","Chuối xiêm","Trái","Xanh"
"img004779.jpg","Chuối xiêm","Trái","Xanh"
"img004780.jpg","Chuối xiêm","Trái","Xanh"
"img004781.jpg","Chuối xiêm","Trái","Xanh"
"img004782.jpg","Chuối xiêm","Trái","Xanh"
"img004783.jpg","Chuối xiêm","Trái","Xanh"
"img004784.jpg","Chuối xiêm","Trái","Xanh"
"img004785.jpg","Chuối xiêm","Trái","Xanh"
"img004786.jpg","Chuối xiêm","Trái","Xanh"
"img004787.jpg","Chuối xiêm","Trái","Xanh"
"img004788.jpg","Chuối xiêm","Trái","Xanh"
"img004789.jpg","Chuối xiêm","Trái","Xanh"
"img004790.jpg","Chuối xiêm","Trái","Xanh"
"img004791.jpg","Chuối xiêm","Trái","Xanh"
"img004792.jpg","Chuối xiêm","Trái","Xanh"
"img004793.jpg","Chuối xiêm","Trái","Xanh"
"img004794.jpg","Chuối xiêm","Trái","Xanh"
"img004795.jpg","Chuối xiêm","Trái","Xanh"
"img004796.jpg","Chuối xiêm","Trái","Xanh"
"img004797.jpg","Chuối xiêm","Trái","Xanh"
"img004798.jpg","Chuối xiêm","Trái","Xanh"
"img004799.jpg","Chuối xiêm","Trái","Xanh"
"img004800.jpg","Chuối xiêm","Trái","Xanh"
"img004801.jpg","Chuối xiêm","Trái","Xanh"
"img004802.jpg","Chuối xiêm","Trái","Xanh"
"img004803.jpg","Chuối xiêm","Trái","Xanh"
"img004804.jpg","Chuối xiêm","Trái","Xanh"
"img004805.jpg","Chuối xiêm","Trái","Xanh"
"img004806.jpg","Chuối xiêm","Trái","Xanh"
"img004807.jpg","Chuối xiêm","Trái","Xanh"
"img004808.jpg","Chuối xiêm","Trái","Xanh"
"img004809.jpg","Chuối xiêm","Trái","Xanh"
"img004810.jpg","Chuối xiêm","Trái","Xanh"
"img004811.jpg","Chuối xiêm","Trái","Xanh"
"img004812.jpg","Chuối xiêm","Trái","Xanh"
"img004813.jpg","Chuối xiêm","Trái","Xanh"
"img004814.jpg","Chuối xiêm","Trái","Xanh"
"img004815.jpg","Chuối xiêm","Trái","Xanh"
"img004816.jpg","Chuối xiêm","Trái","Xanh"
"img004817.jpg","Chuối xiêm","Trái","Xanh"
"img004818.jpg","Chuối xiêm","Trái","Xanh"
"img004819.jpg","Chuối xiêm","Trái","Xanh"
"img004820.jpg","Chuối xiêm","Trái","Xanh"
"img004821.jpg","Chuối xiêm","Trái","Xanh"
"img004822.jpg","Chuối xiêm","Trái","Xanh"
"img004823.jpg","Chuối xiêm","Trái","Xanh"
"img004824.jpg","Chuối xiêm","Trái","Xanh"
"img004825.jpg","Chuối xiêm","Trái","Xanh"
"img004826.jpg","Chuối xiêm","Trái","Xanh"
"img004827.jpg","Chuối xiêm","Trái","Xanh"
"img004828.jpg","Chuối xiêm","Trái","Xanh"
"img004829.jpg","Chuối xiêm","Trái","Xanh"
"img004830.jpg","Chuối xiêm","Trái","Xanh"
"img004831.jpg","Chuối xiêm","Trái","Xanh"
"img004832.jpg","Chuối xiêm","Trái","Xanh"
"img004833.jpg","Chuối xiêm","Trái","Xanh"
"img004834.jpg","Chuối xiêm","Trái","Xanh"
"img004835.jpg","Chuối xiêm","Trái","Xanh"
"img004836.jpg","Chuối xiêm","Trái","Xanh"
"img004837.jpg","Chuối xiêm","Trái","Xanh"
"img004838.jpg","Chuối xiêm","Trái","Xanh"
"img004839.jpg","Chuối xiêm","Trái","Xanh"
"img004840.jpg","Chuối xiêm","Trái","Xanh"
"img004841.jpg","Chuối xiêm","Trái","Xanh"
"img004842.jpg","Chuối xiêm","Trái","Xanh"
"img004843.jpg","Chuối xiêm","Trái","Xanh"
"img004844.jpg","Chuối xiêm","Trái","Xanh"
"img004845.jpg","Chuối xiêm","Trái","Xanh"
"img004846.jpg","Chuối xiêm","Trái","Xanh"
"img004847.jpg","Chuối xiêm","Trái","Xanh"
"img004848.jpg","Chuối xiêm","Trái","Xanh"
"img004849.jpg","Chuối xiêm","Trái","Xanh"
"img004850.jpg","Chuối xiêm","Trái","Xanh"
"img004851.jpg","Chuối xiêm","Trái","Xanh"
"img004852.jpg","Chuối xiêm","Trái","Xanh"
"img004853.jpg","Chuối xiêm","Trái","Xanh"
"img004854.jpg","Chuối xiêm","Trái","Xanh"
"img004855.jpg","Chuối xiêm","Trái","Xanh"
"img004856.jpg","Chuối xiêm","Trái","Xanh"
"img004857.jpg","Chuối xiêm","Trái","Xanh"
"img004858.jpg","Chuối xiêm","Trái","Xanh"
"img004859.jpg","Chuối xiêm","Trái","Xanh"
"img004860.jpg","Chuối xiêm","Trái","Xanh"
"img004861.jpg","Chuối xiêm","Trái","Xanh"
"img004862.jpg","Chuối xiêm","Trái","Xanh"
"img004863.jpg","Chuối xiêm","Trái","Xanh"
"img004864.jpg","Chuối xiêm","Trái","Xanh"
"img004865.jpg","Chuối xiêm","Trái","Xanh"
"img004866.jpg","Chuối xiêm","Trái","Xanh"
"img004867.jpg","Chuối xiêm","Trái","Xanh"
"img004868.jpg","Chuối xiêm","Trái","Xanh"
"img004869.jpg","Chuối xiêm","Trái","Xanh"
"img004870.jpg","Chuối xiêm","Trái","Xanh"
"img004871.jpg","Chuối xiêm","Trái","Xanh"
"img004872.jpg","Chuối xiêm","Trái","Xanh"
"img004873.jpg","Chuối xiêm","Trái","Xanh"
"img004874.jpg","Chuối xiêm","Trái","Xanh"
"img004875.jpg","Chuối xiêm","Trái","Xanh"
"img004876.jpg","Chuối xiêm","Trái","Xanh"
"img004877.jpg","Chuối xiêm","Trái","Xanh"
"img004878.jpg","Chuối xiêm","Trái","Xanh"
"img004879.jpg","Chuối xiêm","Trái","Xanh"
"img004880.jpg","Chuối xiêm","Trái","Xanh"
"img004881.jpg","Chuối xiêm","Trái","Xanh"
"img004882.jpg","Chuối xiêm","Trái","Xanh"
"img004883.jpg","Chuối xiêm","Trái","Xanh"
"img004884.jpg","Chuối xiêm","Trái","Xanh"
"img004885.jpg","Chuối xiêm","Trái","Xanh"
"img004886.jpg","Chuối xiêm","Trái","Xanh"
"img004887.jpg","Chuối xiêm","Trái","Xanh"
"img004888.jpg","Chuối xiêm","Trái","Xanh"
"img004889.jpg","Chuối xiêm","Trái","Xanh"
"img004890.jpg","Chuối xiêm","Trái","Xanh"
"img004891.jpg","Chuối xiêm","Trái","Xanh"
"img004892.jpg","Chuối xiêm","Trái","Xanh"
"img004893.jpg","Chuối xiêm","Trái","Xanh"
"img004894.jpg","Chuối xiêm","Trái","Xanh"
"img004895.jpg","Chuối xiêm","Trái","Xanh"
"img004896.jpg","Chuối xiêm","Trái","Xanh"
"img004897.jpg","Chuối xiêm","Trái","Xanh"
"img004898.jpg","Chuối xiêm","Trái","Xanh"
"img004899.jpg","Chuối xiêm","Trái","Xanh"
"img004900.jpg","Chuối xiêm","Trái","Xanh"
"img004901.jpg","Chuối xiêm","Trái","Xanh"
"img004902.jpg","Chuối xiêm","Trái","Xanh"
"img004903.jpg","Chuối xiêm","Trái","Xanh"
"img004904.jpg","Chuối xiêm","Trái","Xanh"
"img004905.jpg","Chuối xiêm","Trái","Xanh"
"img004906.jpg","Chuối xiêm","Trái","Xanh"
"img004907.jpg","Chuối xiêm","Trái","Xanh"
"img004908.jpg","Chuối xiêm","Trái","Xanh"
"img004909.jpg","Chuối xiêm","Trái","Xanh"
"img004910.jpg","Chuối xiêm","Trái","Xanh"
"img004911.jpg","Chuối xiêm","Trái","Xanh"
"img004912.jpg","Chuối xiêm","Trái","Xanh"
"img004913.jpg","Chuối xiêm","Trái","Xanh"
"img004914.jpg","Chuối xiêm","Trái","Xanh"
"img004915.jpg","Chuối xiêm","Trái","Xanh"
"img004916.jpg","Chuối xiêm","Trái","Xanh"
"img004917.jpg","Chuối xiêm","Trái","Xanh"
"img004918.jpg","Chuối xiêm","Trái","Xanh"
"img004919.jpg","Chuối xiêm","Trái","Xanh"
"img004920.jpg","Chuối xiêm","Trái","Xanh"
"img004921.jpg","Chuối xiêm","Trái","Xanh"
"img004922.jpg","Chuối xiêm","Trái","Xanh"
"img004923.jpg","Chuối xiêm","Trái","Xanh"
"img004924.jpg","Chuối xiêm","Trái","Xanh"
"img004925.jpg","Chuối xiêm","Trái","Xanh"
"img004926.jpg","Chuối xiêm","Trái","Xanh"
"img004927.jpg","Chuối xiêm","Trái","Xanh"
"img004928.jpg","Chuối xiêm","Trái","Xanh"
"img004929.jpg","Chuối xiêm","Trái","Xanh"
"img004930.jpg","Chuối xiêm","Trái","Xanh"
"img004931.jpg","Chuối xiêm","Trái","Xanh"
"img004932.jpg","Chuối xiêm","Trái","Xanh"
"img004933.jpg","Chuối xiêm","Trái","Xanh"
"img004934.jpg","Chuối xiêm","Trái","Xanh"
"img004935.jpg","Chuối xiêm","Trái","Xanh"
"img004936.jpg","Chuối xiêm","Trái","Xanh"
"img004937.jpg","Chuối xiêm","Trái","Xanh"
"img004938.jpg","Chuối xiêm","Trái","Xanh"
"img004939.jpg","Chuối xiêm","Trái","Xanh"
"img004940.jpg","Chuối xiêm","Trái","Xanh"
"img004941.jpg","Chuối xiêm","Trái","Xanh"
"img004942.jpg","Chuối xiêm","Trái","Xanh"
"img004943.jpg","Chuối xiêm","Trái","Xanh"
"img004944.jpg","Chuối xiêm","Trái","Xanh"
"img004945.jpg","Chuối xiêm","Trái","Xanh"
"img004946.jpg","Chuối xiêm","Trái","Xanh"
"img004947.jpg","Chuối xiêm","Trái","Xanh"
"img004948.jpg","Chuối xiêm","Trái","Xanh"
"img004949.jpg","Chuối xiêm","Trái","Xanh"
"img004950.jpg","Chuối xiêm","Trái","Xanh"
"img004951.jpg","Chuối xiêm","Trái","Xanh"
"img004952.jpg","Chuối xiêm","Trái","Xanh"
"img004953.jpg","Chuối xiêm","Trái","Xanh"
"img004954.jpg","Chuối xiêm","Trái","Xanh"
"img004955.jpg","Chuối xiêm","Trái","Xanh"
"img004956.jpg","Chuối xiêm","Trái","Xanh"
"img004957.jpg","Chuối xiêm","Trái","Xanh"
"img004958.jpg","Chuối xiêm","Trái","Xanh"
"img004959.jpg","Chuối xiêm","Trái","Xanh"
"img004960.jpg","Chuối xiêm","Trái","Xanh"
"img004961.jpg","Chuối xiêm","Trái","Xanh"
"img004962.jpg","Chuối xiêm","Trái","Xanh"
"img004963.jpg","Chuối xiêm","Trái","Xanh"
"img004964.jpg","Chuối xiêm","Trái","Xanh"
"img004965.jpg","Chuối xiêm","Trái","Xanh"
"img004966.jpg","Chuối xiêm","Trái","Xanh"
"img004967.jpg","Chuối xiêm","Trái","Xanh"
"img004968.jpg","Chuối xiêm","Trái","Xanh"
"img004969.jpg","Chuối xiêm","Trái","Xanh"
"img004970.jpg","Chuối xiêm","Trái","Xanh"
"img004971.jpg","Chuối xiêm","Trái","Xanh"
"img004972.jpg","Chuối xiêm","Trái","Xanh"
"img004973.jpg","Chuối xiêm","Trái","Xanh"
"img004974.jpg","Chuối xiêm","Trái","Xanh"
"img004975.jpg","Chuối xiêm","Trái","Xanh"
"img004976.jpg","Chuối xiêm","Trái","Xanh"
"img004977.jpg","Chuối xiêm","Trái","Xanh"
"img004978.jpg","Chuối xiêm","Trái","Xanh"
"img004979.jpg","Chuối xiêm","Trái","Xanh"
"img004980.jpg","Chuối xiêm","Trái","Xanh"
"img004981.jpg","Chuối xiêm","Trái","Xanh"
"img004982.jpg","Chuối xiêm","Trái","Xanh"
"img004983.jpg","Chuối xiêm","Trái","Xanh"
"img004984.jpg","Chuối xiêm","Trái","Xanh"
"img004985.jpg","Chuối xiêm","Trái","Xanh"
"img004986.jpg","Chuối xiêm","Trái","Xanh"
"img004987.jpg","Chuối xiêm","Trái","Xanh"
"img004988.jpg","Chuối xiêm","Trái","Xanh"
"img004989.jpg","Chuối xiêm","Trái","Xanh"
"img004990.jpg","Chuối xiêm","Trái","Xanh"
"img004991.jpg","Chuối xiêm","Trái","Xanh"
"img004992.jpg","Chuối xiêm","Trái","Xanh"
"img004993.jpg","Chuối xiêm","Trái","Xanh"
"img004994.jpg","Chuối xiêm","Trái","Xanh"
"img004995.jpg","Chuối xiêm","Trái","Xanh"
"img004996.jpg","Chuối xiêm","Trái","Xanh"
"img004997.jpg","Chuối xiêm","Trái","Xanh"
"img004998.jpg","Chuối xiêm","Trái","Xanh"
"img004999.jpg","Chuối xiêm","Trái","Xanh"
"img005000.jpg","Chuối xiêm","Trái","Xanh"
"img005001.jpg","Chuối xiêm","Trái","Xanh"
"img005002.jpg","Chuối xiêm","Trái","Xanh"
"img005003.jpg","Chuối xiêm","Trái","Xanh"
"img005004.jpg","Chuối xiêm","Trái","Xanh"
"img005005.jpg","Chuối xiêm","Trái","Xanh"
"img005006.jpg","Chuối xiêm","Trái","Xanh"
"img005007.jpg","Chuối xiêm","Trái","Xanh"
"img005008.jpg","Chuối xiêm","Trái","Xanh"
"img005009.jpg","Chuối xiêm","Trái","Xanh"
"img005010.jpg","Chuối xiêm","Trái","Xanh"
"img005011.jpg","Chuối xiêm","Trái","Xanh"
"img005012.jpg","Chuối xiêm","Trái","Xanh"
"img005013.jpg","Chuối xiêm","Trái","Xanh"
"img005014.jpg","Chuối xiêm","Trái","Xanh"
"img005015.jpg","Chuối xiêm","Trái","Xanh"
"img005016.jpg","Chuối xiêm","Trái","Xanh"
"img005017.jpg","Chuối xiêm","Trái","Xanh"
"img005018.jpg","Chuối xiêm","Trái","Xanh"
"img005019.jpg","Chuối xiêm","Trái","Xanh"
"img005020.jpg","Chuối xiêm","Trái","Xanh"
"img005021.jpg","Chuối xiêm","Trái","Xanh"
"img005022.jpg","Chuối xiêm","Trái","Xanh"
"img005023.jpg","Chuối xiêm","Trái","Xanh"
"img005024.jpg","Chuối xiêm","Trái","Xanh"
"img005025.jpg","Chuối xiêm","Trái","Xanh"
"img005026.jpg","Chuối xiêm","Trái","Xanh"
"img005027.jpg","Chuối xiêm","Trái","Xanh"
"img005028.jpg","Chuối xiêm","Trái","Xanh"
"img005029.jpg","Chuối xiêm","Trái","Xanh"
"img005030.jpg","Chuối xiêm","Trái","Xanh"
"img005031.jpg","Chuối xiêm","Trái","Xanh"
"img005032.jpg","Chuối xiêm","Trái","Xanh"
"img005033.jpg","Chuối xiêm","Trái","Xanh"
"img005034.jpg","Chuối xiêm","Trái","Xanh"
"img005035.jpg","Chuối xiêm","Trái","Xanh"
"img005036.jpg","Chuối xiêm","Trái","Xanh"
"img005037.jpg","Chuối xiêm","Trái","Xanh"
"img005038.jpg","Chuối xiêm","Trái","Xanh"
"img005039.jpg","Chuối xiêm","Trái","Xanh"
"img005040.jpg","Chuối xiêm","Trái","Xanh"
"img005041.jpg","Chuối xiêm","Trái","Xanh"
"img005042.jpg","Chuối xiêm","Trái","Xanh"
"img005043.jpg","Chuối xiêm","Trái","Xanh"
"img005044.jpg","Chuối xiêm","Trái","Xanh"
"img005045.jpg","Chuối xiêm","Trái","Xanh"
"img005046.jpg","Chuối xiêm","Trái","Xanh"
"img005047.jpg","Chuối xiêm","Trái","Xanh"
"img005048.jpg","Chuối xiêm","Trái","Xanh"
"img005049.jpg","Chuối xiêm","Trái","Xanh"
"img005050.jpg","Chuối xiêm","Trái","Xanh"
"img005051.jpg","Chuối xiêm","Trái","Xanh"
"img005052.jpg","Chuối xiêm","Trái","Xanh"
"img005053.jpg","Chuối xiêm","Trái","Xanh"
"img005054.jpg","Chuối xiêm","Trái","Xanh"
"img005055.jpg","Chuối xiêm","Trái","Xanh"
"img005056.jpg","Chuối xiêm","Trái","Xanh"
"img005057.jpg","Chuối xiêm","Trái","Xanh"
"img005058.jpg","Chuối xiêm","Trái","Xanh"
"img005059.jpg","Chuối xiêm","Trái","Xanh"
"img005060.jpg","Chuối xiêm","Trái","Xanh"
"img005061.jpg","Chuối xiêm","Trái","Xanh"
"img005062.jpg","Chuối xiêm","Trái","Xanh"
"img005063.jpg","Chuối xiêm","Trái","Xanh"
"img005064.jpg","Chuối xiêm","Trái","Xanh"
"img005065.jpg","Chuối xiêm","Trái","Xanh"
"img005066.jpg","Chuối xiêm","Trái","Xanh"
"img005067.jpg","Chuối xiêm","Trái","Xanh"
"img005068.jpg","Chuối xiêm","Trái","Xanh"
"img005069.jpg","Chuối xiêm","Trái","Xanh"
"img005070.jpg","Chuối xiêm","Trái","Xanh"
"img005071.jpg","Chuối xiêm","Trái","Xanh"
"img005072.jpg","Chuối xiêm","Trái","Xanh"
"img005073.jpg","Chuối xiêm","Trái","Xanh"
"img005074.jpg","Chuối xiêm","Trái","Xanh"
"img005075.jpg","Chuối xiêm","Trái","Xanh"
"img005076.jpg","Chuối xiêm","Trái","Xanh"
"img005077.jpg","Chuối xiêm","Trái","Xanh"
"img005078.jpg","Chuối xiêm","Trái","Xanh"
"img005079.jpg","Chuối xiêm","Trái","Xanh"
"img005080.jpg","Chuối xiêm","Trái","Xanh"
"img005081.jpg","Chuối xiêm","Trái","Xanh"
"img005082.jpg","Chuối xiêm","Trái","Xanh"
"img005083.jpg","Chuối xiêm","Trái","Xanh"
"img005084.jpg","Chuối xiêm","Trái","Xanh"
"img005085.jpg","Chuối xiêm","Trái","Xanh"
"img005086.jpg","Chuối xiêm","Trái","Xanh"
"img005087.jpg","Chuối xiêm","Trái","Xanh"
"img005088.jpg","Chuối xiêm","Trái","Xanh"
"img005089.jpg","Chuối xiêm","Trái","Xanh"
"img005090.jpg","Chuối xiêm","Trái","Xanh"
"img005091.jpg","Chuối xiêm","Trái","Xanh"
"img005092.jpg","Chuối xiêm","Trái","Xanh"
"img005093.jpg","Chuối xiêm","Trái","Xanh"
"img005094.jpg","Chuối xiêm","Trái","Xanh"
"img005095.jpg","Chuối xiêm","Trái","Xanh"
"img005096.jpg","Chuối xiêm","Trái","Xanh"
"img005097.jpg","Chuối xiêm","Trái","Xanh"
"img005098.jpg","Chuối xiêm","Trái","Xanh"
"img005099.jpg","Chuối xiêm","Trái","Xanh"
"img005100.jpg","Chuối xiêm","Trái","Xanh"
"img005101.jpg","Chuối xiêm","Trái","Xanh"
"img005102.jpg","Chuối xiêm","Trái","Xanh"
"img005103.jpg","Chuối xiêm","Trái","Xanh"
"img005104.jpg","Chuối xiêm","Trái","Xanh"
"img005105.jpg","Chuối xiêm","Trái","Xanh"
"img005106.jpg","Chuối xiêm","Trái","Xanh"
"img005107.jpg","Chuối xiêm","Trái","Xanh"
"img005108.jpg","Chuối xiêm","Trái","Xanh"
"img005109.jpg","Chuối xiêm","Trái","Xanh"
"img005110.jpg","Chuối xiêm","Trái","Xanh"
"img005111.jpg","Chuối xiêm","Trái","Xanh"
"img005112.jpg","Chuối xiêm","Trái","Xanh"
"img005113.jpg","Chuối xiêm","Trái","Xanh"
"img005114.jpg","Chuối xiêm","Trái","Xanh"
"img005115.jpg","Chuối xiêm","Trái","Xanh"
"img005116.jpg","Chuối xiêm","Trái","Xanh"
"img005117.jpg","Chuối xiêm","Trái","Xanh"
"img005118.jpg","Chuối xiêm","Trái","Xanh"
"img005119.jpg","Chuối xiêm","Trái","Xanh"
"img005120.jpg","Chuối xiêm","Trái","Xanh"
"img005121.jpg","Chuối xiêm","Trái","Xanh"
"img005122.jpg","Chuối xiêm","Trái","Xanh"
"img005123.jpg","Chuối xiêm","Trái","Xanh"
"img005124.jpg","Chuối xiêm","Trái","Xanh"
"img005125.jpg","Chuối xiêm","Trái","Xanh"
"img005126.jpg","Chuối xiêm","Trái","Xanh"
"img005127.jpg","Chuối xiêm","Trái","Xanh"
"img005128.jpg","Chuối xiêm","Trái","Xanh"
"img005129.jpg","Chuối xiêm","Trái","Xanh"
"img005130.jpg","Chuối xiêm","Trái","Xanh"
"img005131.jpg","Chuối xiêm","Trái","Xanh"
"img005132.jpg","Chuối xiêm","Trái","Xanh"
"img005133.jpg","Chuối xiêm","Trái","Xanh"
"img005134.jpg","Chuối xiêm","Trái","Xanh"
"img005135.jpg","Chuối xiêm","Trái","Xanh"
"img005136.jpg","Chuối xiêm","Trái","Xanh"
"img005137.jpg","Chuối xiêm","Trái","Xanh"
"img005138.jpg","Chuối xiêm","Trái","Xanh"
"img005139.jpg","Chuối xiêm","Trái","Xanh"
"img005140.jpg","Chuối xiêm","Trái","Xanh"
"img005141.jpg","Chuối xiêm","Trái","Xanh"
"img005142.jpg","Chuối xiêm","Trái","Xanh"
"img005143.jpg","Chuối xiêm","Trái","Xanh"
"img005144.jpg","Chuối xiêm","Trái","Xanh"
"img005145.jpg","Chuối xiêm","Trái","Xanh"
"img005146.jpg","Chuối xiêm","Trái","Xanh"
"img005147.jpg","Chuối xiêm","Trái","Xanh"
"img005148.jpg","Chuối xiêm","Trái","Xanh"
"img005149.jpg","Chuối xiêm","Trái","Xanh"
"img005150.jpg","Chuối xiêm","Trái","Xanh"
"img005151.jpg","Chuối xiêm","Trái","Xanh"
"img005152.jpg","Chuối xiêm","Trái","Xanh"
"img005153.jpg","Chuối xiêm","Trái","Xanh"
"img005154.jpg","Chuối xiêm","Trái","Xanh"
"img005155.jpg","Chuối xiêm","Trái","Xanh"
"img005156.jpg","Chuối xiêm","Trái","Xanh"
"img005157.jpg","Chuối xiêm","Trái","Xanh"
"img005158.jpg","Chuối xiêm","Trái","Xanh"
"img005159.jpg","Chuối xiêm","Trái","Xanh"
"img005160.jpg","Chuối xiêm","Trái","Xanh"
"img005161.jpg","Chuối xiêm","Trái","Xanh"
"img005162.jpg","Chuối xiêm","Trái","Xanh"
"img005163.jpg","Chuối xiêm","Trái","Xanh"
"img005164.jpg","Chuối xiêm","Trái","Xanh"
"img005165.jpg","Chuối xiêm","Trái","Xanh"
"img005166.jpg","Chuối xiêm","Trái","Xanh"
"img005167.jpg","Chuối xiêm","Trái","Xanh"
"img005168.jpg","Chuối xiêm","Trái","Xanh"
"img005169.jpg","Chuối xiêm","Trái","Xanh"
"img005170.jpg","Chuối xiêm","Trái","Xanh"
"img005171.jpg","Chuối xiêm","Trái","Xanh"
"img005172.jpg","Chuối xiêm","Trái","Xanh"
"img005173.jpg","Chuối xiêm","Trái","Xanh"
"img005174.jpg","Chuối xiêm","Trái","Xanh"
"img005175.jpg","Chuối xiêm","Trái","Xanh"
"img005176.jpg","Chuối xiêm","Trái","Xanh"
"img005177.jpg","Chuối xiêm","Trái","Xanh"
"img005178.jpg","Chuối xiêm","Trái","Xanh"
"img005179.jpg","Chuối xiêm","Trái","Xanh"
"img005180.jpg","Chuối xiêm","Trái","Xanh"
"img005181.jpg","Chuối xiêm","Trái","Xanh"
"img005182.jpg","Chuối xiêm","Trái","Xanh"
"img005183.jpg","Chuối xiêm","Trái","Xanh"
"img005184.jpg","Chuối xiêm","Trái","Xanh"
"img005185.jpg","Chuối xiêm","Trái","Xanh"
"img005186.jpg","Chuối xiêm","Trái","Xanh"
"img005187.jpg","Chuối xiêm","Trái","Xanh"
"img005188.jpg","Chuối xiêm","Trái","Xanh"
"img005189.jpg","Chuối xiêm","Trái","Xanh"
"img005190.jpg","Chuối xiêm","Trái","Xanh"
"img005191.jpg","Chuối xiêm","Trái","Xanh"
"img005192.jpg","Chuối xiêm","Trái","Xanh"
"img005193.jpg","Chuối xiêm","Trái","Xanh"
"img005194.jpg","Chuối xiêm","Trái","Xanh"
"img005195.jpg","Chuối xiêm","Trái","Xanh"
"img005196.jpg","Chuối xiêm","Trái","Xanh"
"img005197.jpg","Chuối xiêm","Trái","Xanh"
"img005198.jpg","Chuối xiêm","Trái","Xanh"
"img005199.jpg","Chuối xiêm","Trái","Xanh"
"img005200.jpg","Chuối xiêm","Trái","Xanh"
"img005201.jpg","Chuối xiêm","Trái","Xanh"
